label,value_index,text,extra
GUI:GameOptions,1,GAME OPTIONS,
GUI:SinglePlayer,1,SOLO PLAY,
GUI:Network,1,NETWORK,
GUI:Options,1,OPTIONS,
GUI:Skirmish,1,SKIRMISH,
GUI:Back,1,BACK,
GUI:StartGame,1,PLAY GAME,
GUI:Color,1,Color,
GUI:Slower,1,Slower,
GUI:Faster,1,Faster,
GUI:Low,1,Low,
GUI:Medium,1,Medium,
GUI:High,1,High,
GUI:None,1,None,
GUI:Random,1,Random,
GUI:Cancel,1,CANCEL,
GUI:Ok,1,OK,
GUI:Delete,1,Remove,
GUI:Description,1,Description,
GUI:Load,1,LOAD,
GUI:Progress,1,Progress,
GUI:Assign,1,Assign,
GUI:CustomizeKeyboard,1,Customize Keyboard,
GUI:Category,1,Category,
GUI:Commands,1,Commands,
GUI:ResetAll,1,Reset All,
GUI:DisplayOptions,1,DISPLAY OPTIONS,
GUI:KeyboardOptions,1,Keyboard Options,
GUI:MainMenu,1,EXIT,
GUI:Units,1,Units,
GUI:Buildings,1,Buildings,
GUI:Players,1,Players,
GUI:Preview,1,Map Preview,
GUI:Save,1,Save,
GUI:Side,1,Army,
GUI:Accept,1,ACCEPT,
GUI:Games,1,Games,
GUI:Join,1,JOIN GAME,
GUI:LoadGame,1,LOAD GAME,
GUI:SaveGame,1,SAVE GAME,
GUI:Score,1,Score,
GUI:Add,1,Add,
GUI:MusicVolume,1,Music Volume,
GUI:VoiceVolume,1,Voice Volume,
GUI:Play,1,Play Game,
GUI:Stop,1,STOP,
GUI:Continue,1,Continue,
GUI:MaxPing,1,Max Ping Allowed:,
GUI:Ladder,1,Ladder,
GUI:Close,1,Close,
GUI:Help,1,Help,
GUI:Rank,1,Rank,
GUI:Password,1,Password,
GUI:Disconnect,1,DISCONNECT,
GUI:No,1,NO,
GUI:Yes,1,YES,
GUI:Blank,1,,
GUI:Open,1,Open,
GUI:Closed,1,Closed,
GUI:Login,1,LOGIN,
GUI:WOLWelcome,1,"Welcome to Generals Online, %hs",
GUI:QuickMatch,1,QUICKMATCH,
GUI:CustomMatch,1,CUSTOM MATCH,
GUI:LadderRank,1,Ladder Rank,
GUI:Disconnects,1,Disconnects,
GUI:CreateGame,1,CREATE GAME,
GUI:AutoLogin,1,Auto Login in the Future,
GUI:AddBuddy,1,Add Buddy,
GUI:RemoveBuddy,1,Remove Buddy,
GUI:AudioOptions,1,AUDIO OPTIONS,
GUI:LadderWins,1,Ladder Wins,
GUI:LadderLosses,1,Ladder Losses,
GUI:LadderPoints,1,Ladder Points,
WOL:BuddyOffline,1,%ls is offline,
WOL:Locale00,1,Unknown,
WOL:Locale01,1,Other Location,
WOL:Locale02,1,United States,
WOL:Locale03,1,Canada,
WOL:Locale04,1,United Kingdom,
WOL:Locale05,1,Germany,
WOL:Locale06,1,France,
WOL:Locale07,1,Spain,
WOL:Locale08,1,Netherlands,
WOL:Locale09,1,Belgium,
WOL:Locale10,1,Austria,
WOL:Locale11,1,Switzerland,
WOL:Locale12,1,Italy,
WOL:Locale13,1,Denmark,
WOL:Locale14,1,Sweden,
WOL:Locale15,1,Norway,
WOL:Locale16,1,Finland,
WOL:Locale17,1,Israel,
WOL:Locale18,1,South Africa,
WOL:Locale19,1,Japan,
WOL:Locale20,1,Korea,
WOL:Locale21,1,China,
WOL:Locale22,1,Singapore,
WOL:Locale23,1,Taiwan,
WOL:Locale24,1,Malaysia,
WOL:Locale25,1,Australia,
WOL:Locale26,1,New Zealand,
WOL:Locale27,1,Brazil,
WOL:Locale28,1,Thailand,
WOL:Locale29,1,Argentina,
WOL:Locale30,1,Philippines,
WOL:Locale31,1,Greece,
WOL:Locale32,1,Ireland,
WOL:Locale33,1,Poland,
WOL:Locale34,1,Portugal,
WOL:Locale35,1,Mexico,
WOL:Locale36,1,Russia,
WOL:Locale37,1,Turkey,
GUI:Observer,1,Observer,
GUI:Team,1,Team,
LETTER:G,1,G,
LETTER:L,1,L,
LETTER:M,1,M,
LETTER:S,1,S,
LETTER:O,1,O,
NUMBER:1,1,1,
NUMBER:2,1,2,
NUMBER:3,1,3,
NUMBER:4,1,4,
NUMBER:5,1,5,
NUMBER:6,1,6,
NUMBER:7,1,7,
NUMBER:8,1,8,
NUMBER:9,1,9,
NUMBER:0,1,0,
Color:Gold,1,Gold,
Color:Red,1,Red,
Color:Blue,1,Blue,
Color:Green,1,Green,
Color:Orange,1,Orange,
Color:SkyBlue,1,Cyan,
Color:Purple,1,Purple,
Color:Pink,1,Pink,
MSG:Testing,1,"Mary had a little lamb, it's fleece as white as snow.",
MSG:Test2,1,"And everywhere that Mary when, the lamb was sure to go.",
GUI:ShowBehindBuildings,1,Heat signature behind buildings ON,
GUI:HideBehindBuildings,1,Heat signature behind buildings OFF,
GUI:DetailsSetToLowest,1,Low graphics detail,
GUI:ReturnGraphicsToPreviousSettings,1,Setting your graphic details to their previous settings,
GUI:BeaconLabel,1,Type message:,
GUI:Beacon,1,Beacon,
GUI:EACopyright,1,© 2003 ELECTRONIC ARTS INC. ALL RIGHTS RESERVED.,
GUI:DeleteBeacon,1,"Delete 
 Beacon",
GUI:BeaconPlaced,1,A Beacon was placed by %ls.,
GUI:BeaconPlacementFailed,1,Cannot place Beacon here,
GUI:TooManyBeacons,1,"Sorry, you can't place any more Beacons",
GUI:EA,1,EA,
GUI:TestBrowser,1,Test Browser,
GUI:Multiplayer,1,MULTIPLAYER,
GUI:GameName,1,Game Name:,
GUI:NoFileSelected,1,PLEASE SELECT A FILE,
GUI:PleaseSelectAFile,1,Please select a file.,
GUI:DeleteFile,1,DELETE FILE?,
GUI:AreYouSureDelete,1,Are you sure you would like to delete the selected file?,
GUI:CopyFileToDesktop,1,COPY REPLAY TO DESKTOP?,
GUI:AreYouSureCopy,1,Are you sure you want to copy this file to the Desktop? This will overwrite any file with the same name.,
GUI:ErrorCopyingFile,1,THERE WAS AN ERROR COPYING THE FILE.,
GUI:LoadReplay,1,LOAD REPLAY,
GUI:DeleteReplay,1,DELETE REPLAY,
GUI:CopyReplay,1,COPY REPLAY,
GUI:ErrorDeletingFile,1,THERE WAS AN ERROR DELETING THE FILE.,
GUI:ShortDescription,1,Short description of the game:,
GUI:LadderName,1,Ladder Name:,
GUI:LadderPassword,1,Ladder Password,
GUI:LadderURL,1,Homepage: %hs,
GUI:LadderHasPassword,1,This Ladder is password protected.,
GUI:LadderMinWins,1,Minimum wins required: %d,
GUI:LadderMaxWins,1,Maximum wins allowed: %d,
GUI:LadderFactions,1,Allowed army factions:,
GUI:LadderRandomFactions,1,Random army factions:,
GUI:LadderMaps,1,Allowed maps:,
GUI:LadderRandomMaps,1,Random maps:,
GUI:AllowObservers,1,Allow Observers,
GUI:USA,1,USA,
GUI:China,1,China,
GUI:GLA,1,GLA,
GUI:AmericaAllies,1,USA Allies,
GUI:ChinaAllies,1,China Allies,
GUI:GLAAllies,1,GLA Allies,
GUI:AmericaEnemies,1,USA Enemies,
GUI:ChinaEnemies,1,China Enemies,
GUI:GLAEnemies,1,GLA Enemies,
GUI:EndCampaign,1,End Campaign,
GUI:Retry,1,PLAY AGAIN?,
GUI:RecentSave,1,Recent Save,
GUI:GetUpdate,1,Get Update,
GUI:DirectConnect,1,DIRECT CONNECT,
GUI:WorldBuilder,1,WORLD BUILDER,
GUI:WorldBuilderLoadFailed,1,World Builder failed to load.,
GUI:DontUseAccount,1,Don't Use Account,
GUI:UseAccount,1,Use Account,
GUI:ScoreScreen,1,Score Screen,
GUI:Rehost,1,PLAY AGAIN?,
GUI:UnitsBuilt,1,"Units 
 Created",
GUI:UnitsLost,1,"Units 
 Lost",
GUI:UnitsKilled,1,"Units 
 Destroyed",
GUI:BuildingsBuilt,1,"Buildings 
 Constructed",
GUI:BuildingsLost,1,"Buildings 
 Lost",
GUI:BuildingsKilled,1,"Buildings 
 Destroyed",
GUI:ResourcesCollected,1,"Supplies 
 Collected",
GUI:QuitPopupTitle,1,EXIT?,
GUI:QuitPopupMessage,1,Are you sure you want to exit?,
GUI:MaxSelectionSize,1,You can only select %d units at one time.,
GUI:MessagesOn,1,Messages Enabled.,
GUI:MissionDescription,1,Mission Description,
GUI:MOTD,1,Message Of The Day,
GUI:DesyncTitle,1,Out of Synch,
GUI:DesyncText,1,"C&C Generals has gone out of synch with the other game particpants. It is possible that the other particpants have modified their versions. C&C Generals cannot continue, however, you may add players to your Ignore List from your Communicator if you choose not to play with them in the future",
GUI:LadderDetails,1,Ladder Info,
GUI:SystemMaps,1,Official Maps,
GUI:UserMaps,1,Unofficial Maps,
GUI:WaitingToBeginConnection,1,Waiting to begin,
GUI:NetgearDelay,1,Send Delay,
GUI:WaitingForManglerResponse,1,Waiting for external Internet Provider response,
GUI:WaitingForMangledPort,1,Waiting for port number,
GUI:WaitingForResponse,1,Waiting for probe response,
GUI:ConnectionDone,1,Connection is completed,
GUI:ConnectionFailed,1,Connection has failed,
GUI:UnknownConnectionState,1,Status of NAT/Firewall is unknown,
GUI:Logout,1,MAIN MENU,
GUI:CancelMapSelect,1,CANCEL,
GUI:Deny,1,Reject,
GUI:Victory,1,Victory,
GUI:Ignore,1,IGNORE,
GUI:Unignore,1,Unignore,
GUI:Stats,1,Persona,
GUI:GetMapPack,1,Download Map Pack,
GUI:Defeat,1,Defeat,
GUI:YouAreVictorious,1,You are Victorious!,
GUI:YouHaveBeenDefeated,1,You have been Defeated,
GUI:PlayerAlive,1,Playing,
GUI:PlayerDead,1,Defeated,
GUI:PlayerObserver,1,Observing,
GUI:PlayerObserverGone,1,AWOL,
GUI:PlayerGone,1,AWOL,
GUI:PlayerName,1,Player Name,
GUI:Info,1,Player Info,
GUI:Players:,1,Players:,
GUI:GameOptions:,1,Game Options:,
GUI:GameName:,1,Game:,
GUI:MapName:,1,Map:,
GUI:SelectMap,1,SELECT MAP,
GUI:SelectAMap,1,SELECT MAP,
GUI:SelectAGame,1,SELECT GAME,
GUI:Start,1,PLAY GAME,
GUI:Host,1,CREATE GAME,
GUI:LocaleSelect,1,SELECT YOUR LOCALE,
GUI:Command&ConquerGenerals,1,Command & Conquer Generals,
GUI:Command&Conquer,1,Command & Conquer,
GUI:Generals,1,Generals,
GUI:GeneralsOnline,1,ONLINE,
GUI:SendDelay,1,Send Delay,
GUI:FirewallRefresh,1,Refresh NAT,
GUI:Exit,1,EXIT GAME,
GUI:X,1,X,
GUI:Campaign,1,CAMPAIGN,
GUI:WestwoodPacific,1,EA Pacific,
GUI:ClickToDisplayGameInfo,1,,
GUI:GameInfo,1,Game Info,
GUI:OptionsDescription,1,Display Game Options Dialog,
GUI:SFXVolume,1,Sound FX Volume,
GUI:3DSound,1,3D Sound,
GUI:ScrollSpeed,1,Scroll Speed,
GUI:Resolution,1,Resolution,
GUI:Resolution0,1,1024x768,
GUI:Resolution1,1,800x600,
GUI:Resolution2,1,640x480,
GUI:Detail,1,Detail,
GUI:???,1,???,
GUI:Faction,1,Army,
GUI:AntiAliasing0,1,Off,
GUI:AntiAliasing1,1,Low,
GUI:AntiAliasing2,1,High,
GUI:IPAddresses,1,LAN IP:,
GUI:MinPointPercent,1,Min Win Percent Required:,
GUI:MaxPointPercent,1,Max Win Percent Allowed:,
GUI:NumPlayers,1,Players:,
GUI:PlayersVersusPlayers,1,%dv%d,
GUI:TimeInMilliseconds,1,%d ms,
GUI:MaxDisconnects,1,Max Disconnects Allowed:,
GUI:Confirm,1,Are you sure?,
GUI:NothingSelected,1,Nothing selected.,
GUI:SelectedAcrossScreen,1,Selected across screen.,
GUI:SelectedAcrossMap,1,Selected across map.,
KEYBOARD:Shift+,1,Shift+,
KEYBOARD:Alt+,1,Alt+,
KEYBOARD:Ctrl+,1,Ctrl+,
TOOLTIP:ScienceCost,1,Cost: %d,
TOOLTIP:Cost,1,Cost: %d,
TOOLTIP:SupplyWarehouse,1,"
 $%d remain",
TOOLTIP:LobbyPlayers,1,Players currently in the Game Lobby,
TOOLTIP:StartWorldBuilder,1,Start the World Builder editor,
TOOLTIP:GetUpdate,1,Download game update,
TOOLTIP:GetMapPack,1,Download new map pack,
TOOLTIP:Skirmish,1,Enter Skirmish setup menu,
TOOLTIP:Online,1,Click to join Generals Online. Test your skills against opponents from around the world!,
TOOLTIP:Network,1,Click to Join the Network Lobby. Test your mettle against your friends over a Local Area Network,
TOOLTIP:Options,1,"Click to modify the game options. You may adjust your video, audio and game preferences",
TOOLTIP:Exit,1,"Exit Generals. Good luck in the field, Commander",
TOOLTIP:ExitGame,1,"Exit Generals. Good luck in the field, Commander",
TOOLTIP:LoadGame,1,Click to load the selected game,
TOOLTIP:MapPreviewWindow,1,Map previews can give you a leg up on the battle to come. Make sure to look for your Supply Docks & Tech Buildings. You may also choose your starting point,
TOOLTIP:SaveGame,1,Click to save your game in progress,
TOOLTIP:AcceptButton,1,Accept your current choice,
TOOLTIP:CopyReplayToDesktop,1,Copy selected Replay file to your Desktop,
TOOLTIP:ProviderType,1,Select your Audio Provider,
TOOLTIP:SpeakerType,1,Select your Speaker Configuration,
TOOLTIP:LANPlayer,1,%ls@%ls,
TOOLTIP:Resolution,1,"Pick a screen resolution for your game. The higher the resolution, the slower your game is likely to play",
TOOLTIP:CommandCategory,1,Pick a category of keyboard command,
TOOLTIP:CommandDescription,1,The description of your selected command,
TOOLTIP:StartPosition,1,Starting Position,
TOOLTIP:SelectMap,1,Select the battlefield you would like to use,
TOOLTIP:Vote,1,Click to vote player out of game in order for you to continue,
TOOLTIP:NumberOfVotes,1,Votes cast to remove player,
TOOLTIP:QuitMultiplayerGame,1,Exit to game menus,
TOOLTIP:RestartGame,1,Restart game with same preferences,
TOOLTIP:Help,1,,
TOOLTIP:StartLocation,1,Starting position,
TOOLTIP:ReturnToGame,1,RETURN TO GAME,
TOOLTIP:CommandList,1,Available commands for the current category,
TOOLTIP:CurrentHotkey,1,Displays the current Hotkey for this command,
TOOLTIP:AssignHotkey,1,Enter your new command Hotkey here,
TOOLTIP:AssignHotkeyCurrent,1,The command this Hotkey is currently assigned to,
TOOLTIP:AssignButton,1,Assigns your chosen Hotkey command,
TOOLTIP:ResetAll,1,Resets all of your keyboard Hotkeys to default,
TOOLTIP:BackButton,1,Return to previous menu,
TOOLTIP:ProviderSelect,1,Select the 3-D Audio Provider. The game has already chosen your optimal set up but you may manually change if you prefer,
TOOLTIP:SpeakerSelect,1,Select your speaker setup. The game has already chosen your optimal set up but you may manually change if you prefer,
TOOLTIP:DontUseAccount,1,Log in without using your Generals Online Account. You will not be able to access your Player Persona or Communicator,
TOOLTIP:CommunicatorButton,1,Contact your buddies,
TOOLTIP:NameButton,1,Sort by game name,
TOOLTIP:PingButton,1,Sort by Ping,
TOOLTIP:UseAccount,1,Join Generals Online,
TOOLTIP:Login,1,Join Generals Online,
TOOLTIP:CreateAccount,1,Create a new Generals Online account,
TOOLTIP:TOS,1,View the Service Terms agreement,
TOOLTIP:RememberInfo,1,Remember login info. Not recommended for computers with multiple users,
TOOLTIP:Back,1,Return to previous screen,
TOOLTIP:BattleHonors,1,The Battle Honors a player has received. Battle Honors are won by achieving certain goals in solo or multiplay,
TOOLTIP:BattleHonorStreak3,1,"Streak Honor(3) 
 Player has won 3 solo or multiplayer online games in a row",
TOOLTIP:BattleHonorStreak5,1,"Streak Honor(5) 
 Player has won 5 solo or multiplayer online games in a row",
TOOLTIP:BattleHonorStreak10,1,"Streak Honor(10) 
 Player has won 10 solo or multiplayer online games in a row",
TOOLTIP:BattleHonorStreak20,1,"Streak Honor(20) 
 Player has won 20 solo or multiplayer online games in a row",
TOOLTIP:BattleHonorLoyaltyUSA,1,"USA Loyalty Honor 
 Player has played 20+ games in a row as the USA",
TOOLTIP:BattleHonorLoyaltyChina,1,"China Loyalty Honor 
 Player has played 20+ games in a row as China",
TOOLTIP:BattleHonorLoyaltyGLA,1,"GLA Loyalty Honor 
 Player has played 20+ games in a row as the GLA",
TOOLTIP:BattleHonorBattleTank,1,"Battle Tank Honor 
 Player has built 50+ tanks in a solo or multiplayer online game",
TOOLTIP:BattleHonorAirWing,1,"Air Wing Honor 
 Player has built 20+ aircraft in a solo or multiplayer online game",
TOOLTIP:BattleHonorEndurance,1,"Endurance Honor 
 Player has beaten every map",
TOOLTIP:BattleHonorCampaignUSA,1,"USA Campaign Honor 
 Player has completed the USA Campaign",
TOOLTIP:BattleHonorCampaignChina,1,"China Campaign Honor 
 Player has completed the China Campaign",
TOOLTIP:BattleHonorCampaignGLA,1,"GLA Campaign Honor 
 Player has completed the GLA Campaign",
TOOLTIP:BattleHonorChallenge,1,"Challenge Honor 
 Player has defeated a Hard computer opponent",
TOOLTIP:ProgressToNextRank,1,Progress until the next rank is acheived,
TOOLTIP:SetLocale,1,Change your current Locale selection,
TOOLTIP:DeleteAccount,1,Delete your current account,
TOOLTIP:AsianText,1,"Click to toggle Asian chat, etc.",
TOOLTIP:NonAsianText,1,"Click to toggle Non Asian chat, etc.",
GUI:AreYouSureDeleteAccount,1,Are you sure you want to permanantly delete your account and all your saved statistics?,
GUI:NonAsianText,1,Non-Asian Text,
GUI:AsianText,1,Asian Text,
GUI:DeleteAccount,1,DELETE ACCOUNT,
GUI:SetLocale,1,SET LOCALE,
GUI:WinLoss,1,Win/Loss,
GUI:FavSide,1,Favorite Army,
GUI:Discons,1,Disconnects,
GUI:BattleHonors,1,Battle Honors,
GUI:TotalBuddys,1,Total Buddys,
GUI:PlayerStatistics,1,"%hs, from %ls",
GUI:TotalBuilt,1,Total Built,
GUI:TotalDeaths,1,Total Deaths,
GUI:TotalKills,1,Total Kills,
GUI:FavoriteUnit,1,Favorite Unit,
GUI:FavoriteSide,1,Favorite Army,
GUI:Loses,1,Losses,
GUI:Wins,1,Wins,
GUI:TotalDesyncs,1,Desyncs,
GUI:TotalDisconnects,1,Disconnects,
GUI:GamesPlayed,1,Games Played,
GUI:TOS,1,SERVICE TERMS,
GUI:RememberInfo,1,Remember my Info,
GUI:HostWantsToStart,1,The Host wants to start. Press the Accept button.,
GUI:PlayerNoMap,1,%ls does not have the map %ls.,
GUI:LocalPlayerNoMap,1,You do not have the map %ls.,
GUI:NeedMorePlayers,1,You need more player(s) to start the game.,
GUI:NotifiedStartIntent,1,The other players have been notified that you want to start the game.,
GUI:HostLeft,1,The host left the game but C&C Generals will continue.,
GUI:HostLeftTitle,1,HOST HAS LEFT,
GUI:WidenSearch,1,WIDEN SEARCH,
GUI:QMAborted,1,Matching aborted,
GUI:DrawScrollAnchor,1,Draw scroll anchor,
GUI:MoveScrollAnchor,1,Move scroll anchor,
GUI:GroupRoom1,1,1 vs 1,
GUI:GroupRoom2,1,2 vs 2,
GUI:GroupRoom3,1,3 vs 3,
GUI:Email,1,Email,
GUI:NoLadder,1,No Ladder,
GUI:ChooseLadder,1,Choose A Ladder,
GUI:UnknownLadder,1,Unknown Ladder,
GUI:WOLLogin,1,GENERALS ONLINE LOG IN,
GUI:PleaseEnterWOLInfo,1,Please enter info,
GUI:Username,1,Nickname,
GUI:Server,1,Server,
GUI:RememberPassword,1,Remember My Password,
GUI:CreateAccount,1,CREATE ACCOUNT,
GUI:TryAgain,1,Try Again,
GUI:NetworkOptions,1,NETWORK OPTIONS,
GUI:GammaAdjustment,1,Brightness,
GUI:HelpDescription,1,Display help dialog,
GUI:ReturnToGame,1,RETURN TO GAME,
GUI:NewGame,1,New Game,
GUI:RestartGame,1,RESTART GAME,
GUI:MatchingProgress,1,QuickMatch Progress,
GUI:Player'sName,1,Opponent's Name,
GUI:AllTimeWins,1,All-Time Wins,
GUI:AllTimeLosses,1,All-Time Losses,
GUI:AllTimePoints,1,All-Time Rank Points,
GUI:AllTimeDisconnects,1,All-Time Disconnects,
GUI:HighestRank,1,All-Time Highest Rank,
GUI:Honor,1,Battle Honors,
GUI:LastUpdated,1,Player Profile Last Updated,
GUI:WOLIconKey,1,Icon Key,
GUI:MyInfo,1,MY PERSONA,
GUI:Buddies,1,COMMUNICATOR,
GUI:Community,1,Community,
GUI:SortAlpha,1,Name,
GUI:SortPing,1,Connection,
GUI:SortBuddies,1,Buddies,
GUI:GSRank0,1,Private,
GUI:GSRank1,1,Corporal,
GUI:GSRank2,1,Sergeant,
GUI:GSRank3,1,Lieutenant,
GUI:GSRank4,1,Captain,
GUI:GSRank5,1,Major,
GUI:GSRank6,1,Colonel,
GUI:GSRank7,1,Brigadier General,
GUI:GSRank8,1,General,
GUI:GSRank9,1,Commander in Chief,
GUI:GSErrorTitle,1,,
GUI:GSDisconnected,1,You have been disconnected from the chat server.,
GUI:GSDisconReason1,1,That nickname has already been taken. Please choose another,
GUI:GSDisconReason2,1,That nickname is invalid. Please choose another,
GUI:GSDisconReason3,1,Lost connection to Generals Online.,
GUI:GSDisconReason4,1,Could not connect to Generals Online.,
GUI:GSDisconReason5,1,Login process has timed out. Please check your internet connection,
GUI:GSDisconReason6,1,"That nickname/email combo does not exist. If you want to create an account, click on Create Account.",
GUI:GSDisconReason7,1,That email is invalid,
GUI:GSDisconReason8,1,That password is incorrect. Please try again.,
GUI:GSDisconReason9,1,Bad profile.,
GUI:GSDisconReason10,1,Profile has been deleted.,
GUI:GSDisconReason11,1,Buddy server connection was refused,
GUI:GSDisconReason12,1,Buddy server authorization failed,
GUI:GSDisconReason13,1,Serial number is invalid. Please try another,
GUI:GSDisconReason14,1,Registry is corrupt and has been altered,
GUI:GSDisconReason15,1,Serial number is banned.,
GUI:GSGroupRoomJoinFail,1,Failed to join chat room,
GUI:JoinFailedRoomFull,1,Failed to join - the room is full.,
GUI:JoinFailedInviteOnly,1,Failed to join - the room is invitation only.,
GUI:JoinFailedBannedFromRoom,1,Failed to join - you have been banned from the room,
GUI:JoinFailedBadPassword,1,Failed to join - incorrect password,
GUI:JoinFailedAlreadyInRoom,1,Failed to join - you are already in a room,
GUI:JoinFailedNoConnection,1,Failed to join - no connection to chat server,
GUI:JoinFailedCRCMismatch,1,Failed to join - the game is a different version,
GUI:JoinFailedUnknownLadder,1,Failed to join - the game is using an unknown ladder,
GUI:JoinFailedDefault,1,FAILED TO JOIN ROOM,
GUI:GSKicked,1,You were kicked from the room,
GUI:NATNegotiationFailed,1,"You or another player were unable to negotiate a connection. You may not have your firewall configured properly. Visit www.generals.ea.com, eatech.custhelp.com, or call your firewall manufacturer for more details.",
GUI:GPErrorTitle,1,BUDDY ERROR,
GUI:GPDisconnected,1,You have been disconnected from the buddy server. Would you like to reconnect?,
GUI:GPNoProfile,1,You did not log in using a Profile. No Buddy information is available.,
GUI:PSErrorTitle,1,PERSISTENT STORAGE ERROR,
GUI:PSCannotConnect,1,Could not connect to the persistent storage server,
Buddy:Offline,1,Offline,
Buddy:Online,1,Online,
Buddy:Chatting,1,Chatting in %ls,
Buddy:Staging,1,Staging in %ls,
Buddy:Loading,1,Loading in %ls,
Buddy:Playing,1,Playing in %ls,
Buddy:Matching,1,QuickMatching,
Buddy:OnlineNotification,1,%hs is now online,
Buddy:OfflineNotification,1,%hs is now offline,
Buddy:AddNotification,1,Add Buddy request from %hs,
Buddy:MessageNotification,1,"%hs says: 
 '%s...'",
GUI:Com/Tac,1,Com/Tac,
GUI:MoneySymbol,1,$,
GUI:$$$,1,$$$,
GUI:OverchargeExhausted,1,Overcharge exhausted.,
GUI:NotEnoughMoneyToBuild,1,You don't have enough money to build that.,
GUI:NotEnoughMoneyToUpgrade,1,You don't have enough money to make upgrade.,
GUI:Level,1,Level,
GUI:Tac,1,Tac,
GUI:Strat,1,Strat,
GUI:Struct,1,Struct,
GUI:Waypt,1,Waypt,
GUI:WOLStatus,1,Generals Online Status,
GUI:AIDifficulty,1,Computer Difficulty,
GUI:EasyAI,1,Normal Army,
GUI:MediumAI,1,Hard Army,
GUI:HardAI,1,Brutal Army,
GUI:Hide,1,BACK,
GUI:Pause,1,Pause,
GUI:NextFrame,1,Next Frame,
GUI:ReplayMenu,1,LOAD,
GUI:AntiAliasing,1,Anti-Aliasing,
GUI:ScreenCapture,1,Screen Captured to '%s',
GUI:ScreenshotCapture,1,Screen Capture,
GUI:ScreenshotCaptureDescription,1,Take a snapshot of the game screen,
GUI:Null,1,,
GUI:CRCMismatch,1,Game has detected a mismatch. This means the multiplayer game has lost synchronization data between the players,
GUI:CurrentHotkey,1,Current Hotkey,
GUI:AssignNewHotkey,1,Assign New Hotkey,
GUI:CurrentlyAssignedTo,1,Currently Assigned To,
GUI:Reset,1,Reset,
QM:JOININGQMCHANNEL,1,Joining QuickMatch...,
QM:WORKING,1,There are %d players currently attempting to match...,
QM:POOLSIZE,1,There are %d players currently attempting to match...,
QM:LOOKINGFORBOT,1,Looking for the Generals Online MatchMaker...,
QM:SENTINFO,1,Game info has been sent...,
QM:WIDENINGSEARCH,1,Widening search for opponents closest to your preferences...,
QM:MATCHED,1,"Excellent, a match has been found...",
QM:INCHANNEL,1,In channel...,
QM:NEGOTIATINGFIREWALLS,1,Negotiating firewalls...,
QM:STARTINGGAME,1,Starting the game...,
QM:COULDNOTFINDBOT,1,Could not find the MatchMaker,
QM:COULDNOTFINDCHANNEL,1,Could not find QuickMatch channel,
QM:COULDNOTNEGOTIATEFIREWALLS,1,Could not negotiate firewalls,
QM:STOPPED,1,Quickmatch aborted,
QM:WaitingForPlayerToJoin,1,Waiting for opponent to join,
QM:FindingGameChannel,1,Finding opponent's game,
QM:JoinedGameChannel,1,Joined opponent's game,
QM:PlayerJoined,1,Opponent joined,
QM:LookingForMatchChannel,1,Looking for QuickMatch channel,
QM:NoMatchChannel,1,No match QuickMatch channel found,
QM:JoinedMatchChannel,1,QuickMatch channel joined,
QM:NoMatchingBot,1,MatchMaker not found,
QM:GameNotFound,1,QuickMatch could not find your opponent's game not found,
QM:TimeoutOtherPlayer,1,QuickMatch timed out waiting for opponent to join the game,
Version:Format4,1,%d.%d.%d Build %d %c%c,
Version:Format3,1,Version %d.%d.%d,
Version:Format2,1,Version %d.%d,
Version:BuildTime,1,%ls %ls,
Version:BuildMachine,1,Build machine: %ls,
Version:BuildUser,1,By %ls,
GUI:SuperweaponDaisyCutter,1,Fuel Air Bomb,
GUI:SuperweaponParadropAmerica,1,Paradrop,
GUI:SuperweaponClusterMines,1,Cluster Mines,
GUI:SuperweaponEMPPulse,1,EMP Pulse,
GUI:SuperweaponA10ThunderboltMissileStrike,1,A10 Missile Strike,
GUI:SuperweaponCrateDrop,1,Crate Drop,
GUI:SuperweaponCarpetBomb,1,Carpet Bomb,
GUI:SuperweaponNapalmStrike,1,Napalm Strike,
GUI:SuperweaponCashHack,1,Cash Hack,
GUI:SuperweaponNeutronMissile,1,Nuclear Missile,
GUI:SuperweaponScudStorm,1,Scud Storm,
GUI:SuperweaponTerrorCell,1,Terror Cell,
GUI:SuperweaponRebelAmbush,1,Ambush,
GUI:SuperweaponBlackMarketNuke,1,Black Market Nuke,
GUI:SuperweaponAnthraxBomb,1,Anthrax Bomb,
GUI:SuperweaponDemoralize,1,Demoralize,
GUI:SpecialAbilityGuidedMissiles,1,Laser Guided Missile,
GUI:SpecialAbilityDetonateCharges,1,Detonate Charges,
GUI:SuperweaponParticleUplinkCannon,1,Particle Uplink Cannon,
GUI:PatchAvailable,1,UPDATE AVAILABLE,
GUI:MustPatchForOnline,1,You must download the Update to play Generals Online,
GUI:CanPatchForOnline,1,Would you like to download the Update?,
GUI:CheckingForPatches,1,Checking for Updates,
GUI:DownloadErrorTitle,1,DOWNLOAD ERROR,
GUI:DownloadSuccessTitle,1,DOWNLOAD SUCCESS,
GUI:DownloadSuccess,1,Download completed without errors,
GUI:DownloadSuccessMustQuit,1,Click OK to exit C&C Generals and apply the Update,
GUI:DownloadBytesRatio,1,%d / %d bytes,
GUI:DownloadTimeLeft,1,%d:%02d:%02d remaining,
GUI:DownloadUnknownTime,1,???,
FTP:StatusIdle,1,Idle,
FTP:UnknownError,1,Unknown Error,
FTP:NoSuchServer,1,No Such Server,
FTP:CouldNotConnect,1,Could Not Connect,
FTP:LoginFailed,1,Login Failed,
FTP:NoSuchFile,1,No Such File,
FTP:LocalFileOpenFailed,1,Local File Open Failed,
FTP:TCPError,1,TCP Error,
FTP:DisconnectError,1,Disconnect Error,
FTP:StatusConnecting,1,Connecting,
FTP:StatusLoggingIn,1,Logging In,
FTP:StatusFindingFile,1,Finding File,
FTP:StatusQueryingResume,1,Querying to Resume Download,
FTP:StatusDownloading,1,Downloading,
FTP:StatusDisconnecting,1,Disconnecting,
FTP:StatusFinishing,1,Finishing,
FTP:StatusDone,1,Done,
FTP:StatusNone,1,None,
WOL:InternalError,1,Generals Online Internal Error,
WOL:ServerBan,1,"Sorry, you've been banned from Generals Online. Please review the Service Terms",
WOL:DisconnectedError,1,"Sorry, you've been banned from Generals Online. Please review the Service Terms",
WOL:NoServers,1,Generals Online not found,
WOL:LoginTimeout,1,Timed out waiting to join Generals Online,
WOL:NoMatchChannel,1,No match channel found,
WOL:NoMatchbot,1,No MatchMaker found,
WOL:BadMatchParams,1,Bad match parameters,
WOL:ChatErrorNickInUse,1,That nickname is already in use,
WOL:ChatErrorBadPass,1,Incorrect password for that name,
WOL:ChatErrorNoneSuch,1,No such user or channel,
WOL:ChatErrorConNetDown,1,Network connection is down,
WOL:ChatErrorConLookupFailed,1,DNS lookup failed.,
WOL:ChatErrorConError,1,Fatal network error occurred,
WOL:ChatErrorTimeout,1,Timeout occurred.,
WOL:ChatErrorMustPatch,1,You must get the latest Update before joining Generals Online,
WOL:ChatErrorStatusError,1,Internal status error,
WOL:ChatErrorUnknownResponse,1,Unknown response,
WOL:ChatErrorChannelFull,1,Channel is full,
WOL:ChatErrorChannelExists,1,Channel already exists,
WOL:ChatErrorChannelDoesNotExist,1,Channel does not exist,
WOL:ChatErrorBadChannelPassword,1,Bad channel password,
WOL:ChatErrorBanned,1,"Sorry, you've been banned from Generals Online. Please review the Service Terms",
WOL:ChatErrorNotOper,1,Cannot perform that operation,
WOL:ChatErrorAccountDisabled,1,Your account has been disabled.,
WOL:ChatErrorSerialBanned,1,Your serial number has been banned. Please review the Service Terms,
WOL:ChatErrorSerialDup,1,Your serial is already in use,
WOL:ChatErrorSerialUnknown,1,Your serial is invalid,
WOL:NetUtilErrorGeneric,1,Generic NetUtil error,
WOL:NetUtilErrorBusy,1,Busy,
WOL:NetUtilErrorTimeout,1,Timeout,
WOL:NetUtilErrorInvalidField,1,Invalid field,
WOL:NetUtilErrorCantVerify,1,Can't verify,
WOL:NetUtilFinished,1,Finished,
WOL:UnknownError,1,Unknown error,
WOL:CouldNotCreateChannel,1,Could not create channel,
WOL:ErrorTitle,1,Generals Online Error,
WOL:LoginErrorTitle,1,Login Error,
WOL:CreatingChannel,1,Creating channel,
WOL:ChannelClosed,1,Channel has closed,
WOL:BadChannelPassword,1,Bad channel password,
WOL:ChannelFull,1,Channel full,
WOL:BannedFromChannel,1,You've been banned from the channel,
WOL:CannotJoinChannel,1,Cannot join channel,
WOL:NoWOLAPI,1,Shared Internet Components have not been installed.,
WOL:OldWOLAPI,1,Shared Internet Components need to be updated. Please install from the C&C Generals disc,
WOL:BadRegistry,1,C&C Generals Registry is corrupt,
WOL:GotPing,1,"Received ping of %dms. The lower the ping, the better the connection",
WOL:ServerListAndVersion,1,Fetching server list,
WOL:GettingPings,1,"Getting pings. The lower the ping, the better the connection",
WOL:Connecting,1,Connecting,
WOL:JoinedChannel,1,You joined %ls,
WOL:LeftChannel,1,You left %ls,
WOL:UserKicked,1,%ls kicked %ls out of %ls,
WOL:BeginIgnoreList,1,Begin Ignore List,
WOL:IgnoredUser,1,%ls,
WOL:EndIgnoreList,1,End Ignore List,
WOL:DownloadPatchNow,1,Would you like to download the Update at this time?,
WOL:FindInChannel,1,%ls is in %s,
WOL:FindInChannelOtherServer,1,%ls is in %s on %s,
WOL:FindOffline,1,%ls is not logged in,
WOL:FindHiding,1,%ls is not responding to search,
WOL:FindNotInChannel,1,%ls is not in a channel,
WOL:FindNotInChannelOtherServer,1,%ls is on %s,
WOL:Lob_49_0,1,Main Lobby,
WOL:Lob_49_1,1,Alternate,
WOL:Lob_49_2,1,Reality,
WOL:Lob_41_0,1,QuickMatch,
WOL:UnknownServer,1,unknown server,
WOL:UnknownChannel,1,unknown channel,
WOL:BuddyMatching,1,%ls is QuickMatching,
WOL:BuddyNotInChan,1,%ls is online,
WOL:BuddyInGame,1,%ls is playing a game,
WOL:BuddyInChat,1,%ls is chatting in %ls,
WOL:BuddyGameSetup,1,%ls is in %ls,
WOL:BuddyMatchingOtherServer,1,%ls is QuickMatching on %ls,
WOL:BuddyNotInChanOtherServer,1,%ls is online on %ls,
WOL:BuddyInGameOtherServer,1,%ls is playing a game on %ls,
WOL:BuddyInChatOtherServer,1,%ls is chatting in %ls on %ls,
WOL:BuddyGameSetupOtherServer,1,%ls is in %ls on %ls,
WOL:BuddyHiding,1,%ls is hiding,
Chat:Everyone,1,Everyone Views,
Chat:Allies,1,Only Allies View,
GUI:Clear,1,CLEAR,
LAN:GameStartTimerPlural,1,Game will start in %d seconds.,
LAN:GameStartTimerSingular,1,Game will start in %d second.,
LAN:HostNotResponding,1,Game exited; the host was not responding.,
LAN:PlayerDropped,1,%ls dropped; player was not responding.,
LAN:NeedMorePlayers,1,You need more than %d player(s) to start a game.,
LAN:NeedMoreTeams,1,You need more than 1 team to start a game.,
LAN:TooManyPlayers,1,This map only supports up to %d players.,
LAN:OK,1,OK,
LAN:ErrorNoGameSelected,1,Please select a game first.,
LAN:ErrorTimeout,1,Connection timed out.,
LAN:ErrorGameFull,1,This game is full.,
LAN:ErrorDuplicateName,1,Duplicate name already in game.,
LAN:ErrorCRCMismatch,1,Game has detected a mismatch. This means the multiplayer game has lost synchronization data between the players. It is possible that your opponent has modified his version and you may want to include him on your Ignore List.,
LAN:ErrorGameStarted,1,"Sorry, this game has already started.",
LAN:ErrorGameExists,1,A game of the same name already exists.,
LAN:ErrorGameGone,1,Game has dissappeared.,
LAN:ErrorBusy,1,Another operation is pending.,
LAN:ErrorUnknown,1,Unknown error,
LAN:JoinFailed,1,JOIN FAILED,
Network:PlayerLeft,1,%ls left the game.,
INI:MissingDisplayName,1,MISSING DisplayName for Object '%S',
INI:FactionDefault,1,Default Army,
INI:FactionObserver,1,Observer,
INI:FactionCivilian,1,Civilian,
INI:FactionAmerica,1,USA,
INI:FactionChina,1,China,
INI:FactionGLA,1,GLA,
INI:FactionChinaHacker,1,Chinese Hacker,
SIDE:America,1,USA,
SIDE:China,1,China,
SIDE:GLA,1,GLA,
INI:RankLevel1,1,1 Star General,
INI:RankLevel2,1,2 Star General,
INI:RankLevel3,1,3 Star General,
INI:RankLevel4,1,4 Star General,
INI:RankLevel5,1,5 Star General,
INI:RankLevel6,1,Mr. Bad Dude (Rank 6),
INI:RankLevel7,1,Dr. Death (Rank 7),
INI:RankLevel8,1,Ultimate Deadly Dude (Rank 8),
TOOLTIP:MyInfo,1,"Click to explore your Persona Information. You may view your rank, points, wins, losses, Battle Honors, etc.",
TOOLTIP:CustomMatch,1,Click to join the Custom Match Lobby to meet and chat with other players,
TOOLTIP:SelectAll,1,QuickMatch on all available maps,
TOOLTIP:SelectNone,1,QuickMatch on no maps,
TOOLTIP:EnterPassword,1,Please enter a password,
TOOLTIP:Quickmatch,1,Click to begin QuickMatch. QuickMatch will attempt to automatically match you with your closest skill level and preferences,
TOOLTIP:GameLobbys,1,,
TOOLTIP:ClearButton,1,Clear the chat text window,
TOOLTIP:Disconnectbutton,1,Click to disconnect from your current game. Disconnect will be counted toward your overall total,
TOOLTIP:playersonline,1,List of players currently on Generals Online,
TOOLTIP:WidenSearch,1,"Click to widen your opponent search criteria. The more specific your criteria is, the more difficult it can be to find an opponent",
TOOLTIP:Emote,1,,
TOOLTIP:JoinGame,1,Click to join the selected game,
TOOLTIP:BuddyButton,1,Sort game list by Buddies,
TOOLTIP:matchingprogress,1,You can watch as QuickMatch searches for your best match. Keep your fingers crossed!,
TOOLTIP:CancelButton,1,Click to cancel the current operation,
TOOLTIP:resizewindows,1,Click and drag vertically to change the size of your Game List window vs. your Chat window,
TOOLTIP:CreateGame,1,Create a new game. The game will be displayed in the Game List window for other players to join,
TOOLTIP:ChatWindow,1,Type and press Enter in the Text Entry box below to send messages to this Chat window. Other players can read and respond,
TOOLTIP:StopSearch,1,Abort your current search,
TOOLTIP:StartSearch,1,Begin searching,
TOOLTIP:UnknownGame,1,Unknown game,
TOOLTIP:textentrybox,1,Type and press Enter in this Text Entry box to send messages to the Chat window above,
TOOLTIP:PlayersInLobby,1,Current players in your lobby,
TOOLTIP:LocalPlayer,1,Current player %s,
TOOLTIP:BuddyPlayer,1,Your buddy %s,
TOOLTIP:ProfiledPlayer,1,%s,
TOOLTIP:GenericPlayer,1,%s,
TOOLTIP:IgnoredModifier,1,(ignored),
TOOLTIP:PlayerInfo,1,"
 Region: %s 
 %d wins/%d losses",
TOOLTIP:GameInfoGameName,1,Game Name: %s,
TOOLTIP:GameInfoLadderName,1,"
 Ladder: %s",
TOOLTIP:LadderName,1,Ladder: %s,
TOOLTIP:UnknownLadder,1,"
 Unknown ladder",
TOOLTIP:NoLadder,1,"
 No ladder",
TOOLTIP:InvalidGameVersionSingleLine,1,This game version is different,
TOOLTIP:GameInfoMap,1,"
 Map: %s 
 Players:",
TOOLTIP:GameInfoPlayer,1,"
 %s (%d/%d)",
TOOLTIP:FreeForAll,1,Free For All. No teams/allies allowed,
TOOLTIP:ListOfPlayers,1,Players in the current game,
TOOLTIP:MapName,1,Currently selected map,
TOOLTIP:GameName,1,Name of the game,
TOOLTIP:StartGame,1,Begin a multiplayer game,
TOOLTIP:IgnoreButton,1,Ignore player,
TOOLTIP:closeButton,1,,
TOOLTIP:GameOptions,1,Options currently enabled in the game,
TOOLTIP:Crates,1,Bonus crates,
TOOLTIP:SuperWeapons,1,"Super Weapons. Particle Cannon, Nuclear Missile, etc.",
DOZER:ConstructionComplete,1,Construction Complete: %s,
DOZER:RepairComplete,1,Repair Operation Complete.,
UPGRADE:UpgradeComplete,1,Upgrade Complete: %s,
GUI:CantBuildRestrictedTerrain,1,The terrain prevents you from building here.,
GUI:CantBuildNotFlatEnough,1,The terrain is not flat enough to build here.,
GUI:CantBuildObjectsInTheWay,1,You cannot build there because there are obstacles in the way.,
GUI:CantBuildNoClearPath,1,Unit cannot reach construction site.,
GUI:CantBuildShroud,1,You must explore there before building.,
GUI:CantBuildThere,1,You can't build here.,
GUI:RallyPointObjectsInTheWay,1,"Unable to set rally point, object(s) are in the way of the destination.",
GUI:RallyPointNoPath,1,Unable to set rally point.,
GUI:RallyPointSet,1,%s rally point set.,
GUI:MouseType,1,Mouse Type,
GUI:Com,1,EAPIM,
GUI:CONTROL,1,Control,
GUI:INFORMATION,1,Information,
GUI:INTERFACE,1,Interface,
GUI:SELECTION,1,Selection,
GUI:TAUNT,1,Taunt,
GUI:MISC,1,Misc,
GUI:DEBUG,1,Debug,
GUI:Cheer,1,Cheer,
GUI:CheerDescription,1,Commands your forces to exult over your great deeds.,
GUI:Deploy,1,Deploy Object,
GUI:DeployDescription,1,Deploy selected object(s).,
GUI:Guard,1,Guard,
GUI:GuardDescription,1,Set the selected object(s) into 'guard area' mode.,
GUI:CreateFormation,1,Create Formation,
GUI:Follow,1,Follow,
GUI:FollowDescription,1,Toggle follow state of selected object(s).,
GUI:ToggleControlBar,1,Toggle Control Bar,
GUI:ToggleControlBarDescription,1,Toggles the In Game Control Bar on/off.,
GUI:ToggleLetterbox,1,Toggle Letter Box,
GUI:ToggleLetterboxDescription,1,Toggles Letterbox Mode on/off.,
GUI:Scatter,1,Scatter,
GUI:StopObject,1,Stop Object,
GUI:StopObjectDescription,1,Stop the selected object(s).,
GUI:GoToRadarEvent,1,Go to Radar Event,
GUI:GoToRadarEventDescription,1,Center the tactical view on the last radar event.,
GUI:SaveView1,1,Set Bookmark 1,
GUI:SaveView1Description,1,Set view bookmark map position 1.,
GUI:SaveView2,1,Set Bookmark 2,
GUI:SaveView2Description,1,Set view bookmark map position 2.,
GUI:SaveView3,1,Set Bookmark 3,
GUI:SaveView3Description,1,Set view bookmark map position 3.,
GUI:SaveView4,1,Set Bookmark 4,
GUI:SaveView4Description,1,Set view bookmark map position 4.,
GUI:ViewView1,1,View Bookmark 1,
GUI:ViewView1Description,1,View bookmarked map position 1.,
GUI:ViewView2,1,View Bookmark 2,
GUI:ViewView2Description,1,View bookmarked map position 2.,
GUI:ViewView3,1,View Bookmark 3,
GUI:ViewView3Description,1,View bookmarked map position 3.,
GUI:ViewView4,1,View Bookmark 4,
GUI:ViewView4Description,1,View bookmarked map position 4.,
GUI:CenterBase,1,Center Base,
GUI:CenterBaseDescription,1,Center the view about the player's base.,
GUI:SelectNone,1,Select None,
GUI:SelectAll,1,Select All,
GUI:SelectAllDescription,1,Selects all military units.,
GUI:SelectNextUnit,1,Next Object,
GUI:SelectNextUnitDescription,1,Select the next object.,
GUI:SelectPrevUnit,1,Previous Object,
GUI:SelectPrevUnitDescription,1,Select the previous unit.,
GUI:SelectNextWorker,1,Next Worker,
GUI:SelectNextWorkerDescription,1,Select the next Worker.,
GUI:SelectPrevWorker,1,Previous Worker,
GUI:SelectPrevWorkerDescription,1,Select the previous Worker.,
GUI:TypeSelect,1,Type Select,
GUI:TypeSelectDescription,1,Selects units by type. Double left click a unit to select all of the same type.,
GUI:CreateTeam0,1,Create Team 0,
GUI:CreateTeam0Description,1,Creates team 0 from currently selected units.,
GUI:CreateTeam1,1,Create Team 1,
GUI:CreateTeam1Description,1,Creates team 1 from currently selected units.,
GUI:CreateTeam2,1,Create Team 2,
GUI:CreateTeam2Description,1,Creates team 2 from currently selected units.,
GUI:CreateTeam3,1,Create Team 3,
GUI:CreateTeam3Description,1,Creates team 3 from currently selected units.,
GUI:CreateTeam4,1,Create Team 4,
GUI:CreateTeam4Description,1,Creates team 4 from currently selected units.,
GUI:CreateTeam5,1,Create Team 5,
GUI:CreateTeam5Description,1,Creates team 5 from currently selected units.,
GUI:CreateTeam6,1,Create Team 6,
GUI:CreateTeam6Description,1,Creates team 6 from currently selected units.,
GUI:CreateTeam7,1,Create Team 7,
GUI:CreateTeam7Description,1,Creates team 7 from currently selected units.,
GUI:CreateTeam8,1,Create Team 8,
GUI:CreateTeam8Description,1,Creates team 8 from currently selected units.,
GUI:CreateTeam9,1,Create Team 9,
GUI:CreateTeam9Description,1,Creates team 9 from currently selected units.,
GUI:SelectTeam0,1,Select Team 0,
GUI:SelectTeam0Description,1,Select members of team 0.,
GUI:SelectTeam1,1,Select Team 1,
GUI:SelectTeam1Description,1,Select members of team 1.,
GUI:SelectTeam2,1,Select Team 2,
GUI:SelectTeam2Description,1,Select members of team 2.,
GUI:SelectTeam3,1,Select Team 3,
GUI:SelectTeam3Description,1,Select members of team 3.,
GUI:SelectTeam4,1,Select Team 4,
GUI:SelectTeam4Description,1,Select members of team 4.,
GUI:SelectTeam5,1,Select Team 5,
GUI:SelectTeam5Description,1,Select members of team 5.,
GUI:SelectTeam6,1,Select Team 6,
GUI:SelectTeam6Description,1,Select members of team 6.,
GUI:SelectTeam7,1,Select Team 7,
GUI:SelectTeam7Description,1,Select members of team 7.,
GUI:SelectTeam8,1,Select Team 8,
GUI:SelectTeam8Description,1,Select members of team 8.,
GUI:SelectTeam9,1,Select Team 9,
GUI:SelectTeam9Description,1,Select members of team 9.,
GUI:ViewTeam0,1,Center Team 0,
GUI:ViewTeam0Description,1,Select and center view about team 0.,
GUI:ViewTeam1,1,Center Team 1,
GUI:ViewTeam1Description,1,Select and center view about team 1.,
GUI:ViewTeam2,1,Center Team 2,
GUI:ViewTeam2Description,1,Select and center view about team 2.,
GUI:ViewTeam3,1,Center Team 3,
GUI:ViewTeam3Description,1,Select and center view about team 3.,
GUI:ViewTeam4,1,Center Team 4,
GUI:ViewTeam4Description,1,Select and center view about team 4.,
GUI:ViewTeam5,1,Center Team 5,
GUI:ViewTeam5Description,1,Select and center view about team 5.,
GUI:ViewTeam6,1,Center Team 6,
GUI:ViewTeam6Description,1,Select and center view about team 6.,
GUI:ViewTeam7,1,Center Team 7,
GUI:ViewTeam7Description,1,Select and center view about team 7.,
GUI:ViewTeam8,1,Center Team 8,
GUI:ViewTeam8Description,1,Select and center view about team 8.,
GUI:ViewTeam9,1,Center Team 9,
GUI:ViewTeam9Description,1,Select and center view about team 9.,
GUI:LocalIPDesc,1,Local IP,
GUI:RemoteIPDesc,1,Remote IP,
GUI:SaveCamera,1,Save camera in replays,
GUI:UseCamera,1,Use saved camera in replays,
Mouse:Windows,1,Windows Cursor,
Mouse:W3D,1,W3D Cursor,
Mouse:Poly,1,Polygon Cursor,
Mouse:DX8,1,DX8 Cursor,
Mouse:Heal,1,Get Healed,
Mouse:GetRepaired,1,Get Repaired,
Mouse:Dock,1,Dock,
Mouse:DoRepair,1,Repair,
Mouse:ResumeConstruction,1,Resume Construction,
Mouse:Enter,1,Enter,
Mouse:SetRallyPoint,1,Set Rally Point,
Mouse:DisguiseAsVehicle,1,Disguise As This!,
Mouse:Invalid,1,INVALID,
Mouse:FireFlame,1,Burn,
Mouse:FireFlashBang,1,Flash Bang,
Mouse:FireTranqDarts,1,Tranq Darts,
Mouse:FireStunBullets,1,Stun Bullets,
Mouse:MakeCarBomb,1,Make Carbomb,
Mouse:Hijack,1,Hijack,
Mouse:FireBomb,1,"Fire 
 Bomb",
Mouse:Defector,1,"Make 
 Defector",
Mouse:CaptureBuilding,1,Capture Building,
Mouse:DisableVehicleHack,1,Disable Vehicle,
Mouse:StealCashHack,1,Steal Cash,
Mouse:SnipeVehicle,1,Snipe Vehicle,
Mouse:DisableBuildingHack,1,Disable Building,
Mouse:LaserGuidedMissiles,1,Laser Guided Missiles,
Mouse:TankHunterTNTAttack,1,TNT Attack,
Mouse:A10ThunderboltStrike,1,A10-Strike Location,
Mouse:StabAttack,1,Stab,
Mouse:PlaceRemoteCharge,1,Place Remote Charge,
Mouse:PlaceTimedCharge,1,Place Timed Charge,
Mouse:RepairVehicles,1,&Emergency Repair,
Mouse:Demoralize,1,Demoralize,
Mouse:PickUpPrisoner,1,Pick Up Prisoner,
Mouse:Return,1,Return,
Mouse:PlaceBeacon,1,Place Beacon,
SCRIPT:TestString,1,"This is like a test string, dude.",
SCRIPT:LongTestString,1,"This is like a really long test string, dude. It makes sure that the word wrap and the spacing works.",
SCIENCE:GeneralName,1,<Enter Name>,
SCIENCE:SkillPoints,1,Skill Points: %d,
SCIENCE:Rank,1,Level %d,
SCIENCE:TempName,1,Give My Science A Name,
SCIENCE:TempDescription,1,Please take the time to fill out my description located in Science.ini! Thanks a bunch,
SCIENCE:USAPaladin,1,Paladin Tank,
SCIENCE:USAPathFinder,1,Pathfinder,
SCIENCE:USAStealthFighter,1,Stealth Fighter,
SCIENCE:USASpyDrone,1,Spy Drone,
SCIENCE:USAParaDrop1,1,Para Drop 1,
SCIENCE:USAParaDrop2,1,Para Drop 2,
SCIENCE:USAParaDrop3,1,Para Drop 3,
SCIENCE:USAA10Strike1,1,A10 Strike 1,
SCIENCE:USAA10Strike2,1,A10 Strike 2,
SCIENCE:USAA10Strike3,1,A10 Strike 3,
SCIENCE:USADaisyCutter,1,Fuel Air Bomb,
SCIENCE:ChinaNukeLauncher,1,Nuke Cannon,
SCIENCE:ChinaRedGuardTraining,1,Red Guard Training,
SCIENCE:ChinaClusterMines,1,Cluster Mines,
SCIENCE:ChinaArtilleryTraining,1,Artillery Training,
SCIENCE:ChinaArtilleryBarrage,1,Artillery Barrage 1,
SCIENCE:ChinaArtilleryBarrage2,1,Artillery Barrage 2,
SCIENCE:ChinaArtilleryBarrage3,1,Artillery Barrage 3,
SCIENCE:ChinaCashHack1,1,Cash Hack 1,
SCIENCE:ChinaCashHack2,1,Cash Hack 2,
SCIENCE:ChinaCashHack3,1,Cash Hack 3,
SCIENCE:ChinaEMPPulse,1,EMP Pulse,
SCIENCE:GLAHijacker,1,Hijacker,
SCIENCE:GLASCUDLauncher,1,SCUD Launcher,
SCIENCE:GLAMaruaderTank,1,Marauder Tank,
SCIENCE:GLATechnicalTraining,1,Technical Training,
SCIENCE:GLARebelAmbush1,1,Rebel Ambush 1,
SCIENCE:GLARebelAmbush2,1,Rebel Ambush 2,
SCIENCE:GLARebelAmbush3,1,Rebel Ambush 3,
SCIENCE:GLACashBounty1,1,Cash Bounty 1,
SCIENCE:GLACashBounty2,1,Cash Bounty 2,
SCIENCE:GLACashBounty3,1,Cash Bounty 3,
SCIENCE:GLAAnthraxBomb,1,Anthrax Bomb,
CONTROLBAR:Demoralize,1,Demoralize,
CONTROLBAR:CIAIntelligence,1,Intelligen&ce,
CONTROLBAR:CombatDrop,1,&Combat Drop,
CONTROLBAR:Guard,1,&Guard,
CONTROLBAR:GuardWithoutPursuit,1,Guard &Close,
CONTROLBAR:GuardFlyingUnitsOnly,1,Guard Ai&r,
CONTROLBAR:AttackMove,1,&Attack Move,
CONTROLBAR:Stop,1,&Stop,
CONTROLBAR:Waypoints,1,&Waypoint,
CONTROLBAR:CancelBuild,1,&Cancel Build,
CONTROLBAR:Contaminate,1,&Contaminate,
CONTROLBAR:FireWall,1,&Fire Wall,
CONTROLBAR:UpgradeGLAArmTheMob,1,Arm the &Mob,
CONTROLBAR:UpgradeChinaOverlordGattlingCannon,1,Gattling &Cannon,
CONTROLBAR:UpgradeChinaOverlordPropagandaTower,1,Propaganda &Tower,
CONTROLBAR:UpgradeChinaOverlordBattleBunker,1,Battle &Bunker,
CONTROLBAR:FireBomb,1,&Fire Bomb,
CONTROLBAR:UnderConstructionDesc,1,Building: %.0f%%,
CONTROLBAR:OCLTimerDesc,1,Time Until Next Drop: %d:%d,
CONTROLBAR:OCLTimerDescWithPadding,1,Time Until Next Drop: %d:0%d,
CONTROLBAR:InitiateBattlePlanBombardment,1,&Bombardment Battle Plan,
CONTROLBAR:InitiateBattlePlanHoldTheLine,1,H&old The Line Battle Plan,
CONTROLBAR:InitiateBattlePlanSearchAndDestroy,1,Search and &Destroy Plan,
CONTROLBAR:TempDescription,1,Please take the time to fill out my description located in CommandButton.ini! Thanks a bunch.,
CONTROLBAR:CleanupAreaDescription,1,Automatically cleans up bio toxins and radiation in area surrounding target location.,
CONTROLBAR:ConstructAmericaCommandCenter,1,&Command Center,
CONTROLBAR:ConstructAmericaPowerPlant,1,Cold Fusion &Reactor,
CONTROLBAR:ConstructAmericaBarracks,1,&Barracks,
CONTROLBAR:ConstructAmericaSupplyCenter,1,S&upply Center,
CONTROLBAR:ConstructAmericaWall,1,Security &Fence,
CONTROLBAR:ConstructAmericaWarFactory,1,W&ar Factory,
CONTROLBAR:ConstructAmericaGuardianControlCenter,1,"Guardian 
 Center",
CONTROLBAR:ConstructAmericaPatriotBattery,1,Patriot &Missile System,
CONTROLBAR:ConstructAmericaParticleCannonUplink,1,&Particle Cannon,
CONTROLBAR:ConstructAmericaStrategyCenter,1,Strateg&y Center,
CONTROLBAR:ConstructAmericaSupplyDropZone,1,Supply Drop &Zone,
CONTROLBAR:ConstructAmericaDetentionCamp,1,&Detention Camp,
CONTROLBAR:ConstructAmericaTankCrusader,1,&Crusader,
CONTROLBAR:ConstructAmericaTankPaladin,1,&Paladin,
CONTROLBAR:ConstructAmericaInfantryRanger,1,R&anger,
CONTROLBAR:Evacuate,1,E&vacuate,
CONTROLBAR:ExecuteRailedTransport,1,Transport,
CONTROLBAR:TransportExit,1,Exit Transport,
CONTROLBAR:ConstructGLACommandCenter,1,&Command Center,
CONTROLBAR:ConstructGLADemoTrap,1,&Demo Trap,
CONTROLBAR:ConstructGLABarracks,1,&Barracks,
CONTROLBAR:ConstructGLASupplyStash,1,S&upply Stash,
CONTROLBAR:ConstructGLABurningBarricade,1,&Burning Barricade,
CONTROLBAR:ConstructGLAArmsDealer,1,&Arms Dealer,
CONTROLBAR:ConstructChinaCommandCenter,1,&Command Center,
CONTROLBAR:ConstructChinaPowerPlant,1,Nuclear &Reactor,
CONTROLBAR:ConstructChinaBarracks,1,&Barracks,
CONTROLBAR:ConstructChinaSupplyCenter,1,S&upply Center,
CONTROLBAR:ConstructChinaConcreteWall,1,Concrete &Wall,
CONTROLBAR:ConstructChinaWarFactory,1,W&ar Factory,
CONTROLBAR:ConstructAmericaDozer,1,Construction &Dozer,
CONTROLBAR:ConstructGLAWorker,1,&Worker,
CONTROLBAR:ConstructChinaDozer,1,Construction &Dozer,
CONTROLBAR:ConstructGLATankScorpion,1,&Scorpion,
CONTROLBAR:ConstructGLATankMarauder,1,&Marauder Tank,
CONTROLBAR:ConstructGLAVehicleRocketBuggy,1,Rocket &Buggy,
CONTROLBAR:ConstructGLAVehicleRadarVan,1,Radar &Van,
CONTROLBAR:ConstructChinaTankOverlord,1,&Overlord,
CONTROLBAR:ConstructChinaTankGattling,1,&Gattling Tank,
CONTROLBAR:ConstructGLAInfantryRebel,1,Re&bel,
CONTROLBAR:ConstructChinaInfantryRedguard,1,Red &Guard,
CONTROLBAR:ConstructAmericaVehicleChinook,1,&Chinook,
CONTROLBAR:ConstructGLAVehicleSupplyTruck,1,Supply &Truck,
CONTROLBAR:ConstructChinaVehicleSupplyTruck,1,Supply &Truck,
CONTROLBAR:ConstructAmericaJetRaptor,1,Rap&tor,
CONTROLBAR:ConstructAmericaJetAurora,1,&Aurora Bomber,
CONTROLBAR:ConstructAmericaJetStealthFighter,1,Stealth &Fighter,
CONTROLBAR:ConstructAmericaVehicleStarlifter,1,Starlifter,
CONTROLBAR:ConstructAmericaVehicleComanche,1,&Comanche,
CONTROLBAR:ConstructAmericaInfantryMissileDefender,1,&Missile Defender,
CONTROLBAR:ConstructAmericaInfantryPathfinder,1,&Pathfinder,
CONTROLBAR:ConstructAmericaInfantryColonelBurton,1,Colonel &Burton,
CONTROLBAR:ConstructAmericaInfantryBiohazardTech,1,Biohazard Tech,
CONTROLBAR:ConstructAmericaVehicleTomahawk,1,&Tomahawk,
CONTROLBAR:ConstructAmericaVehicleMedic,1,&Ambulance,
CONTROLBAR:ConstructAmericaVehicleHumvee,1,Hum&vee,
CONTROLBAR:ConstructAmericaVehicleBattleDrone,1,&Battle Drone,
CONTROLBAR:ConstructAmericaVehicleScoutDrone,1,Scout &Drone,
CONTROLBAR:ConstructChinaJetMIG,1,Mi&G,
CONTROLBAR:ConstructChinaInfantryBlackLotus,1,&Black Lotus,
CONTROLBAR:ConstructChinaInfantryTankHunter,1,&Tank Hunter,
CONTROLBAR:ConstructChinaInfantrySecretPolice,1,"Secret 
 Police",
CONTROLBAR:ConstructChinaInfantryHacker,1,H&acker,
CONTROLBAR:ConstructChinaBunker,1,Bun&ker,
CONTROLBAR:ConstructChinaPropagandaCenter,1,&Propaganda Center,
CONTROLBAR:ConstructChinaAirfield,1,Air &Field,
CONTROLBAR:ConstructAmericaAirfield,1,Air &Field,
CONTROLBAR:ConstructChinaGattlingCannon,1,&Gattling Cannon,
CONTROLBAR:ConstructChinaNuclearMissileLauncher,1,Nuclear &Missile,
CONTROLBAR:ConstructChinaSpeakerTower,1,Speaker &Tower,
CONTROLBAR:ConstructChinaVehicleInfernoCannon,1,&Inferno Cannon,
CONTROLBAR:ConstructChinaVehicleNukeLauncher,1,N&uke Cannon,
CONTROLBAR:ConstructChinaVehicleTroopCrawler,1,&Troop Crawler,
CONTROLBAR:ConstructChinaTankSeismic,1,"Seismic 
 Tank",
CONTROLBAR:ConstructChinaTankDragon,1,&Dragon Tank,
CONTROLBAR:ConstructChinaVehiclePropagandaBlimp,1,"Prop. 
 Blimp",
CONTROLBAR:ConstructGLAInfantryTerrorist,1,&Terrorist,
CONTROLBAR:ConstructGLAInfantryRPGTrooper,1,RP&G Trooper,
CONTROLBAR:ConstructGLATunnelNetwork,1,Tunnel &Network,
CONTROLBAR:ConstructGLAPalace,1,&Palace,
CONTROLBAR:ConstructGLABlackMarket,1,Black &Market,
CONTROLBAR:ConstructGLAStingerSite,1,S&tinger Site,
CONTROLBAR:ConstructGLAScudStorm,1,SCUD St&orm,
CONTROLBAR:ConstructGLAPrison,1,P&rison,
CONTROLBAR:ConstructGLAVehicleToxinTruck,1,Toxin Tr&actor,
CONTROLBAR:ConstructGLATankBattleMaster,1,&Battlemaster,
CONTROLBAR:ConstructGLAVehicleTechnical,1,&Technical,
CONTROLBAR:ConstructGLAInfantryHijacker,1,H&ijacker,
CONTROLBAR:ConstructGLAInfantryJarmenKell,1,&Jarmen Kell,
CONTROLBAR:ConstructGLAInfantryAngryMob,1,&Angry Mob,
CONTROLBAR:ConstructGLAVehicleQuadCannon,1,Q&uad Cannon,
CONTROLBAR:ConstructGLAVehicleBombTruck,1,B&omb Truck,
CONTROLBAR:ConstructGLAVehicleScudLauncher,1,SCUD &Launcher,
CONTROLBAR:UpgradeAmericaAdvancedTraining,1,&Advanced Training,
CONTROLBAR:UpgradeAmericaDroneArmor,1,D&rone Armor,
CONTROLBAR:UpgradeChinaMines,1,Land &Mines,
CONTROLBAR:UpgradeAmericaRadar,1,&Radar,
CONTROLBAR:UpgradeAmericaScoutDrones,1,S&cout Drones,
CONTROLBAR:UpgradeAmericaAdvancedControlRods,1,&Control Rods,
CONTROLBAR:UpgradeAmericaLaserMissiles,1,&Laser Missiles,
CONTROLBAR:UpgradeAmericaExtraFuel,1,Extra &Fuel,
CONTROLBAR:UpgradeAmericaFlashBangGrenade,1,&Flash-Bang Grenades,
CONTROLBAR:UpgradeAmericaCompositeArmor,1,&Composite Armor,
CONTROLBAR:UpgradeAmericaTomahawkRemoteControl,1,Cruise &Missiles.,
CONTROLBAR:UpgradeAmericaAircraftFuel,1,Air Fuel,
CONTROLBAR:UpgradeAmericaTOWMissile,1,TO&W Missile,
CONTROLBAR:UpgradeComancheRocketPods,1,Rocket &Pods,
CONTROLBAR:UpgradeAmericaRailGun,1,"Rail 
 Gun",
CONTROLBAR:UpgradeChinaRadar,1,R&adar,
CONTROLBAR:UpgradeChinaNationalism,1,&Nationalism,
CONTROLBAR:UpgradeChinaAntiTankGrenade,1,&Anti-Tank Grenades,
CONTROLBAR:UpgradeChinaVehicleHack,1,&Vehicle Hack,
CONTROLBAR:UpgradeChinaIRGoggles,1,&IR Goggles,
CONTROLBAR:UpgradeChinaBlackNapalm,1,Black &Napalm,
CONTROLBAR:UpgradeChinaChainGuns,1,&Chain Guns,
CONTROLBAR:UpgradeChinaSubliminalMessaging,1,S&ubliminal Messaging,
CONTROLBAR:UpgradeChinaUraniumShells,1,&Uranium Shells,
CONTROLBAR:UpgradeChinaNuclearTanks,1,Nuclear &Tanks,
CONTROLBAR:UpgradeChinaStunBullets,1,Stun &Bullets,
CONTROLBAR:UpgradeGLARadar,1,&Radar,
CONTROLBAR:UpgradeGLARadarVanScan,1,Radar S&can,
CONTROLBAR:UpgradeGLAScorpionRocket,1,Scorpion Roc&ket,
CONTROLBAR:UpgradeGLABuggyAmmo,1,Buggy &Ammo,
CONTROLBAR:UpgradeGLABombTruckBioBomb,1,&BioBombs,
CONTROLBAR:DisguiseAsVehicle,1,&Disguise as Vehicle,
CONTROLBAR:UpgradeGLABombTruckHighExplosiveBomb,1,High Explosive B&omb,
CONTROLBAR:UpgradeGLAAnthraxBeta,1,&Anthrax Beta,
CONTROLBAR:UpgradeGLAToxinShells,1,&Toxin Shells,
CONTROLBAR:UpgradeGLAJunkRepair,1,&Junk Repair,
CONTROLBAR:UpgradeGLAAPBullets,1,AP &Bullets,
CONTROLBAR:UpgradeGLAAPRockets,1,AP &Rockets,
CONTROLBAR:UpgradeGLACamouflage,1,&Camouflage,
CONTROLBAR:UpgradeGLATranqDarts,1,&Tranq Darts,
CONTROLBAR:SetRallyPoint,1,&Rally Point,
CONTROLBAR:Sell,1,Sell,
CONTROLBAR:Overcharge,1,&Overcharge,
CONTROLBAR:DragonFlame,1,F&lame,
CONTROLBAR:PickUpPrisoner,1,"&Pick Up 
 Prisoner",
CONTROLBAR:ReturnToPrison,1,&Return,
CONTROLBAR:FireRocket,1,&Fire Rocket,
CONTROLBAR:AnthraxWarhead,1,A&nthrax Warhead,
CONTROLBAR:ExplosiveWarhead,1,Ex&plosive Warhead,
CONTROLBAR:Fire20mmCannon,1,&Fire 20mm Cannon,
CONTROLBAR:FireAntiTankMissiles,1,Fire &Missiles,
CONTROLBAR:FireRocketPods,1,Fire &Rockets,
CONTROLBAR:FireNapalmMissile,1,Fire &Napalm,
CONTROLBAR:DaisyCutter,1,&Fuel Air Bomb,
CONTROLBAR:NeutronMissile,1,&Nuclear Missile,
CONTROLBAR:ScudStorm,1,SC&UD Storm,
CONTROLBAR:NapalmStrike,1,&Napalm Strike,
CONTROLBAR:A10ThunderboltMissileStrike,1,&A10 Missile Strike,
CONTROLBAR:CashHack,1,&Cash Hack,
CONTROLBAR:Ambush,1,&Ambush,
CONTROLBAR:BlackMarketNuke,1,"Black Market 
 Nuke",
CONTROLBAR:AnthraxBomb,1,Anthrax &Bomb,
CONTROLBAR:Paradrop,1,&Paradrop,
CONTROLBAR:CarpetBomb,1,&Carpet Bomb,
CONTROLBAR:ClusterMines,1,C&luster Mines,
CONTROLBAR:EMPPulse,1,EM&P Pulse,
CONTROLBAR:ArtilleryBarrage,1,Artillery &Barrage,
CONTROLBAR:CrateDrop,1,"Crate 
 Drop",
CONTROLBAR:SpySatellite,1,&Spy Satellite,
CONTROLBAR:SpyDrone,1,Sp&y Drone,
CONTROLBAR:RadarVanScan,1,Radar S&can,
CONTROLBAR:Defector,1,&Defector,
CONTROLBAR:Bayonet,1,&Bayonet,
CONTROLBAR:SniperAttack,1,S&niper Attack,
CONTROLBAR:CaptureBuilding,1,&Capture Building,
CONTROLBAR:DisableVehicleHack,1,&Vehicle Hack,
CONTROLBAR:StealCashHack,1,Cash Hac&k,
CONTROLBAR:InternetHack,1,Hack &Internet,
CONTROLBAR:DisableBuildingHack,1,&Disable Building,
CONTROLBAR:CarBomb,1,&Car Bomb,
CONTROLBAR:Hijack,1,Hi&jack,
CONTROLBAR:TNTAttack,1,&TNT Attack,
CONTROLBAR:Requirements,1,Requires: %s,
CONTROLBAR:LaserMissileAttack,1,&Laser Missile Attack,
CONTROLBAR:KnifeAttack,1,&Knife Attack,
CONTROLBAR:ClimbCliff,1,&Climb Cliff,
CONTROLBAR:TimedDemoCharge,1,&Timed Demo Charge,
CONTROLBAR:RemoteDemoCharge,1,&Remote Demo Charge,
CONTROLBAR:DetonateCharges,1,&Detonate Charges,
CONTROLBAR:DetonateNuke,1,Detonate &Nuke,
CONTROLBAR:ManualControl,1,&Manual Control,
CONTROLBAR:ProximityFuse,1,&Proximity Fuse,
CONTROLBAR:Detonate,1,&Detonate!,
CONTROLBAR:EmergencyRepair,1,&Emergency Repair,
CONTROLBAR:FireParticleUplinkCannon,1,Fire &Particle Cannon,
CONTROLBAR:Options,1,In-Game Menu,
CONTROLBAR:OptionsDescription,1,This will open up the In-Game Menu.,
CONTROLBAR:IdleWorker,1,Idle Worker,
CONTROLBAR:IdleWorkerDescription,1,Click to select the next idle worker.,
CONTROLBAR:Beacon,1,Beacon,
CONTROLBAR:BeaconDescription,1,Click to place a beacon.,
CONTROLBAR:Communicator,1,Communicator,
CONTROLBAR:CommunicatorDescription,1,Click to open the Generals Communicator.,
CONTROLBAR:AmbulanceCleanupArea,1,&Clean Toxins,
RADAR:UnitUnderAttack,1,Unit under attack.,
RADAR:StructureUnderAttack,1,Structure under attack.,
RADAR:UnderAttack,1,Under attack.,
RADAR:Infiltration,1,Enemy infiltration detected.,
UPGRADE:AdvancedTraining,1,Advanced Training,
UPGRADE:AmericaLaserMissiles,1,America Laser Missiles,
UPGRADE:Mines,1,Land Mines,
UPGRADE:Radar,1,Radar,
UPGRADE:OverlordGattlingCannon,1,Overlord Gattling Cannon,
UPGRADE:OverlordPropagandaTower,1,Overlord Propaganda Tower,
UPGRADE:OverlordBattleBunker,1,Overlord Battle Bunker,
UPGRADE:ControlRods,1,Control Rods,
UPGRADE:ScoutDrone,1,Scout Drone,
UPGRADE:BattleDrone,1,Battle Drone,
UPGRADE:RangerFlashBangGrenade,1,Ranger Flash-Bang Grenades,
UPGRADE:HoverTank,1,Hover Tank,
UPGRADE:TomahawkRemoteControl,1,Cruise Missiles,
UPGRADE:AircraftFuel,1,Aircraft Fuel,
UPGRADE:LaserMissiles,1,Laser Missiles,
UPGRADE:TOWMissile,1,TOW Missile,
UPGRADE:ComancheRocketPods,1,Comanche Rocket Pods,
UPGRADE:RailGun,1,Rail Gun,
UPGRADE:Nationalism,1,Nationalism,
UPGRADE:AntiTankGrenade,1,Anti-Tank Grenades,
UPGRADE:VehicleHack,1,Vehicle Hack,
UPGRADE:IRGoggles,1,Infrared Goggles,
UPGRADE:BlackNapalm,1,Black Napalm,
UPGRADE:ChainGuns,1,Chain Guns,
UPGRADE:SubliminalMessaging,1,Subliminal Messaging,
UPGRADE:UraniumShells,1,Uranium Shells,
UPGRADE:NuclearTanks,1,Nuclear Tanks,
UPGRADE:StunBullets,1,Stun Bullets,
UPGRADE:TranqDarts,1,Tranq. Darts,
UPGRADE:APBullets,1,AP Bullets,
UPGRADE:BioBomb,1,Bio-Bomb,
UPGRADE:HighExplosiveBomb,1,High-Explosive Bomb,
UPGRADE:ArmTheMob,1,Arm The Mob,
UPGRADE:ScorpionRocket,1,Scorpion Rocket,
UPGRADE:SCUDLauncherExplosiveWarhead,1,Explosive Warhead,
UPGRADE:SCUDLauncherAnthraxWarhead,1,Anthrax Warhead,
UPGRADE:BuggyAmmo,1,Rocket Buggy Ammo,
UPGRADE:AnthraxBeta,1,Anthrax Beta,
UPGRADE:ToxinShells,1,Toxin Shells,
UPGRADE:JunkRepair,1,Junk Repair,
UPGRADE:Camouflage,1,Camouflage,
UPGRADE:CompositeArmor,1,Composite Armor,
OBJECT:Beacon,1,Beacon,
OBJECT:Dam,1,Dam,
OBJECT:CommandCenter,1,Command Center,
OBJECT:ColdFusionReactor,1,Cold Fusion Reactor,
OBJECT:NuclearReactor,1,Nuclear Reactor,
OBJECT:DemoTrap,1,Demo Trap,
OBJECT:PowerPlant,1,Power Plant,
OBJECT:DetentionCamp,1,Detention Camp,
OBJECT:StrategyCenter,1,Strategy Center,
OBJECT:Airfield,1,Air Field,
OBJECT:SupplyCenter,1,Supply Center,
OBJECT:AmericaSupplyDropZone,1,Supply Drop Zone,
OBJECT:SupplyStash,1,Supply Stash,
OBJECT:Barracks,1,Barracks,
OBJECT:BlackMarket,1,Black Market,
OBJECT:WarFactory,1,War Factory,
OBJECT:ArmsDealer,1,Arms Dealer,
OBJECT:AmmoCache,1,Ammo Cache,
OBJECT:AmphibiousTransport,1,Amphibious Transport,
OBJECT:AutoFerry,1,Automobile Ferry,
OBJECT:TrainGuide,1,Train Guide,
OBJECT:AngryMob,1,Angry Mob,
OBJECT:TankHunter,1,Tank Hunter,
OBJECT:Apartment,1,Apartment,
OBJECT:ChemicalFactory,1,Chemical Factory,
OBJECT:GovBuilding,1,Government Building,
OBJECT:TechHospital,1,Hospital -- Capture to allow all infantry to auto heal,
OBJECT:ApartmentComplex,1,Apartment Complex,
OBJECT:SpyPost,1,Spy Post,
OBJECT:SupplyPile,1,Supply Pile,
OBJECT:TrainStation,1,Train Station,
OBJECT:TechRadioStation,1,Radio Station,
OBJECT:TechOilDerrick,1,Oil Derrick -- Capture to receive additional funds,
OBJECT:Arcade,1,Arcade,
OBJECT:Aurora,1,Aurora Bomber,
OBJECT:A10Thunderbolt,1,A10 Thunderbolt,
OBJECT:AVPOWTRUCK,1,POW Truck,
OBJECT:B52,1,B52,
OBJECT:BMW,1,Car,
OBJECT:Bank,1,Bank,
OBJECT:BarnCoop,1,Barn Coop,
OBJECT:BarnShed,1,Barn Shed,
OBJECT:Barrel,1,Barrel,
OBJECT:BattleDrone,1,Battle Drone,
OBJECT:BattleMaster,1,Battlemaster,
OBJECT:Battleship,1,Battleship,
OBJECT:BigRig,1,Big Rig,
OBJECT:BikeRack,1,Bike Rack,
OBJECT:Billboard,1,Billboard,
OBJECT:Bird,1,Bird,
OBJECT:BombTruck,1,Bomb Truck,
OBJECT:Boulders,1,Boulders,
OBJECT:Boxes,1,Boxes,
OBJECT:BrickWall,1,Brick Wall,
OBJECT:BrokenWall,1,Broken Wall,
OBJECT:Bunker,1,Bunker,
OBJECT:BurningBarricade,1,Burning Barricade,
OBJECT:Checkpoint,1,Checkpoint,
OBJECT:BusStop,1,Bus Stop,
OBJECT:Bush,1,Bush,
OBJECT:Camaro,1,Car,
OBJECT:CarBug,1,Car,
OBJECT:CarSwatchEuro,1,Car,
OBJECT:CargoLoadingCranes,1,Cargo Loading Cranes,
OBJECT:CargoNet,1,Cargo Net,
OBJECT:Cart,1,Cart,
OBJECT:ChainLinkFence,1,Chain-link Fence,
OBJECT:Chalet,1,Chalet,
OBJECT:CheckPointCrossingGuard,1,Checkpoint,
OBJECT:Chinook,1,Chinook,
OBJECT:Church,1,Church,
OBJECT:Clete,1,Clete,
OBJECT:ClothesLine,1,Clothesline,
OBJECT:Comanche,1,Comanche,
OBJECT:ComancheHull,1,Comanche Hull,
OBJECT:CompactCar,1,Compact Car,
OBJECT:Ambassador,1,Ambassador,
OBJECT:Redguard,1,Red Guard,
OBJECT:ConstructionBarricade,1,Construction Barricade,
OBJECT:ConvenienceStore,1,Convenience Store,
OBJECT:ConvoyTruck,1,Convoy Truck,
OBJECT:Cottage,1,Cottage,
OBJECT:Crate,1,Crate,
OBJECT:CrossingGuard,1,Crossing Guard,
OBJECT:Crusader,1,Crusader,
OBJECT:Paladin,1,Paladin,
OBJECT:DaisyCutterBomb,1,Fuel Air Bomb,
OBJECT:BlackMarketNuke,1,Black Market Nuke,
OBJECT:ToxinTank,1,Toxin Tank,
OBJECT:AnthraxBomb,1,Anthrax Bomb,
OBJECT:CarpetBomb,1,Carpet Bomb,
OBJECT:ClusterMinesBomb,1,Cluster Mines,
OBJECT:EMPPulseBomb,1,EMP Pulse,
OBJECT:NeutronMissile,1,Nuclear Missile,
OBJECT:Dealership,1,Dealership,
OBJECT:Dirt,1,Dirt,
OBJECT:Docks,1,Docks,
OBJECT:DogwoodTree,1,Tree,
OBJECT:Dozer,1,Construction Dozer,
OBJECT:Dragon,1,Dragon Tank,
OBJECT:ElectricRetail,1,Electric Retail,
OBJECT:ElectricalTransformer,1,Electrical Transformer,
OBJECT:FireHydrant,1,Fire Hydrant,
OBJECT:StructureMine,1,Mine,
OBJECT:ClusterMine,1,Mine,
OBJECT:FireStorm,1,Fire Storm,
OBJECT:FlamingInfantry,1,Flaming Infantry,
OBJECT:ToxicInfantry,1,Toxic Infantry,
OBJECT:FoodCart,1,Food Cart,
OBJECT:Fountain,1,Fountain,
OBJECT:FruitStand,1,Fruit Stand,
OBJECT:Gargoyle,1,Gargoyle,
OBJECT:GasStation,1,Gas Station,
OBJECT:GasStorageFacility,1,Gas Storage Facility,
OBJECT:GattlingTank,1,Gattling Tank,
OBJECT:GrassHut,1,Grass Hut,
OBJECT:Gravel,1,Gravel,
OBJECT:FlashBangGrenade,1,Flash-Bang Grenade,
OBJECT:TankShell,1,Tank Shell,
OBJECT:Rebel,1,Rebel,
OBJECT:JarmenKell,1,Jarmen Kell,
OBJECT:GuardTower,1,Guard Tower,
OBJECT:GuardianControlCenter,1,Guardian Control Center,
OBJECT:GuardianDrone,1,Guardian Drone,
OBJECT:BlackLotus,1,Black Lotus,
OBJECT:Hanger,1,Hangar,
OBJECT:HarvardsOffice,1,Trash Bin,
OBJECT:Hedge,1,Hedge,
OBJECT:HighwaySign,1,Highway Sign,
OBJECT:Hijacker,1,Hijacker,
OBJECT:AngryMobNexus,1,<<ANGRY M0B>>,
OBJECT:Hotel,1,Hotel,
OBJECT:Humvee,1,Humvee,
OBJECT:POWTruck,1,POW Truck,
OBJECT:IndustrialBuilding,1,Industrial Building,
OBJECT:InfernoCannon,1,Inferno Cannon,
OBJECT:JapaneseLantern,1,Japanese Lantern,
OBJECT:JunkCar,1,Junk Car(s),
OBJECT:Limo,1,Limo,
OBJECT:Lumber,1,Lumber,
OBJECT:MIG,1,MiG,
OBJECT:MailBox,1,MailBox,
OBJECT:ManHoleCover,1,ManHole Cover,
OBJECT:MapleTree,1,Tree,
OBJECT:MarketVendor,1,Market Vendor,
OBJECT:Medic,1,Ambulance,
OBJECT:MegaMall,1,Mega Mall,
OBJECT:Missile,1,Missile,
OBJECT:MissileTeam,1,Missile Defender,
OBJECT:Moat,1,Moat,
OBJECT:MogadishuHighrise,1,Highrise,
OBJECT:NewsStand,1,News Stand,
OBJECT:NightClub,1,Night Club,
OBJECT:NotAMosque,1,Dome,
OBJECT:NuclearMissile,1,Nuclear Missile,
OBJECT:NukeLauncher,1,Nuke Cannon,
OBJECT:ParticleCannon,1,Particle Cannon,
OBJECT:OakTree,1,Tree,
OBJECT:Office,1,Office,
OBJECT:OilDepot,1,Oil Depot,
OBJECT:OilRefinery,1,Oil Refinery,
OBJECT:OilTank,1,Oil Tank,
OBJECT:OldWoodenTelephonePole,1,Telephone Pole,
OBJECT:Outpost,1,Outpost,
OBJECT:Overlord,1,Overlord,
OBJECT:Palace,1,Palace,
OBJECT:PalmTree,1,Tree,
OBJECT:ParkBench,1,Park Bench,
OBJECT:ParkGazebo,1,Park Gazebo,
OBJECT:ParkPavillion,1,Park Pavillion,
OBJECT:ParkingGarage,1,Parking Garage,
OBJECT:ParkingMeter,1,Parking Meter,
OBJECT:Pathfinder,1,Pathfinder,
OBJECT:PatriotBattery,1,Patriot Missile,
OBJECT:GattlingCannon,1,Gattling Cannon,
OBJECT:PatriotMissile,1,Patriot Missile,
OBJECT:PhoneBooth,1,Phone Booth,
OBJECT:PineTree,1,Tree,
OBJECT:PoliceCar,1,Police Car,
OBJECT:Prison,1,Prison,
OBJECT:PropagandaBlimp,1,Prop. Blimp,
OBJECT:PropagandaCenter,1,Propaganda Center,
OBJECT:Pub,1,Watering Hole,
OBJECT:QuadCannon,1,Quad Cannon,
OBJECT:QuonsetHut,1,Quonset Hut,
OBJECT:RailTie,1,Rail Tie,
OBJECT:Ranger,1,Ranger,
OBJECT:Raptor,1,Raptor,
OBJECT:RaptorPilot,1,Pilot,
OBJECT:Restaurant,1,Restaurant,
OBJECT:RetailStore,1,Retail Store,
OBJECT:RiverHouse,1,River House,
OBJECT:RoadCone,1,Road Cone,
OBJECT:RocketBuggy,1,Rocket Buggy,
OBJECT:RadarVan,1,Radar Van,
OBJECT:RocketBuggyDebris,1,Rocket Buggy Debris,
OBJECT:RocketBuggyMissile,1,Rocket Buggy Missile,
OBJECT:TomahawkMissile,1,Tomahawk Missile,
OBJECT:SCUDMissile,1,SCUD Missile,
OBJECT:RangerTeamMissile,1,Ranger Team Missile,
OBJECT:Rocks,1,Rocks,
OBJECT:RopeCoil,1,Rope Coil,
OBJECT:Rubble,1,Rubble,
OBJECT:ColonelBurton,1,Colonel Burton,
OBJECT:SUV,1,SUV,
OBJECT:Schoolhouse,1,Schoolhouse,
OBJECT:Scorpion,1,Scorpion,
OBJECT:Marauder,1,Marauder Tank,
OBJECT:ScoutDrone,1,Scout Drone,
OBJECT:SpyDrone,1,Spy Drone,
OBJECT:ScrapCar,1,Scrap Car,
OBJECT:ScudLauncher,1,SCUD Launcher,
OBJECT:ScudStorm,1,SCUD Storm,
OBJECT:SecretLab,1,Secret Lab,
OBJECT:SecretPolice,1,Secret Police,
OBJECT:SecurityFence,1,Security Fence,
OBJECT:Hacker,1,Hacker,
OBJECT:Officer,1,Officer,
OBJECT:Agent,1,Agent,
OBJECT:Sedan,1,Sedan,
OBJECT:SeismicTank,1,Seismic Tank,
OBJECT:Shack,1,Shack,
OBJECT:ShippingContainer,1,Shipping Container,
OBJECT:ShippingCrate,1,Shipping Crate,
OBJECT:SignalLights,1,Signal Lights,
OBJECT:Slide,1,Slide,
OBJECT:SovietBuilding,1,Old Office Building,
OBJECT:SovietGovtBuildingSmall,1,Old Govt. Building,
OBJECT:SovietRadioBuilding,1,Old Radio Building,
OBJECT:SpeakerTower,1,Speaker Tower,
OBJECT:SportCar,1,Sports Car,
OBJECT:Sprinkler,1,Sprinkler,
OBJECT:SpruceTree,1,Tree,
OBJECT:StanTallTower,1,Tall Tower,
OBJECT:Starlifter,1,Starlifter2,
OBJECT:StatueAngel,1,Angel Statue,
OBJECT:StatueLenin,1,Statue,
OBJECT:StatueRoman,1,Roman Statue,
OBJECT:StealthFighter,1,Stealth Fighter,
OBJECT:StingerSite,1,Stinger Site,
OBJECT:StoneArch,1,Stone Arch,
OBJECT:StoneWall,1,Stone Wall,
OBJECT:PicketFence,1,Picket Fence,
OBJECT:StopLight,1,Stop Light,
OBJECT:StreetLamp,1,Street Lamp,
OBJECT:StreetLight,1,Street Light,
OBJECT:StreetSign,1,Street Sign,
OBJECT:SupplyTruck,1,Supply Truck,
OBJECT:SupplyWarehouse,1,Supply Dock,
OBJECT:Swing,1,Swing,
OBJECT:TVStation,1,TV Station,
OBJECT:TankTrap,1,Tank Trap,
OBJECT:TankerTruck,1,Tanker Truck,
OBJECT:TaxiCab,1,Taxi Cab,
OBJECT:Technical,1,Technical,
OBJECT:Tent,1,Tent,
OBJECT:Terrorist,1,Terrorist,
OBJECT:Tire,1,Tire,
OBJECT:TireObstacle,1,Tire Obstacle,
OBJECT:Tollbooth,1,Toll booth,
OBJECT:Tomahawk,1,Tomahawk,
OBJECT:TownHouse,1,Townhouse,
OBJECT:ToxinTruck,1,Toxin Tractor,
OBJECT:TrashCan,1,Trash Can,
OBJECT:TrashDumpster,1,Trash Bin,
OBJECT:TrashPaper,1,Trash Paper,
OBJECT:TrashPile,1,Trash Pile,
OBJECT:TreeStump,1,Tree Stump,
OBJECT:TroopCrawler,1,Troop Crawler,
OBJECT:TunnelDefender,1,RPG Trooper,
OBJECT:TunnelNetwork,1,Tunnel Network,
OBJECT:Cave,1,Cave,
OBJECT:GLAHole,1,GLA Hole,
OBJECT:GLARock,1,GLA Rock,
OBJECT:UNHumvee,1,UN Humvee,
OBJECT:UNSoldier,1,UN Soldier,
OBJECT:VendingMachine,1,Vending Machine,
OBJECT:Wall,1,Wall,
OBJECT:ConcreteWall,1,Concrete Wall,
OBJECT:WatchTower,1,Watch Tower,
OBJECT:WaterPlant,1,Water Plant,
OBJECT:WindMill,1,Wind Mill,
OBJECT:WoodBeams,1,Wood Beams,
OBJECT:WoodTower,1,Wood Tower,
OBJECT:WoodWall,1,Wood Wall,
OBJECT:WoodenBarrels,1,Wooden Barrels,
OBJECT:Worker,1,Worker,
OBJECT:Birch,1,Tree,
OBJECT:Building,1,Building,
OBJECT:Cathedral,1,Cathedral,
OBJECT:FarmHouse,1,Farm House,
OBJECT:Fir,1,Tree,
OBJECT:Garage,1,Garage,
OBJECT:OscarTheGrouch,1,Junk Dealer,
OBJECT:Pilot,1,Pilot,
OBJECT:Pump,1,Pump,
OBJECT:Shop,1,Shop,
OBJECT:StingerMissile,1,Stinger Missile,
OBJECT:StingerSoldier,1,Stinger Soldier,
OBJECT:StorageTank,1,Storage Tank,
OBJECT:Well,1,Well,
OBJECT:WineVat,1,Vat,
OBJECT:GenericMale,1,Civilian,
OBJECT:GenericFemale,1,Civilian,
OBJECT:MogadishuFemaleCivilian,1,Civilian,
OBJECT:MogadishuMaleCivilian,1,Civilian,
OBJECT:Crane,1,Crane,
OBJECT:OceanCenter,1,Convention Center,
OBJECT:SoccerStadium,1,Soccer Stadium,
OBJECT:Ambulance,1,Ambulance,
OBJECT:AsianCar,1,Car,
OBJECT:Backhoe,1,Backhoe,
OBJECT:LargeForklift,1,Large Forklift,
OBJECT:SmallForklift,1,Forklift,
OBJECT:CropDuster,1,Crop Duster,
OBJECT:Cessna,1,Plane,
OBJECT:ChickenTruck,1,Chicken Truck,
OBJECT:Combine,1,Combine,
OBJECT:Eurovan,1,Van,
OBJECT:EuroPoliceVan,1,Police Van,
OBJECT:Firetruck,1,Fire Truck,
OBJECT:FarmerTruck,1,Farmer Truck,
OBJECT:AsianFishingBoat,1,Fishing Boat,
OBJECT:TourBus,1,Tour Bus,
OBJECT:FishingTrowler,1,Fishing Trowler,
OBJECT:WorkTruck,1,Work Truck,
OBJECT:TugBoat,1,Tug Boat,
OBJECT:BioHazardTech,1,Bio-Hazard Technician,
OBJECT:MilitiaTank,1,Militia Tank,
Network:PlayerDisconnected,1,%s has been disconnected.,
Network:PlayerLeftGame,1,%s has left the game.,
Network:Vote,1,Vote,
Network:QuitGame,1,QUIT GAME,
MAP:AlpineAssault,1,Alpine Assault,
MAP:AustrianAmbush,1,Market Garden,
MAP:Badlands,1,Desert Fury,
MAP:BridgeBusters,1,Iron Dragon,
MAP:KashmarKlash,1,Wasteland Warlords,
MAP:Oasis,1,Golden Oasis,
MAP:ScorchedEarth,1,Scorched Earth,
MAP:SleepyHollow,1,Heartland Shield,
MAP:SmalltownUSA,1,Homeland Alliance,
MAP:TampicoTrauma,1,Silent River,
MAP:WoodcrestCircle,1,Final Crusader,
MAP:XinjiangBang,1,Winter Wolf,
Audio:Speakers0,1,2 Speakers,
Audio:Speakers1,1,Headphones,
Audio:Speakers2,1,Surround Sound,
Audio:Speakers3,1,4 Speaker,
Audio:Speakers4,1,5.1 Surround,
Audio:Speakers5,1,7.1 Surround,
MAP:CHI01ObjectiveText,1,"MISSION OBJECTIVE 
 Destroy the Nuclear Warhead Storage Facility.",
MAP:CHI02Open,1,"Hong Kong, China 
 Hong Kong Crisis",
SCRIPT:CHI02AudioHolder01,1,"<Red Guard speaking> 
 'General, we're all that's left of the assault force! We need to build a Command Center and get the radar up to receive new orders.'",
SCRIPT:CHI02AudioHolder02,1,"<Red Guard speaking> 
 'General, if we don't get our radar up we can't receive intelligence on the enemy's position. We need that radar.'",
SCRIPT:CHI02AudioHolder03,1,"<'EVA' speaking> 
 'General, you're alive!?! We thought we lost you when the bridge went down. Well, you're not out of danger yet, so let's get started.'",
SCRIPT:CHI02AudioHolder04,1,"<'EVA' speaking> 
 'First, you're going to need to finish your base. The barracks, reactor, and supply center are all essential to your survival, so finish constructing them immediately. I'll contact you again once your base is complete.'",
SCRIPT:CHI02AudioHolder05,1,"<'EVA' speaking> 
 'Excellent, your base is completeexcept for a War Factory. We need to get you one now. There should be a surplus base--with a War Factory--here'",
SCRIPT:CHI02AudioHolder06,1,"<'EVA' speaking> 
 'I don't know what condition the base is in, but it should allow you to build armored units to help your fight. Get there as soon as possible, General.'",
SCRIPT:CHI02AudioHolder07,1,"<'EVA' speaking> 
 'Now we know the GLA's reason for coming to Hong Kong: They're targeting key buildings around the city. Our main objective is to destroy all of the GLA's forces, but if we can also keep them from destroying those buildings, our leaders would be most grateful.'",
SCRIPT:CHI02AudioHolder08,1,"<'EVA' speaking> 
 'If you can keep your radar operating, I can track the Terrorists for you and give you their possible targets.'",
SCRIPT:CHI02AudioHolder09,1,"<'EVA' speaking> 
 'General, a Terrorist is leaving the Convention Center, and he's strapped with enough explosives to bring down a building! I'll mark the Terrorist in red on your radar. I'll mark his possible targets in yellow. Stop him before he reaches one of those targets!'",
SCRIPT:CHI02AudioHolder10,1,"<'EVA' speaking> 
 'Another Terrorist has left the Convention Center! I'll mark his location in red. His possible targets are marked in yellow. Stop him, General.'",
SCRIPT:CHI02AudioHolder11,1,"<'EVA' speaking> 
 'General, this building is a Terrorist target--we must protect it!'",
SCRIPT:CHI02AudioHolder12,1,"<'EVA' speaking> 
 'General, the Terrorists have taken over the Convention Center! You're going to have to destroy the Convention Center and the attached parking structures to stop the Terrorist threat.'",
SCRIPT:CHI02AudioHolder13,1,"<'EVA' speaking> 
 'Excellent, you've reached the surplus base. Hmmit's not much to look at, but it will allow you to build tanksand more War Factories, if you need.'",
SCRIPT:CHI02AudioHolder14,1,"<'EVA' speaking> 
 'The Terroist threat is finished. Good work, General.'",
SCRIPT:CHI02AudioHolder15,1,"<'EVA' speaking> 
 'General, I've detected GLA armored units on the move. They didn't come from the Convention Center, so the GLA must have another base somewhere in Hong Kong. Find that base and destroy it!'",
SCRIPT:CHI02AudioHolder16,1,"<'EVA' speaking> 
 'General, the GLA have brought their Toxin Tractors with them. You'll know them by the green ooze they spray. Keep your infantry units away from them and use your tanks to deal with this new threat.'",
SCRIPT:CHI02AudioHolder17,1,"<'EVA' speaking> 
 'Good work, General, you've destroyed the Toxin base. Now they shouldn't be able to build any more Toxin Tractors.'",
SCRIPT:CHI02AudioHolder18,1,"<'EVA' speaking> 
 'Wait, General, there is a large force up ahead. I'll call for an EMP strike to clear the areastandby'",
SCRIPT:CHI02AudioHolder19,1,"<'EVA' speaking> 
 'That should give you a clear path to their base. Let's finish this, General.'",
SCRIPT:CHI02AudioHolder20,1,"<AutoFerry Capt. speaking> 
 'Finally, the military is here! Those Terrorists are ruining my business! If you put your forces aboard I'll take you out to the Convention Center. You can sneak in the backdoor and catch them by surprize. Jut hit the Transport button when you're ready.'",
SCRIPT:CHI02Box01,1,"Use the DOZER to build the COMMAND CENTER. 
 Once the COMMAND CENTER is complete, 
 select it and begin the RADAR upgrade. 
 Once the upgrade is finished, a radar screen will appear 
 in the lower-left-hand corner of the Command Interface.",
SCRIPT:CHI02Box02,1,"NEW UNIT: DRAGON TANK 
 The DRAGON TANK breathes fire that can quickly dispatch enemy infantry, 
 even if they are garrisoned inside a building or structure.",
MAP:CHI02Obj01,1,"Mission Objective: 
 Destroy the Convention Center 
 and its attached parking structures 
 to stop the Terrorist threat.",
MAP:CHI02Obj02,1,"Mission Objective: 
 Destroy the GLA base.",
MAP:CHI02SecondaryObj01,1,"Secondary Objective: 
 Stop GLA Terrorists from destroying 
 targeted buildings in downtown Hong Kong.",
MAP:CHI02SecondaryObj02,1,"Secondary Objective: 
 Destroy the Toxin Tractor production facility.",
MAP:CHI03Open,1,"Three Gorges Dam...Hubei Province, China 
 A Flood of Violence",
MAP:CHI03Obj1,1,"Mission Objective: 
 Destroy the Dam",
MAP:CHI03Obj2,1,"Mission Objective: 
 Destroy the GLA base",
MAP:CHI03Obj3,1,"Mission Objective: 
 Defeat all remaining GLA forces",
MAP:CHI03AudioHolder01,1,"<Red Guard speaking> 'General, the water level has dropped! GLA forces are crossing the river!'",
MAP:CHI06Open,1,"Bishkek, Aldastan Subcapital 
 Dead in their Tracks",
MAP:CHI06Obj1,1,"Mission Objective: 
 Get Black Lotus to the middle of the train bridge",
MAP:CHI07Open,1,"Dushanbe, Aldastan Capital City 
 Nuclear Winter",
MAP:Demo58Open,1,"Kazakhstan DMZ 
 Operation: Blue Eagle",
MAP:Demo58End1,1,Battle Control Off-Line...,
MAP:Demo58End2,1,"COMMAND AND CONQUER GENERALS 
 COMING: CHRISTMAS 2002",
MAP:Demo48Open,1,"Mazar Free Fire Zone 
 Operation: White Knight",
MAP:GLA02MapName,1,Pillage the Village,
MAP:GLA02Open,1,"Villages Outside Almaty, Kazakhstan 
 Aid Supplies Drop Zone",
MAP:GLA02ObjectiveText01,1,"MISSION OBJECTIVE 
 Collect $40,000 in stolen supplies",
MAP:GLA021stThirdObjective,1,"First Goal: 
 Collect $20,000 by taking the UN Convoys' crates",
MAP:GLA022ndThirdObjective,1,"Second Goal: 
 Collect $30,000 by taking the crates dropped by the US planes",
MAP:GLA023rdThirdObjective,1,"Final Goal: Collect $40,000 in supplies by raiding the US base",
MAP:GLA02CivBuildingHint,1,"Villagers have supplies stored in their homes. 
 Destroy their homes and steal the supplies hidden there",
MAP:GLA02CivKillHint,1,The villagers are taking our supplies. STOP THEM!,
MAP:GLA02QuadsArrival,1,"Reinforcments have arrived: 
 Use Quad Cannons to bring down enemy aircraft",
MAP:GLA02CrateReminder,1,Collect the crates to reach your goal.,
MAP:GLA02MonkeyReminder,1,You will not reach our goal if you spend all your money.,
MAP:GLA06MapName,1,Appropriate Poisons,
MAP:GLA06Open,1,"Western Shore of the Aral Sea, Kazakhstan 
 Toxic Waste Containment and Disposal Facilities",
MAP:GLA06MissionObjective,1,"MISSION OBJECTIVE: 
 Capture 4 Bunkers and Wipe out all American defenders",
MAP:GLA06BunkerWarning,1,"WARNING: 
 The Bunkers are fragile and will explode violently when destroyed",
MAP:GLA06BunkerDestroyed,1,"WARNING: 
 The fool Americans are trying to stop us by destroying the bunkers!",
MAP:GLA06BunkerRetaken,1,The Americans have retaken our bunker. Take it back now!,
MAP:GLA06BunkerObjective,1,You must own 4 bunkers to complete your mission,
MAP:GLA06KillEnemies,1,"You own the required number of bunkers. 
 Now wipe out the Americans to secure your victory!",
MAP:GLA06ScoutsInBase,1,"American scouts have found us! 
 Be prepared to fight the Americans",
MAP:GLA06Only8Bunkers,1,"You must be more careful with the bunkers! 
 You must own 4 to complete your mission",
MAP:GLA06Only6Bunkers,1,"Only 6 Bunkers remain! 
 If 3 more are destroyed your mission will fail!",
MAP:GLA06Only4Bunkers,1,"WARNING: 
 If another bunker is destroyed your mission will fail.",
MAP:GLA07MapName,1,Trojan Horse,
MAP:GLA07Open,1,"Somewhere Near Lenger, Kazakhstan 
 Splinter Cell-Controlled Region",
SCRIPT:GLA07ChnTmr,1,Chinese Forces Arrive In:,
MAP:GLA07ChineseArrival,1,WARNING: Chinese forces have entered the area.,
MAP:GLA07MissionObjective,1,"MISSION OBJECTIVE 
 Eliminate all traitors",
MAP:GLA07ConvoyHint01,1,"Sneak the stolen trucks into the traitors' base 
 Once inside detonate the trucks to destroy the traitors",
MAP:GLA07ConvoyHint02,1,"WARNING: 
 If your forces are seen with the stolen trucks the traitors 
 will know they are yours",
MAP:GLA07ConvoyHint03,1,"WARNING: This area is off limits to the stolen trucks 
 If the traitors discover them here they will be attacked",
MAP:GLA07ConvoyHint04,1,"Order the trucks to detonate near the traitors' buildings 
 for maximum effectiveness.",
MAP:GLA07BaseKIACleanUp,1,"The traitor base is destroyed! 
 Wipe out their remaining forces to complete your victory",
MAP:GLA07ConvoyDetected,1,"ALERT! 
 The traitors know we control the convoy! 
 The convoy will now be attacked by the traitors!",
MAP:GLA03Open,1,"Zhambul, Kazakhstan 
 Chinese-Controlled Civilian Population Center",
MAP:USA01Open,1,"Mazar Free Fire Zone 
 Operation: Silent Dawn",
SCRIPT:TrainingMove,1,Left click on units to select them. Selected units can be given commands. With a unit selected you can left click on the ground to give them a move command. Left click on enemy soldiers to order your selected unit to attack.,
SCRIPT:TrainingCommand,1,You have liberated a USA Command Center. Here you can use many of your special abilties. To choose technologies and special weapons click on the flashing General button.,
SCRIPT:TrainingExplor,1,The Fog of War around your units can be pushed back by moving into new and unexplored areas. The Fog shows you where you have explored and where you have not. Explore new areas to find enemy forces and resources to expand your army.,
SCRIPT:TrainingBarracks,1,You have liberated a USA Barracks. Buildings like this allow you to train new units. The Barracks trains soldiers. Left click on your new Barracks to see what soldiers you can train. Left click on a unit in the Barracks to spend the supplies to create that unit.,
SCRIPT:TrainingPilots,1,You have freed several Pilots. USA pilots are often veterans of many battles and they can enter your vehicles to provide their skills and experience to the crew of the vehicle. Vehicles with golden chevrons near them have experienced crews and are more effective in combat.,
SCRIPT:TrainingSupply,1,"You have liberated a USA Supply Center. Supply Centers collect supplies, providing you with the resources to build new buildings and units. Each Supply Center automatically generates a single Chinook helicopter that will gather supplies for you.",
SCRIPT:TrainingDozer,1,"You have liberated a USA Construction Dozer. Left click on your new Construction Dozer to see what buildings it can create. Select the War Factory and choose a location for it to be built. Once done creating the War Factory, the Dozer will be available for other construction projects.",
SCRIPT:TrainingUnits,1,Your new War Factory can be used to build vehicles like Crusader Tanks. Left click on a Crusader Tank to order it to be built. You can left click multiple times to order multiple tanks to be constructed.,
SCRIPT:TrainingPower,1,You have liberated a USA Cold Fusion Reactor. Reactors are used by American and Chinese forces to power their base. Your power bar indicates how much power your base has. If your base runs low on power base defenses may go off-line and your radar will go out.,
SCRIPT:TrainingAbilities,1,"Some units have special abilities. Select a unit to see what special powers it has. Left click on the power to activate it. In the case of the USA Crusader Tank, each tank can build a single Battle Drone. Battle Drones are small robotic helpers that automatically engage enemies and repair their Crusader Tank in case it is damaged by enemy fire.",
SCRIPT:TrainingObjective,1,You have liberated an entire USA base and are now ready to carry the fight to the enemy. Each mission has mission objectives that you must follow in order to win the mission and to progress in your war against your enemies. Follow the mission objective to win the mission.,
SCRIPT:TrainingUrban,1,Civilian buildings can be occupied by soldiers. Order your soldiers to enter civilian buildings to get a defensive bonus. Civilian buildings occupied in this way are powerful strong-points for your troops and can be used to defend important routes into and out of your base.,
SCRIPT:TrainingTech,1,"Civilian Objective Buildings can be captured by your Rangers. Holding these buildings will give you advantages against your enemies. Capture the Oil Derricks by selecting a Ranger, left clicking the capture button and then left clicking on the Oil Derrick itself. Oil Derricks provide you with additional resources as they pump oil.",
SCRIPT:TrainingCrate,1,"Crates contain bonus items for your soldiers that will increase their abilities. Additional ammunition, armor and other items can be found in crates. Order your soldiers or vehicles to move onto a crate to open it and collect the contents.",
SCRIPT:TrainingMissionObjective,1,"MISSION OBJECTIVE 
 Destroy GLA Bio-Weapons Factory",
SCRIPT:TrainingOpeningObjective,1,"MISSION OBJECTIVE 
 Liberate the USA Base",
MAP:USA01Opening,1,"Iraqi War Zone 
 Operation: Final Justice",
MAP:USA01BahdadText,1,"Siege of Baghdad 
 Day 3",
MAP:USA01ObjectiveText,1,"MISSION OBJECTIVE 
 Destroy the SCUD Storm",
MAP:USA02Open,1,"Al Hanad, Yemen 
 Operation: Treasure Hunt",
MAP:USA02Objective1Text,1,"MISSION OBJECTIVE 
 Rescue Captured Pilots",
MAP:USA02Objective2Text,1,"MISSION OBJECTIVE 
 Return the final Pilot to Base for debriefing.",
MAP:USA03Objective1Text,1,"MISSION OBJECTIVE 
 Ensure the escape of 100 U.S. forces",
SCRIPT:USA03RescueCounter,1,Escaped U.S. Forces:,
MAP:USA04Open,1,"Kazakhstan Coast, 1400 Hours 
 Operation: Stormbringer",
SCRIPT:USA04BomberTimer,1,Bombers Arriving In:,
MAP:USA06Objective1Text,1,"MISSION OBJECTIVE: 
 Prevent the GLA from constructing their river base",
MAP:USA06Objective2Text,1,"MISSION OBJECTIVE: 
 Destroy the GLA's Main Base",
SCRIPT:GLA03CivCounter,1,Traitors Killed:,
SCRIPT:GLA03Objective01,1,"MISSION OBJECTIVES: 
 Claim the Command Center to the East to begin production. 
 Kill 300 traitors.",
SCRIPT:GLA03Objective02,1,"MISSION OBJECTIVE: 
 Use Toxin Tractors to kill 300 traitors.",
SCRIPT:GLA03Objective03,1,Destroy the pharmaceutical factory in the north.,
MAP:GLA03Objective04,1,Free the prisoners!,
MAP:GLA03Objective05,1,Kill 300 traitors.,
MAP:GLA03Objective06,1,Destroy the pharmaceutical factory.,
SCRIPT:GLA04Objective01,1,"MISSION OBJECTIVE: 
 Destroy civilian buildings and gather $40,000.",
SCRIPT:GLA04Objective02,1,"Warning: 
 Spending money on units will put you farther from your goal of $40,000. 
 Be sure not to overspend.",
SCRIPT:GLA04Objective03,1,"Warning: 
 American forces are using the airport as a staging base. 
 Cross the river and destroy it.",
SCRIPT:GLA04Objective04,1,"Warning: 
 American aircraft dispatched to eliminate heavy vehicles. 
 Advise using Angry Mobs and Technicals only.",
SCRIPT:GLA05Objective01,1,"MISSION OBJECTIVE: 
 Destroy the American airbase.",
SCRIPT:GLA05Objective02,1,"MISSION OBJECTIVE: 
 Destroy the American airbase to the West.",
MAP:GLA01Open,1,"Shymkent DMZ 
 Operation: Black Rain",
MAP:GLA01ObjectiveText,1,MISSION OBJECTIVE: Destroy the Dam,
MAP:USA07Open,1,"Southeastern Kazakhstan 
 Operation: Desperate Union",
MAP:USA07Objective1,1,"MISSION OBJECTIVE: 
 Destroy the GLA to the northeast.",
MAP:USA07General,1,General's Arrival,
MAP:USA07Objective2,1,"MISSION OBJECTIVE: 
 Destroy the Chinese Command Center 
 and the Nuclear Missile Silo.",
MAP:GLA08Temp,1,"GLA Mission 8 - Southern Kazakhstan 
 Baikonur Cosmodrome",
MAP:CHI08Temp,1,"China Mission 8 - Last China Mission 
 Status: Incomplete",
MAP:CHI07Temp,1,"China Mission 7 - Nuke-O-Rama 
 Status: Incomplete",
MAP:CHI05Temp,1,"China Mission 5 - Firebomb GLA 
 Status: Incomplete",
MAP:USA08Temp,1,"USA Mission 8 - Devastate GLA 
 Status: Incomplete",
MAP:USA06Temp,1,"USA Mission 6 - E3 Revamp 
 Status: Incomplete",
MAP:USA05Temp,1,"USA Mission 5 - River Raid 
 Status: Incomplete",
CONTROLBAR:TooltipDaisyCutter,1,"Strong vs. Buildings 
 
 Countdown Timer: 6:00",
CONTROLBAR:TooltipFireParticleUplinkCannon,1,"Strong vs. Buildings 
 
 Countdown Timer: 4:00",
CONTROLBAR:TooltipParaDrop,1,"Drops Rangers by plane. 
 
 Countdown Timer: 4:00",
CONTROLBAR:TooltipClusterMines,1,"Drops mines by plane. 
 
 Countdown Timer: 4:00",
CONTROLBAR:TooltipEMPPulse,1,"Strong vs. Vehicles 
 
 Countdown Timer: 6:00",
CONTROLBAR:TooltipA10Strike,1,"Strong vs. Buildings 
 
 Countdown Timer: 4:00",
CONTROLBAR:TooltipFireNukeMissile,1,"Strong vs. Buildings, infantry 
 
 Countdown Timer: 6:00",
CONTROLBAR:TooltipFireSCUDStorm,1,"Strong vs. Buildings, Infantry 
 
 Countdown Timer: 5:00",
CONTROLBAR:TooltipFireArtilleryBarrage,1,"Strong vs. Buildings, Large groups 
 
 Countdown Timer: 5:00",
CONTROLBAR:TooltipFireSuperWeaponCashHack,1,"Steal money from enemy supply centers. 
 
 Countdown Timer: 4:00",
CONTROLBAR:TooltipFireSpySatScan,1,"Reveal target area. Spot hidden units. 
 
 Countdown Timer: 1:30",
CONTROLBAR:TooltipFireSpyDrone,1,"Create spy drone over target. 
 
 Countdown Timer: 1:30",
CONTROLBAR:TooltipFireRadarVanScan,1,"Reveal target area. Spot hidden ememies. 
 
 Countdown Timer: 0:30",
CONTROLBAR:TooltipFireRadioJam,1,"Cut enemy communication. 
 
 Countdown Timer: 4:00",
CONTROLBAR:TooltipFireEmergencyRepair,1,"Emergency Repair. 
 
 Countdown Timer: 4:00",
CONTROLBAR:TooltipFireRebelAmbush,1,"Creates rebels. 
 
 Countdown Timer: 4:00",
CONTROLBAR:TooltipFireAnthraxBomb,1,"Strong vs. Infantry 
 
 Countdown Timer: 6:00",
CONTROLBAR:TooltipCIAIntelligence,1,"Spy on enemy forces. 
 
 Countdown Timer: 3:20",
CONTROLBAR:TooltipDemoTrapProxy,1,Explode when enemy gets near,
CONTROLBAR:TooltipDemoTrapManual,1,Explode on your command,
CONTROLBAR:TooltipDemoTrapDetonate,1,Explode demo trap,
CONTROLBAR:TooltipMissileDefenderLaser,1,Laser-lock improves missile rate of fire,
CONTROLBAR:TooltipBattlePlansBombardment,1,"Deploy cannon. 
 All units: 20% Firepower Bonus",
CONTROLBAR:TooltipBattlePlansHoldTheLine,1,"Deploy walls. 
 All units: 10% Armor Bonus",
CONTROLBAR:TooltipBattlePlansSearchAndDestroy,1,"Deploy scanners. 
 All units: 20% Weapon Range Bonus",
CONTROLBAR:TooltipSetRallyPoint,1,Set the rally point for this building,
CONTROLBAR:TooltipSell,1,Sell the building for 50% of its value,
CONTROLBAR:TooltipNukeReactorOverCharge,1,Damage the reactor to create 50% more power,
CONTROLBAR:TooltipCancelUpgrade,1,Cancel this upgrade,
CONTROLBAR:TooltipUSAUpgradeAdvancedTraining,1,Units gain veterancy at twice the usual speed,
CONTROLBAR:TooltipUSAUpgradeDroneARmor,1,All drones get +50% armor,
CONTROLBAR:TooltipUSAUpgradeAdvancedControlRods,1,Reactor provides 100% more power,
CONTROLBAR:TooltipUSAUpgradeFlashBangGrenades,1,Rangers Flash-Bang civilian buildings to clear enemy soldiers,
CONTROLBAR:TooltipUSAUpgradeCompositeArmor,1,Crusaders get +40% armor. Paladins get +20% armor.,
CONTROLBAR:TooltipUSAUpgradeCruiseMissile,1,Tomahawks can be given a flight-path,
CONTROLBAR:TooltipUSAUpgradeTOW,1,Arm Humvees with a missile. Can fire at ground or air targets,
CONTROLBAR:USAUpgradeRocketPods,1,Comanches fire rocket barrage,
CONTROLBAR:TooltipUSAUpgradeLaserMissiles,1,Raptor and Stealth Fighter missiles do +25% more damage,
CONTROLBAR:TooltipChinaUpgradeMines,1,Creates mines around the building,
CONTROLBAR:TooltipUpgradeChinaOverlordGattlingCannon,1,Build a Gattling Cannon on this Overlord,
CONTROLBAR:TooltipUpgradeChinaOverlordPropagandaTower,1,Build a Propaganda Tower on this Overlord,
CONTROLBAR:TooltipUpgradeChinaOverlordBattleBunker,1,Build a Bunker on this Overlord. Bunker can be occupied by your soldiers,
CONTROLBAR:TooltipChinaUpgradeRadar,1,Build a radar for this Command Center,
CONTROLBAR:TooltipChinaUpgradeNationalism,1,"+25% to Horde bonus for Red Guard, Tank Hunter, Battlemaster",
CONTROLBAR:TooltipChinaUpgradeBlackNapalm,1,+25% damage to all flame weapons,
CONTROLBAR:TooltipChinaUpgradeChainGuns,1,+25% damage to all gattling weapons,
CONTROLBAR:TooltipUpgradeChinaSubliminal,1,+25% to Speaker Tower bonuses,
CONTROLBAR:TooltipUpgradeChinaUraniumShells,1,+25% shot damage on Battlemaster and Overlord,
CONTROLBAR:TooltipUpgradeChinaNuclearTanks,1,Speed increase for Battlemaster and Overlord,
CONTROLBAR:TooltipUpgradeChinaStunBullets,1,Red Guard may try to capture enemy soldiers,
CONTROLBAR:TooltipDisguiseAsVehicle,1,Disguise the Bomb Truck as the targeted vehicle,
CONTROLBAR:TooltipGLAUpgradeBioBomb,1,Bomb Truck becomes a biowar weapon,
CONTROLBAR:ToolTipGLAUpgradeHEBomb,1,100% more damage for this Bomb Truck,
CONTROLBAR:ToolTipGLAUpgradeRadarVanScan,1,Radar Van can scan the map to search for enemy forces,
CONTROLBAR:ToolTipGLAUpgradeScorpionRocket,1,Scorpion gains a rocket attack,
CONTROLBAR:ToolTipGLAUpgradeBuggyAmmor,1,+100% Rocket Buggy ammo,
CONTROLBAR:ToolTipGLAUpgradeAPRockets,1,+25% damage bonus all Rocket attacks,
CONTROLBAR:ToolTipGLAUpgradeToxinShells,1,Scorpion and Marauder shells carry a small amount of Anthrax,
CONTROLBAR:ToolTipGLAUpgradeAnthraxBeta,1,+25% damage bonus to all toxin units,
CONTROLBAR:ToolTipGLAUpgradeAPBullets,1,"+25% damage bonus to Rebel, Technical, Quad Cannon and Jarmen Kell",
CONTROLBAR:ToolTipGLAUpgradeJunkRepair,1,All vehicles auto-repair,
CONTROLBAR:ToolTipGLAUpgradeCamouflage,1,Rebels are hidden from enemy sight when not shooting,
CONTROLBAR:ToolTipGLAUpgradeTranqDarts,1,Rebels may try to capture enemy soldiers,
CONTROLBAR:ToolTipGLAUpgradeArmTheMob,1,Arm all Angry Mobs with AK-47s,
CONTROLBAR:ToolTipStructureExit,1,Order this unit to exit,
CONTROLBAR:ToolTipTransportExit,1,Order this unit to exit,
CONTROLBAR:ToolTipEvacuate,1,Order all units to exit,
CONTROLBAR:ToolTipRailedTransport,1,,
CONTROLBAR:ToolTipUSACombatDrop,1,Order Rangers to rappel down on enemy target. Use on garrisoned buildings to kill all enemy soldiers inside,
CONTROLBAR:ToolTipGuard,1,Order unit to move to guard a specific location and pursue targets if necessary,
CONTROLBAR:ToolTipGuardWithoutPursuit,1,"Order unit to move to guard a specific location, but not to pursue targets out of the area",
CONTROLBAR:ToolTipGuardFlyingUnitsOnly,1,Order unit to move to attack airborne units that come near a specified location,
CONTROLBAR:ToolTipAttackMove,1,Order unit to move to the target area and stop to engage enemies on the way,
CONTROLBAR:ToolTipCommandStop,1,Order unit to stop whatever it is doing,
CONTROLBAR:ToolTipWayPoints,1,Click on the ground to set waypoints,
CONTROLBAR:ToolTipUSARangerCaptureBuilding,1,Capture targeted enemy building,
CONTROLBAR:ToolTipUSAFire20mmCannon,1,Fire 20mm Cannon at the target,
CONTROLBAR:ToolTipUSAFireAntiTankMissiles,1,Fire antitank missiles at the target,
CONTROLBAR:ToolTipUSAFireRocketPods,1,Fire a barrage of rockets at the target area,
CONTROLBAR:ToolTipGLAFireScorpionRocket,1,Fire a single heavy rocket at the target,
CONTROLBAR:ToolTipGLASCUDHEWarhead,1,Load the SCUD missile with explosives,
CONTROLBAR:ToolTipGLASCUDAnthraxWarhead,1,Load the SCUD missile with Anthrax,
CONTROLBAR:ToolTipGLAFireToxinTractorSlime,1,Spray the area with toxins,
CONTROLBAR:ToolTipGLARebelCaptureBuilding,1,Capture targeted enemy building,
CONTROLBAR:ToolTipGLATerroristMakeCarBomb,1,Enter civilian car and fill it with explosives,
CONTROLBAR:ToolTipGLAFireFireBomb,1,Use fire bombs on target,
CONTROLBAR:ToolTipGLAHijackerHijack,1,Hijack target enemy vehicle,
CONTROLBAR:ToolTipGLAFireJarmenKellVehicleSnipe,1,Kill vehicle crew,
CONTROLBAR:ToolTipChinaFireMIG,1,,
CONTROLBAR:ToolTipChinaRedGuardCaptureBuilding,1,Capture targeted enemy building,
CONTROLBAR:ToolTipChinaRedGuardFireStunBullets,1,Capture target enemy soldier,
CONTROLBAR:ToolTipChinaRedGuardFireBayonet,1,Use Bayonet on targeted enemy soldier,
CONTROLBAR:ToolTipChinaFireBlackLotusCaptureHack,1,Capture enemy building,
CONTROLBAR:ToolTipChinaFireBlackLotusVehicleHack,1,Disable enemy vehicle,
CONTROLBAR:ToolTipChinaFireBlackLotusCashHack,1,Steal cash from targeted enemy Supply Center,
CONTROLBAR:ToolTipChinaFireHackerInternetHack,1,Hack into the Internet to steal money,
CONTROLBAR:ToolTipChinaHackerBuildingHack,1,Disable enemy building with a powerful computer virus,
CONTROLBAR:ToolTipChinaDragonTankFire,1,,
CONTROLBAR:TooltipFireWall,1,Lay down an arc of fire on targeted area,
CONTROLBAR:ToolTipPickUpPrisoner,1,Pick up enemy prisoner to return him to your base,
CONTROLBAR:ToolTipReturnToPrison,1,Return to prisoner holding facility,
CONTROLBAR:ToolTipChinaFireTankHunterTNTAttack,1,Place a TNT explosive charge,
CONTROLBAR:ToolTipUSAFireBurtonKnifeAttack,1,Use knife on targeted enemy soldier to make a silent attack,
CONTROLBAR:ToolTipUSAFireBurtonTimedDemo,1,Place a timed demolition charge,
CONTROLBAR:ToolTipUSABurtonPlaceRemoteCharge,1,Place a remote-controlled demolition charge you can detonate at any time,
CONTROLBAR:ToolTipUSABurtonDetonateCharges,1,Detonate all remote charges,
CONTROLBAR:ToolTipCancelConstruction,1,Cancel construction,
CONTROLBAR:ToolTipUSABuildCommandCenter,1,Commands special weapons. Creates Construction Dozers. Provides radar,
CONTROLBAR:ToolTipUSABuildPowerPlant,1,"Provides power for USA bases. 
 
 Power Supplied: 5",
CONTROLBAR:ToolTipUSABuildBarracks,1,Trains USA soldiers for use in battle,
CONTROLBAR:ToolTipUSABuildSupplyCenter,1,"Drop-off point for USA Chinook supply gatherers. 
 
 Power Required: 1",
CONTROLBAR:ToolTipUSABuildWall,1,USA fence system. Laser-sensors alert to enemy troops moving through fence. Fence blocks enemy vehicle movement,
CONTROLBAR:ToolTipUSABuildWarFactory,1,"Builds all USA ground vehicles. 
 
 Power Required: 1",
CONTROLBAR:ToolTipUSABuildPatriotBattery,1,"Ground and air defense. Can relay position of enemy to nearby patriots. 
 
 Power Required: 3",
CONTROLBAR:ToolTipUSABuildAirField,1,"Builds USA aircraft. 
 
 Power Required: 1",
CONTROLBAR:ToolTipUSABuildParticleCannon,1,"Fires a particle beam anywhere on the map. 
 
 Power Required: 10",
CONTROLBAR:ToolTipUSABuildStrategyCenter,1,"All USA forces can use a single battle plan. 
 
 Bombardment 
 Search and Destroy 
 Hold the Line 
 
 Power Required: 2",
CONTROLBAR:ToolTipUSABuildDetentionCamp,1,Grants ability to spy on enemies,
CONTROLBAR:ToolTipUSABuildSupplyDropZone,1,"Calls in a para-drop of supplies every 2 minutes. 
 
 Power Required: 4",
CONTROLBAR:ToolTipGLABuildCommandCenter,1,Commands special weapons. Trains Workers,
CONTROLBAR:ToolTipGLABUildDemoTrap,1,Stealthy explosive device,
CONTROLBAR:ToolTipGLABuildBarracks,1,Trains GLA soldiers,
CONTROLBAR:ToolTipGLABuildSupplyStash,1,Collects supplies,
CONTROLBAR:ToolTipGLABuildArmsDealer,1,Builds vehicles,
CONTROLBAR:ToolTipChinaBuildCommandCenter,1,Commands special weapons. Creates Construction Dozers,
CONTROLBAR:ToolTipChinaBuildPowerPlant,1,"Chinese power plant. Can be overloaded to provide +50% power. 
 
 Power Supplied: 10",
CONTROLBAR:ToolTipChinaBuildBarracks,1,Trains Chinese soldiers,
CONTROLBAR:ToolTipChinaBuildSupplyCenter,1,"Drop-off point for China supply gatherers. 
 
 Power Required: 1",
CONTROLBAR:ToolTipChinaBuildWarFactory,1,"Builds Chinese vehicles. 
 
 Power Required: 1",
CONTROLBAR:ToolTipChinaBuildBunker,1,Can hold 5 Chinese soldiers,
CONTROLBAR:ToolTipChinaBuildPropagandaCenter,1,"Builds important Chinese technologies. 
 
 Power Required: 2",
CONTROLBAR:ToolTipChinaBuildAirField,1,"Builds Chinese aircraft. 
 
 Power Required: 1",
CONTROLBAR:ToolTipChinaBuildGattlingCannon,1,"Powerful anti-air base defense. 
 
 Power Required: 3",
CONTROLBAR:ToolTipChinaBuildNuclearMissileLauncher,1,"Launches a nuclear missile. Builds important Chinese upgrades. 
 
 Power Required: 10",
CONTROLBAR:ToolTipChinaBuildSpeakerTower,1,"Heals your forces and increases firing speed. 
 
 Power Required: 1",
CONTROLBAR:ToolTipGLABuildTunnelNetwork,1,Base defense and underground tunnel. Units can enter the Tunnel Network and exit at any other Tunnel Network,
CONTROLBAR:ToolTipGLABuildPalace,1,Holds important GLA technologies. Can be garrisoned by GLA troops,
CONTROLBAR:ToolTipGLABuildBlackMarket,1,Holds important GLA technologies. Provides free supplies to the GLA player,
CONTROLBAR:ToolTipGLABuildStingerSite,1,Anti-air and anti-tank base defense,
CONTROLBAR:ToolTipGLABuildScudStorm,1,"Launches a volley of SCUD missiles. 
 
 Countdown Timer: 5:00",
CONTROLBAR:ToolTipGLABuildPrison,1,Used to hold captured enemy soldiers,
CONTROLBAR:ToolTipUSABuildRanger,1,"Strong vs. infantry 
 Weak vs. light vehicles",
CONTROLBAR:ToolTipUSABuildDozer,1,Builds all USA structures and repairs buildings,
CONTROLBAR:ToolTipGLABuildWorker,1,Builds all GLA structures. Repairs buildings and collects supplies,
CONTROLBAR:ToolTipChinaBuildDozer,1,Builds all Chinese structures and repairs buildings,
CONTROLBAR:ToolTipGLABuildScorpion,1,"Strong vs. light vehicles 
 Weak vs. rocket soldiers, aircraft",
CONTROLBAR:ToolTipGLABuildRocketBuggy,1,"Strong vs. buildings, infantry 
 Weak vs. tanks, aircraft",
CONTROLBAR:ToolTipGLABuildRadarVan,1,Provides Radar. Can spot hidden enemy units,
CONTROLBAR:ToolTipChinaBuildOverlord,1,"Strong vs. vehicles, buildings 
 Weak vs. rocket-armed infantry, aircraft",
CONTROLBAR:ToolTipChinaBuildGattlingTank,1,"Strong vs. infantry, aircraft 
 Weak vs. tanks",
CONTROLBAR:ToolTipGLABuildRebel,1,"Strong vs. infantry 
 Weak vs. tanks, light vehicles",
CONTROLBAR:ToolTipChinaBuildRedguard,1,"Horde bonus 
 
Strong vs. infantry 
 Weak vs. light vehicles",
CONTROLBAR:ToolTipChinaBuildHacker,1,"Can disable enemy buildings with a computer virus or can hack into the internet to steal money. 
 
 Strong vs. buildings 
 Weak vs. infantry, vehicles",
CONTROLBAR:ToolTipUSABUildChinook,1,Transport helicopter. Collects supplies. Works with Rangers to perform Combat Drop attack,
CONTROLBAR:ToolTipChinaBuildSupplyTruck,1,Gathers supplies,
CONTROLBAR:ToolTipUSABuildPaladin,1,"Uses a laser to destroy missiles and enemy infantry. 
 
 Strong vs. tanks, buildings, missile-armed enemies 
 Weak vs. aircraft",
CONTROLBAR:ToolTipUSABuildRaptor,1,"Can engage ground or air targets. 
 
 Strong vs. aircraft, tanks, light vehicles 
 Weak vs. missile-armed infantry, anti-air defenses",
CONTROLBAR:ToolTipUSABuildAurora,1,"Super-sonic attack makes Aurora immune to enemy fire. After super-sonic attack, Aurora speed is reduced to 50%. 
 
 Strong vs. buildings 
 Weak vs. fighters, anti-air units",
CONTROLBAR:ToolTipUSABuildStealthFighter,1,"Stealthed while moving. 
 
 Strong vs. enemy base defenses 
 Weak vs. enemy fighters",
CONTROLBAR:ToolTipUSABuildComanche,1,"Fires missiles and cannon. Re-arms in the air. 
 
 Strong vs. tanks, light vehicles, infantry 
 Weak vs. missile-armed infantry, anti-air defenses",
CONTROLBAR:ToolTipUSABuildMissileDefender,1,"Use special laser-guided attack to rapid-fire missiles. 
 
 Strong vs. tanks, aircraft 
 Weak vs. infantry",
CONTROLBAR:ToolTipUSABuildPathFinder,1,"Camouflaged while not moving or shooting. Spots hidden enemies. 
 
 Strong vs. infantry 
 Weak vs. light vehicles, scouts",
CONTROLBAR:ToolTipUSABuildColonelBurton,1,"Camouflaged. Reveals himself when he shoots or plants a bomb. 
 
 Build Limit: 1 
 Strong vs. Infantry 
 Weak vs. Scouts",
CONTROLBAR:ToolTipUSABuildTomahawk,1,"Strong vs. base defenses 
 Weak vs. tanks, aircraft, light vehicles",
CONTROLBAR:ToolTipUSABuildHumvee,1,"Transport. Infantry inside can use fire-ports to engage the enemy. 
 
 Strong vs. infantry 
 Weak vs. tanks",
CONTROLBAR:ToolTipUSABuildMedic,1,Heals soldiers. Cleans up radiation and toxins,
CONTROLBAR:ToolTipUSABuildScoutDrone,1,Extends sight range and reveals hidden enemies,
CONTROLBAR:ToolTipUSABuildBattleDrone,1,"Fires a small machine gun and repairs its parent vehicle. 
 
 Strong vs. infantry 
 Weak vs. missile armed infantry",
CONTROLBAR:ToolTipChinaBuildMIG,1,"Creates a fire-storm in large groups. 
 
 Strong vs. tanks, light vehicles 
 Weak vs. missile armed infantry, anti-air defenses",
CONTROLBAR:ToolTipChinaBuildBlackLotus,1,"Captures enemy buildings, steals cash from enemy supply centers and disables enemy vehicles. Camouflaged unless using an ability. 
 
 Strong vs. buildings, vehicles 
 Weak vs. scout units",
CONTROLBAR:ToolTipChinaBuildTankHunter,1,"Special TNT attack. 
 Horde bonus 
 
 Strong vs. tanks 
 Weak vs. infantry",
CONTROLBAR:ToolTipChinaBuildInfernoCannon,1,"Creates a fire-storm in large groups. 
 
 Strong vs. base defenses, infantry 
 Weak vs. tanks, aircraft",
CONTROLBAR:ToolTipChinaBuildNukeLauncher,1,"Strong vs. buildings, infantry 
 Weak vs. tanks, aircraft",
CONTROLBAR:ToolTipChinaBuildTroopCrawler,1,"Transport. Comes with 8 Red Guard. Detects stealth units. 
 
 Strong vs. infantry, buildings 
 Weak vs. tanks, aircraft",
CONTROLBAR:ToolTipChinaBuildDragonTank,1,"Can burn soldiers out of buildings. Can create a wall of flame. 
 
 Strong vs. infantry, buildings 
 Weak vs. tanks, aircraft",
CONTROLBAR:ToolTipGLABuildTerrorist,1,"Suicide soldier. 
 
 Strong vs. tanks, buildings 
 Weak vs. infantry, light vehicles",
CONTROLBAR:ToolTipGLABuildRPGTrooper,1,"Strong vs. tanks 
 Weak vs. infantry",
CONTROLBAR:ToolTipGLABuildAngryMob,1,"Strong vs. infantry, vehicles 
 Weak vs. flame, toxins, flash-bang grenades",
CONTROLBAR:ToolTipGLABuildHijacker,1,"Can capture any enemy vehicle. Camouflaged while stationary. 
 
 Strong vs. tanks, vehicles 
 Weak vs. infantry, scouts",
CONTROLBAR:ToolTipGLABuildJarmenKell,1,"Is camouflaged. Can hide inside civilian buildings to snipe at enemy soldiers. Can kill the crew of enemy vehicles making them vulnerable to capture. 
 
 Strong vs. infantry, vehicles 
 Weak vs. Scouts",
CONTROLBAR:ToolTipGLABuildToxinTruck,1,"Clears buildings of enemy soldiers. Contaminates terrain. 
 
 Strong vs. infantry 
 Weak vs. tanks, aircraft, base defenses",
CONTROLBAR:ToolTipChinaBuildBattlemaster,1,"Horde bonus 
 
 Strong vs. tanks, buildings 
 Weak vs. infantry, aircraft",
CONTROLBAR:ToolTipGLABuildMarauder,1,"Can upgrade weapon with scavenged parts from enemy kills. 
 
 Strong vs. buildings, light vehicles 
 Weak vs. rocket soldiers, aircraft",
CONTROLBAR:ToolTipGLABuildTechnical,1,"Can upgrade weapon with scavenged parts from enemy kills. 
 
 Strong vs. infantry 
 Weak vs. tanks, aircraft",
CONTROLBAR:ToolTipGLABuildQuadCannon,1,"Can upgrade weapon with scavenged parts from enemy kills. 
 
 Strong vs. infantry, aircraft 
 Weak vs. tanks",
CONTROLBAR:ToolTipGLABuildBombTruck,1,"Can disguise to look like any vehicle, friend or foe. 
 
 Strong vs. infantry, buildings 
 Weak vs. Scouts",
CONTROLBAR:ToolTipGLABuildSCUDLauncher,1,"Can be equipped with either an explosive or biological warhead. 
 
 Strong vs. buildings, infantry 
 Weak vs. tanks, aircraft",
CONTROLBAR:ToolTipUSABuildCrusader,1,"Strong vs. vehicles, buildings 
 Weak vs. aircraft, missile armed infantry",
CONTROLBAR:ToolTipUSASciencePaladin,1,"Paladins can shoot down enemy missiles with an advanced defensive laser system. 
 
 Build at: War Factory",
CONTROLBAR:ToolTipUSASciencePathFinder,1,"Pathfinders are elite camouflaged snipers. 
 
 Build at: Barracks",
CONTROLBAR:ToolTipUSAScienceStealthFighter,1,"Stealthed while moving. 
 
 Build at: Air Field",
CONTROLBAR:ToolTipUSAScienceSpyDrone,1,"Spy Drones are camouflaged against enemy sight and radar and reveal enemy positions. 
 
 Deploy from: Command Center",
CONTROLBAR:ToolTipUSAScienceParaDrop,1,"Drop Rangers from the air. 
 
 Rank 1: 5 Rangers 
 Rank 2: 10 Rangers 
 Rank 3: 20 Rangers 
 
 Deploy from: Command Center",
CONTROLBAR:ToolTipUSAScienceA10Strike,1,"A10 Thunderbolts destroy buildings, vehicles, and infantry. 
 
 Rank 1: 1 A10 Thunderbolt 
 Rank 2: 2 A10 Thunderbolts 
 Rank 3: 3 A10 Thunderbolts 
 
 Deploy from: Command Center",
CONTROLBAR:ToolTipUSAScienceDaisyCutter,1,"Fuel Air Bombs destroy buildings and enemy troop concentrations. 
 
 Deploy from: Command Center",
CONTROLBAR:ToolTipChinaScienceNukeCannon,1,"Nuke Cannons lob small tactical nukes great distances. 
 
 Build at: War Factory 
 Requires: Propaganda Center",
CONTROLBAR:ToolTipChinaScienceRedGuardTraining,1,All Red Guard will be built as veterans,
CONTROLBAR:ToolTipChinaScienceClusterMines,1,"Cluster Mines are deployed by air. 
 
 Deploy from: Command Center",
CONTROLBAR:ToolTipChinaScienceARtilleryTraining,1,Nuke Cannons and Inferno Cannons are built as veterans,
CONTROLBAR:ToolTipChinaScienceArtilleryBarrage,1,"Call off-map artillery to strike your target. 
 
 Rank 1: 12 Shells 
 Rank 2: 24 Shells 
 Rank 3: 36 Shells 
 
 Deploy from: Command Center",
CONTROLBAR:ToolTipChinaScienceEMPPulse,1,"Allows you to call in a heavy bomber to drop an EMP Pulse bomb. EMP Pulse disables enemy vehicles and buildings. 
 
 Deploy from: Command Center",
CONTROLBAR:ToolTipGLAScienceHijacker,1,"Hijackers are camouflaged and can steal enemy vehicles. 
 
 Build at: Barracks",
CONTROLBAR:ToolTipGLAScienceSCUDLauncher,1,"Fires a long-range rocket that can be equipped with explosives or deadly anthrax. 
 
 Build at: Arms Dealer",
CONTROLBAR:ToolTipGLaScienceMarauderTank,1,"Marauder tanks can scavenge enemy kills to upgrade their main gun. 
 
 Build at: Arms Dealer",
CONTROLBAR:ToolTipGLAScienceTechnicalTraining,1,All Technicals will be created as veterans,
CONTROLBAR:ToolTipGLAScienceRebelAmbush,1,"Allows you to create a surprise ambush of Rebels anywhere. 
 
 Rank 1: 4 Rebels 
 Rank 2: 8 Rebels 
 Rank 3: 16 Rebels 
 
 Deploy from: Command Center",
CONTROLBAR:ToolTipGLAScienceCashBounty,1,"Earn a cash bounty for every enemy unit or building you kill. 
 
 Rank 1: 5% enemy value 
 Rank 2: 10% enemy value 
 Rank 3: 20% enemy value",
CONTROLBAR:ToolTipGLAScienceAnthraxBomb,1,"Anthrax is deadly against enemy troop concentrations. 
 
 Deploy from: Command Center",
CONTROLBAR:ToolTipUSABuildSecurityFence,1,Build security fence that prevents vehicles from passing and alerts of any enemy infantry that pass through,
CONTROLBAR:ToolTipChinaBuildConcreteWall,1,Build concrete wall that prevents any ground unit from passing through,
CONTROLBAR:ToolTipGLABuildBurningBarricade,1,Build burning barricade the burns units that try to pass over it,
GUI:QuitToDesktop,1,QUIT TO DESKTOP,
GUI:QuitToDesktopConf,1,Are you sure you want to quit back to the Desktop?,
GUI:NewSaveGame,1,***** NEW GAME *****,
GUI:TimeAM,1,am,
GUI:TimePM,1,pm,
GUI:OverwriteSaveConfirmation,1,Overwrite existing file?,
GUI:LoadGameConfirmation,1,Current game data will be lost. Load saved game?,
GUI:Rank1Required,1,RANK REQUIRED - 1 Star General,
GUI:Rank3Required,1,RANK REQUIRED - 3 Star General,
GUI:Rank8Required,1,RANK REQUIRED - 5 Star General,
GUI:Experience,1,Experience,
GUI:RemainingSkillPoints,1,Points,
TOOLTIP:ExperienceToLevel,1,Experience to next level,
GUI:SaveAndLoad,1,SAVE/LOAD,
GUI:SaveTime,1,Time,
GUI:SaveDate,1,Date,
SCIENCE:Rank1,1,1 Star General,
SCIENCE:Rank2,1,2 Star General,
SCIENCE:Rank3,1,3 Star General,
SCIENCE:Rank4,1,4 Star General,
SCIENCE:Rank5,1,5 Star General,
SCIENCE:Rank6,1,Major General,
SCIENCE:Rank7,1,Lt. General,
SCIENCE:Rank8,1,General,
CONTROLBAR:StructureExit,1,Exit Structure,
CONTROLBAR:UpgradeChinaAircraftArmor,1,MiG &Armor,
CONTROLBAR:RangerMachineGun,1,&Machine Gun,
CONTROLBAR:RedguardMachineGun,1,&Machine Gun,
CONTROLBAR:RebelMachineGun,1,&Machine Gun,
CONTROLBAR:FlashBangGrenadeMode,1,&Flash-Bang Grenade,
CONTROLBAR:TranqDartsMode,1,&Tranq Darts Mode,
CONTROLBAR:StunBulletsMode,1,Take &Prisoner Mode,
UPGRADE:AircraftArmor,1,Aircraft Armor,
MAP:USA03Open,1,"Northern Kazakhstan. U.S. Forces in Full Retreat 
 Operation: Guardian Angel",
CONTROLBAR:TooltipChinaUpgradeAircraftArmor,1,+25% MiG health,
CONTROLBAR:ToolTipSwitchToRangerMachineGun,1,Switches to machine gun mode for all purpose attacking,
CONTROLBAR:ToolTipSwitchToRedguardMachineGun,1,Switches to machine gun mode for all purpose attacking,
CONTROLBAR:ToolTipSwitchToRebelMachineGun,1,Switches to machine gun mode for all purpose attacking,
CONTROLBAR:ToolTipSwitchToUSAFlashBang,1,Use Flash-Bang grenades,
CONTROLBAR:ToolTipSwitchToChinaStunBullets,1,Switches to firing stun bullets mode to capture enemy soldiers in the open,
CONTROLBAR:ToolTipSwitchToGLATranqDarts,1,Switches to tranq-dart weapon to capture enemy soldiers in the open,
GUI:ProductionQueueFull,1,The unit's production queue is full.,
GUI:ParkingPlacesFull,1,All parking places are occupied.,
GUI:UnitMaxedOut,1,You already have the maximum for this unit.,
CONTROLBAR:FireTomahawkAtPosition,1,&Tomahawk Bombardment,
CONTROLBAR:ToolTipFireTomahawkAtPosition,1,Fire tomahawks at a location,
GUI:SurrenderConfirmation,1,Are you sure you want to Surrender?,
GUI:GameOver,1,Game Over,
TOOLTIP:RefreshNat,1,Click after changing firewall setup or ISP,
GUI:Surrender,1,SURRENDER,
GUI:SuperweaponEmergencyRepair,1,Emergency Repair,
CONTROLBAR:FireNukeCannonAtPosition,1,Nuke &Bombardment,
CONTROLBAR:FireInfernoCannonAtPosition,1,Inferno &Bombardment,
CONTROLBAR:FireScudExplosiveAtPosition,1,Explosive &Bombardment,
CONTROLBAR:FireScudAnthraxAtPosition,1,Anthrax B&ombardment,
MAP:USA04Objective1Text,1,"MISSION OBJECTIVE: 
 Clear the beach of GLA forces",
MAP:USA04Objective2Text,1,"MISSION OBJECTIVE: 
 Destroy the Stinger Sites",
MAP:USA04Objective3Text,1,"MISSION OBJECTIVE: 
 Destroy the GLA Base",
CONTROLBAR:ToolTipFireNukeCannonAtPosition,1,Bombard a location with nuke cannon shells,
CONTROLBAR:ToolTipFireInfernoCannonAtPosition,1,Bombard a location with inferno cannon shells,
CONTROLBAR:ToolTipFireScudExplosiveAtPosition,1,Bombard a location with explosive warheads,
CONTROLBAR:ToolTipFireScudAnthraxAtPosition,1,Bombard specified location with anthrax warheads,
TOOLTIP:Brightness,1,Adjust the brightness of the game,
TOOLTIP:ScrollSpeed,1,Adjust map scroll speed,
TOOLTIP:SendDelay,1,For Firewall Users Only. (Please Consult the Manual),
GUI:GSFailedToHost,1,Could not host the game,
Buddy:SelectBuddyToChat,1,Select Buddy to chat,
GUI:CannotConnectToServservTitle,1,CANNOT CONNECT,
GUI:CannotConnectToServserv,1,Unable to establish a connection with Command and Conquer Generals servers. Please check your internet connection.,
MESSAGE:BattlePlanBombardmentInitiated,1,Bombardment strategy has been initiated.,
MESSAGE:BattlePlanHoldTheLineInitiated,1,Hold the Line strategy has been initiated.,
MESSAGE:BattlePlanSearchAndDestroyInitiated,1,Search and Destroy strategy has been initiated.,
OBJECT:TechOilRefinery,1,Oil Refinery -- Capture to reduce the cost of vehicles,
OBJECT:SupplyDock,1,Supply Dock,
GUI:InGameDiplomacy,1,Diplomacy,
GUI:MapPreview,1,Map Preview,
GUI:Error,1,Error,
Buddy:Disconnected,1,"You have been disconnected 
 from the buddy list.",
GUI:SandboxMode,1,Entering sandbox mode...,
GUI:BookmarkXSet,1,Bookmark #%d set.,
SCIENCE:EmergencyRepair1,1,Emergency Repair 1,
SCIENCE:EmergencyRepair2,1,Emergency Repair 2,
SCIENCE:EmergencyRepair3,1,Emergency Repair 3,
MAP:CHI05Open,1,"Balykchy, Kyrgyzstan 
 Scorched Earth",
CONTROLBAR:ToolTipScienceEmergencyRepair,1,"Repairs vehicles in an area. 
 
 Rank 1: Light Repair 
 Rank 2: Medium Repair 
 Rank 3: Serious Repair 
 
 Deploy from: Command Center",
GUI:MinSpecFailedTitle,1,WARNING,
GUI:MinSpecFailedMessage,1,Your system does not meet the minimum hardware requirements. You may experience slower than normal frame rates in your multiplayer games.,
TOOLTIP:AlreadyUpgradedDefault,1,This upgrade has already been purchased,
TOOLTIP:HasConflictingUpgradeDefault,1,Conflicting upgrade cannot be purchased,
GUI:NoGameSelected,1,Select a game to join first.,
GUI:CloseExpScreen,1,Done,
TOOLTIP:CloseExpScreen,1,Return to Game,
GUI:GPNoCommunicator,1,The Communicator is not available in the Multiplayer Playtest.,
GUI:GSKickedGameStarted,1,The game has started.,
GUI:GSKickedGameFull,1,The game is full.,
Network:PacketRouterTimeout,1,Packet Router Timeout,
GUI:EstablishingConnectionPaths,1,ESTABLISHING CONNECTION PATHS,
UPGRADE:RadarVanScan,1,Radar Van Scan,
MAP:CHI04Open,1,"Tanggula Mountains, China 
 Broken Alliances",
MAP:GLA04Open,1,"Astana City 
 Chinese-Occupied Capital of Kazakhstan",
MAP:USA07NewObjective2,1,"NEW MISSION OBJECTIVE: 
 Destroy the Chinese Command Center 
 and the Nuclear Missile Silo.",
MAP:USA07GotObjective1,1,"OBJECTIVE COMPLETED: 
 Destroy the GLA to the northeast.",
MAP:USA07GotObjective2,1,"OBJECTIVE COMPLETED: 
 Destroy the Chinese Command Center 
 and the Nuclear Missile Silo.",
GUI:Defaults,1,DEFAULTS,
TOOLTIP:OptionsAccept,1,Accept the changes made and exit the Options Menu,
TOOLTIP:OptionsCancel,1,Exit the Options Menu without making your changes,
TOOLTIP:OptionsDefaults,1,Reset the options to the default settings,
MESSAGE:StealthDiscovered,1,Enemy stealth unit discovered.,
MESSAGE:StealthNeutralized,1,Stealth ability neutralized.,
TOOLTIP:SortBuddies,1,Sort Buddies to the top of the game list,
CONTROLBAR:GeneralsExperienceMenu,1,Generals Experience Menu,
CONTROLBAR:GeneralsExperienceMenuDescription,1,Show the experience menu where you can spend experience points gained in battle for various General's Powers.,
CONTROLBAR:UpDown,1,Show/Hide Toggle,
CONTROLBAR:UpDownDescription,1,Toggles whether the control bar is shown or hidden.,
CONTROLBAR:DisarmMinesAtPosition,1,C&lear Mines,
CONTROLBAR:ToolTipDisarmMinesAtPosition,1,Clear mines and small explosives in the given area,
TOOLTIP:ScienceCostUnavailable,1,Cost: Unavailable,
GUI:OnlineIPAddresses,1,Online IP:,
GUI:GSDisconReason16,1,A profile with that nickname already exists.,
GUI:GSDisconReason17,1,That password is incorrect. Please try again,
GUI:GSDisconReason18,1,A profile with that nickname already exists.,
GUI:GSDisconReason19,1,Server error - cannot create account.,
Buddy:MessageDisconnected,1,"You have been disconnected 
 from the buddy list.",
GUI:PlayerHasBeenDefeated,1,%ls has been Defeated,
CONTROLBAR:UpgradeAmericaRangerCaptureBuilding,1,&Capture Building,
CONTROLBAR:UpgradeChinaRedguardCaptureBuilding,1,&Capture Building,
CONTROLBAR:UpgradeGLARebelCaptureBuilding,1,&Capture Building,
CONTROLBAR:DetonateBombTruck,1,Detonate Now!,
UPGRADE:RangerCaptureBuilding,1,Capture Building,
UPGRADE:RedguardCaptureBuilding,1,Capture Building,
UPGRADE:RebelCaptureBuilding,1,Capture Building,
CONTROLBAR:TooltipDetonateBombTruck,1,Orders the bomb truck to immediately detonate at his current location,
CONTROLBAR:ToolTipUSAUpgradeRangerCaptureBuilding,1,Enables Rangers to capture enemy and tech buildings,
CONTROLBAR:ToolTipChinaUpgradeRedGuardCaptureBuilding,1,Enables Red Guards to capture enemy and tech buildings,
CONTROLBAR:ToolTipGLAUpgradeRebelCaptureBuilding,1,Enables Rebels to capture enemy and tech buildings,
GUI:Loading,1,LOADING,
TOOLTIP:EmoteButton,1,Emote,
CONTROLBAR:Power,1,Power,
CONTROLBAR:PowerDescription,1,"Current Power: %d 
 Required Power: %d",
CONTROLBAR:Money,1,Money,
CONTROLBAR:MoneyDescription,1,This is the amount of money you have.,
MAP:TourneyArena,1,Tournament Desert,
UPGRADE:AmericaDroneARmor,1,Drone Armor,
UPGRADE:APRockets,1,Armor Piercing Rockets,
ThingTemplate:EuropeanTowerBridge01,1,Bridge,
ThingTemplate:BridgeTowerConcreteRight02,1,Bridge,
Team:0,1,None,
Team:1,1,1,
Team:2,1,2,
Team:3,1,3,
Team:4,1,4,
Team:AI,1,CPU,
GUI:RestartConfirmation,1,Are you sure you want to restart?,
GUI:ErrorStartingGame,1,ERROR STARTING GAME,
GUI:TooManyPlayers,1,This map only supports %d players.,
GUI:SandboxWarning,1,Clicking Start again will start a sandbox game.,
GUI:CantFindMap,1,Cannot find the map. Is it corrupted?,
GUI:EnterSaveDesc,1,Enter game description,
GUI:MissionSave,1,Mission Start - %s %d,
GUI:SaveReplay,1,SAVE REPLAY,
GUI:OverwriteReplayTitle,1,OVERWRITE REPLAY,
GUI:OverwriteReplay,1,Overwrite Replay?,
GUI:ConfirmDelete,1,Are you sure you want to delete this game?,
GUI:DeleteGame,1,DELETE,
GUI:GameSaveComplete,1,*** Game Saved ***,
CAMPAIGN:USA,1,USA,
CAMPAIGN:GLA,1,GLA,
CAMPAIGN:China,1,China,
GUI:Easy,1,Normal,
GUI:Hard,1,Brutal,
GUI:SelectDifficulty,1,SELECT DIFFICULTY,
GUI:NumPlayersOnline,1,Total players online: %d,
GUI:AllowableMaps,1,Allowable Maps,
GUI:QuickMatchTitle,1,QuickMatch,
LOAD:TRAINING_1,1,- GLA controls a Chemical Weapons Plant,
LOAD:TRAINING_2,1,- Destroy the Chemical Weapons Plant,
LOAD:TRAINING_3,1,- Eliminate the threat,
LOAD:USA01_1,1,- GLA has SCUD Storm,
LOAD:USA01_2,1,- They are based in Baghdad,
LOAD:USA01_3,1,- Eliminate this threat,
LOAD:USA02_1,1,- GLA leaders tracked to Yemen,
LOAD:USA02_2,1,- Comanches are searching for criminals,
LOAD:USA02_3,1,- Save the captured pilots,
LOAD:USA03_1,1,- USA forces are in full retreat,
LOAD:USA03_2,1,- GLA is in close pursuit,
LOAD:USA03_3,1,- Provide cover for retreating forces,
LOAD:USA04_1,1,- GLA training camp has been discovered,
LOAD:USA04_2,1,- Eliminate this threat,
LOAD:USA06_1,1,- Peace conference in Kabara City,
LOAD:USA06_2,1,- GLA cannot be trusted,
LOAD:USA06_3,1,- Be on alert,
LOAD:USA07_1,1,- A rogue Chinese General has joined with the GLA,
LOAD:USA07_2,1,- Enemy is relying on Tunnel Networks,
LOAD:USA07_3,1,- Attack must be launched immediately,
LOAD:USA08_1,1,- US forces have surrounded the GLA capital,
LOAD:USA08_2,1,- GLA has biological weapons,
LOAD:USA08_3,1,- Chinese have pledged their support to US,
LOAD:USA08_4,1,- GLA must be eliminated,
LOAD:China01_1,1,- China's might is on parade,
LOAD:China01_2,1,- Protect China's military display,
LOAD:China01_3,1,- Eliminate any threat in Beijing area,
LOAD:China02_1,1,- GLA cell has been discovered in Hong Kong,
LOAD:China02_2,1,- Terrorists are using convention center as base,
LOAD:China02_3,1,- Cell must be eradicated,
LOAD:China03_1,1,- GLA has infested the Three Gorges Dam area,
LOAD:China03_2,1,- Enemy reinforcements now threaten our forces,
LOAD:China03_3,1,- Drown the GLA with Chinese forces,
LOAD:China04_1,1,- GLA has constructed a Bio-Toxin factory,
LOAD:China04_2,1,- Locate factory with help of operative Black Lotus,
LOAD:China04_3,1,- Air strike will aid in its destruction,
LOAD:China05_1,1,- GLA has taken over Balykchy,
LOAD:China05_2,1,- US forces will provide air support,
LOAD:China05_3,1,- Call in Carpet Bombs and destroy the GLA,
LOAD:China06_1,1,- GLA has commandeered one of China's Railroads,
LOAD:China06_2,1,"- GLA is gathering in Bishkek, Aldastan",
LOAD:China06_3,1,- Use Black Lotus to destroy the train bridge,
LOAD:China07_1,1,- GLA Asian terrorist cell identified in Tajikistan,
LOAD:China07_2,1,- Authorized to utilize your nuclear arsenal,
LOAD:GLA01_1,1,- Many brothers have been lost,
LOAD:GLA01_2,1,- China's defenses are spread thin,
LOAD:GLA01_3,1,- Destroy Chinese forces,
LOAD:GLA02_1,1,- U.N. supplies en route to Almaty region,
LOAD:GLA02_2,1,- Intercept these deliveries for our cause,
LOAD:GLA02_3,1,- Collect supplies to infuse the GLA with funds,
LOAD:GLA03_1,1,- Oppressors have corrupted the people of Zhambul,
LOAD:GLA03_2,1,- Their only true freedom lies in death,
LOAD:GLA03_3,1,- Use Toxin Tractors to eliminate them,
LOAD:GLA04_1,1,- We have found new allies in Astana,
LOAD:GLA04_2,1,- We can use them to harass the enemy,
LOAD:GLA04_3,1,"- While Astana burns, loot the city for supplies",
LOAD:GLA05_1,1,- The arrogance of the USA cannot go unanswered,
LOAD:GLA05_2,1,- Keep region from their imperialist grasp,
LOAD:GLA05_3,1,- Destroy their 'superior' air force,
LOAD:GLA06_1,1,- Reports from the Aral Sea are not good,
LOAD:GLA06_2,1,- US forces have control of our toxin storage facility,
LOAD:GLA06_3,1,- Retake the storage bunkers,
LOAD:GLA07_1,1,- GLA defectors have joined with China,
LOAD:GLA07_2,1,- Assault the convoys and sever their supply lines,
LOAD:GLA07_3,1,- Eliminate the traitors and their Chinese allies,
LOAD:GLA08_1,1,- Take control of the Cosmodrome,
LOAD:GLA08_2,1,- The missiles there will deliver deadly toxin to our enemies,
LOAD:GLA08_3,1,- Our destiny is at hand,
TOOLTIP:DownloadProgress,1,Download Progress,
TOOLTIP:BattleHonorBlitz10,1,"Blitz Honor 
 Player has beaten opponent(s) in 10 minutes or less",
TOOLTIP:BattleHonorBlitz5,1,"Blitz Honor 
 Player has beaten opponent(s) in 5 minutes or less",
TOOLTIP:BattleHonorStreak3Disabled,1,"Streak Honor 
 Win 3 or more games in a row to earn this medal",
TOOLTIP:BattleHonorLoyaltyUSADisabled,1,"USA Loyalty Honor 
 Play 20+ games in a row as USA to earn this medal",
TOOLTIP:BattleHonorLoyaltyChinaDisabled,1,"China Loyalty Honor 
 Play 20+ games in a row as China to earn this medal",
TOOLTIP:BattleHonorLoyaltyGLADisabled,1,"GLA Loyalty Honor 
 Play 20+ games in a row as the GLA to earn this medal",
TOOLTIP:BattleHonorBattleTankDisabled,1,"Battle Tank Honor 
 Build 50+ tanks against computer opponent(s) to earn this medal",
TOOLTIP:BattleHonorAirWingDisabled,1,"Air Wing Honor 
 Build 20+ aircraft against computer opponent(s) to earn this medal",
TOOLTIP:BattleHonorEnduranceDisabled,1,"Endurance Honor 
 Beat every map to earn this medal",
TOOLTIP:BattleHonorCampaignUSADisabled,1,"USA Campaign Honor 
 Complete the USA Campaign to earn this medal",
TOOLTIP:BattleHonorCampaignChinaDisabled,1,"China Campaign Honor 
 Complete the China Campaign to earn this medal",
TOOLTIP:BattleHonorCampaignGLADisabled,1,"GLA Campaign Honor 
 Complete the GLA Campaign to earn this medal",
TOOLTIP:BattleHonorBlitz10Disabled,1,"Blitz Honor 
 Beat opponent(s) in 10 minutes or less to earn this medal",
TOOLTIP:BattleHonorChallengeDisabled,1,"Challenge Honor 
 Defeat 1-7 Hard computer opponents to earn this honor",
GUI:BuildingsKilledStat,1,Buildings Killed,
GUI:BuildingsBuiltStat,1,Buildings Built,
GUI:BuildingsLostStat,1,Buildings Lost,
GUI:QMWinStreak,1,QuickMatch win streak,
GUI:LastLadder,1,Last Ladder,
GUI:LobbyJoined,1,You have joined %ls.,
GUI:GSNoLoginInfoAll,1,"Please enter your email, nickname, and password. Then, click on Login or Create Account.",
GUI:GSNoLoginInfoEmailNickname,1,"Please enter your email and nickname. Then, click on Login or Create Account.",
GUI:GSNoLoginInfoEmailPassword,1,"Please enter your email and password. Then, click on Login or Create Account.",
GUI:Any,1,Any,
GUI:GSNoLoginInfoNicknamePassword,1,"Please enter your nickname and password. Then, click on Login or Create Account.",
GUI:GSNoLoginInfoEmail,1,"Please enter your email. Then, click on Login or Create Account.",
GUI:GSNoLoginInfoNickname,1,"Please enter your nickname. Then, click on Login or Create Account.",
GUI:GSNoLoginInfoPassword,1,"Please enter your password. Then, click on Login or Create Account.",
Buddy:MultipleOnlineNotification,1,You have buddies online,
GUI:ResetHonors,1,Reset Honors,
Chat:Observers,1,Observers View,
TOOLTIP:buddies,1,Sort game list by Buddies,
TOOLTIP:AddToBuddies,1,Add a player to your list of Buddies,
TOOLTIP:StagingPlayerInfo,1,"
 Region: %ls 
 Ping: %d ms 
 %d wins/%d losses 
 %d disconnects 
 Favorite army: %ls",
GUI:CantBuildTooCloseToSupplies,1,You cannot build there because it is too close to a source of supplies.,
OBJECT:Frosty,1,Snowman,
OBJECT:Prop,1,.,
OBJECT:BigGate,1,Gate,
OBJECT:TownHall,1,Town Hall,
OBJECT:RailroadBridge,1,Railroad Bridge,
OBJECT:TheLoo,1,Out House,
OBJECT:TrainCar,1,Train Car,
OBJECT:SandBagWall,1,Sandbag Wall,
OBJECT:Structure,1,Civilian Building,
OBJECT:Airport,1,Civilian Airport,
OBJECT:Highrise,1,Highrise,
OBJECT:BridgeTower,1,Bridge Tower,
OBJECT:Field,1,Pitch,
OBJECT:SoccerStadiumGoal,1,Goal,
OBJECT:BigLightpost,1,Light Post,
MAP:BigRivers,1,Mountain Fox,
MAP:CHI01Open,1,"Chinese Military Parade, Beijing 
 The Dragon Awakes",
MAP:CHI03Obj1Done,1,Mission Objective Complete,
MAP:CHI07Obj1,1,"Mission Objective: 
 Establish a base and locate resources",
MAP:CHI07Obj2,1,"Mission Objective: 
 Defeat the GLA",
MAP:GLA02OpenAlt2,1,"Villages Outside Almaty, Kazakhstan 
 Seize the foreign supplies for our cause!",
MAP:GLA02OpenAlt1,1,"Villages Outside Almaty, Kazakhstan 
 Operation: Pillage the Village",
MAP:GLA06OpenAlt2,1,"Western Shore of the Aral Sea, Kazakhstan 
 Steal the poisons of the West to use against them!",
MAP:GLA06OpenAlt1,1,"Western Shore of the Aral Sea, Kazakhstan 
 Operation: Appropriate Poisons",
MAP:GLA07OpenAlt2,1,"Somewhere Near Lenger, Kazakhstan 
 Show the world what happens to traitors!",
MAP:GLA07OpenAlt,1,"Somewhere Near Lenger, Kazakhstan 
 Operation: Trojan Horse",
MAP:GLA03Open02,1,"Chinese-Occupied Zhambul, Kazakhstan 
 Operation: Righteous Fire",
MAP:GLA03Directive,1,"Informant Report: 
 Destroy the pharmeceutical factory to obtain an Anthrax Bomb.",
MAP:USA02Hint1Text,1,Use pilots to grant added veterancy to your vehicles.,
MAP:USA02Hint2Text,1,Use the Ranger's Flash-Bang upgrade to clear out garrisoned structures.,
MAP:USA03Hint1Text,1,Build Patriot Missile Systems to defend your base.,
MAP:USA04Hint1Text,1,Use Tomahawk Missile Launchers to clear out GLA strongpoints.,
MAP:NVIDIATEXT,1,"Command & Conquer Generals 
 Coming February 2003",
MAP:USA06ObjHint2,1,"HINT: 
 Capture this facility",
MAP:USA06ObjHint1,1,"HINT: 
 There are important civilian buildings here",
MAP:GLA03Objective07,1,"Objective Complete: 
 300 traitors eliminated.",
MAP:GLA03Objective08,1,"Objective Complete: 
 Pharmaceutical factory destroyed.",
MAP:GLA05Open,1,"Adana, Turkey 
 Incirlik Air Base",
SCRIPT:GLA05Directive03,1,"Warning: 
 American air forces inbound. 
 Build Stinger Sites to defend your base.",
SCRIPT:GLA05Directive04,1,"Secondary Objective: 
 Destroy the Chinese spy outpost.",
SCRIPT:GLA05Directive05,1,"Warning: 
 American air forces inbound. 
 Use Stinger Sites and Quad Cannons to shoot down enemy aircraft.",
MAP:GLA08Open,1,"Baikonur Cosmodrome, Southern Kazakhstan 
 Soviet-Era Rocket Launch Facility",
MAP:GLA08Open02,1,"Southern Kazakhstan 
 Baikonur Cosmodrome",
SCRIPT:GLA08Objective01,1,"MISSION OBJECTIVES: 
 Capture the ground control building. 
 Capture the rocket launch gantry.",
SCRIPT:GLA08Objective02,1,"MISSION OBJECTIVE: 
 Capture the ground control building.",
SCRIPT:GLA08Objective03,1,"MISSION OBJECTIVE: 
 Capture the rocket launch gantry.",
SCRIPT:GLA08Directive04,1,"Warning: 
 Enemy superweapon incoming.",
MAP:USA07hint1,1,"HINT: 
 Utilize this Supply Dock",
MAP:CHI05ObjInit,1,"MISSION OBJECTIVE: 
 Destroy the 3 GLA camps 
 and the main GLA base",
MAP:CHI05Obj4,1,There are 4 targets remaining,
MAP:CHI05Obj3,1,There are 3 targets remaining,
MAP:CHI05Obj2,1,There are 2 targets remaining,
MAP:CHI05Obj1,1,There is only 1 target remaining,
MAP:CHI05Objhint1,1,"HINT: 
 Utilize this Supply Dock",
MAP:CHI05Objhint2,1,"HINT: 
 Capture these facilities",
MAP:CHI05ObjCBReady,1,"HINT: 
 Carpet Bombers are now available",
MAP:USA08MapName,1,Last Call,
MAP:USA08Open,1,"GLA Capital City, Aldastan 
 Operation: Last Call",
MAP:USA08OpenAlt,1,"Akmola, Kazakhstan 
 Operation: Last Call",
MAP:USA08Objective01,1,"MISSION OBJECTIVE: 
 Destroy all GLA forces and structures.",
MAP:USA08WallGarWarning,1,"WARNING: 
 The GLA has garrisoned the wall. 
 Rangers must use Flash-bangs to kill garrisoned GLA troops.",
MAP:USA08ChinaHint,1,"Capture the Chinese buildings. 
 Build combined US and China forces to wipe out the GLA.",
MAP:USA08SCUDStormWarn,1,"WARNING: 
 The GLA has constructed a SCUD Storm.",
MAP:USA08MineWarn,1,"WARNING: 
 GLA demo traps detected.",
MAP:USA08GLABaseKIA,1,"The GLA bases are destroyed! 
 Eliminate the remaining GLA forces to win the war.",
CONTROLBAR:TooltipCarpetBomb,1,"Carpet Bomb target area. 
 
 Countdown Timer: 2:30",
CONTROLBAR:TooltipCrateDrop,1,Drop supply crates,
CONTROLBAR:TooltipDetonateNuke,1,Explode hidden nuclear device,
MAP:GLA01Objective,1,"MISSION OBJECTIVE 
 Destroy the Dam",
MAP:GLA01Objective2,1,"MISSION OBJECTIVE 
 Destroy the Chinese base",
MAP:TrainingGenerals,1,"Left click on the generals button in the lower right corner of your screen to choose a new ability for your General. As you are promoted your General will gain access to new abilities. Some abilities will allow you to create new special units, while others will give you special powers that are used from your Command Center.",
MAP:TrainingSalvage,1,"You have created a pile of salvage. Whenever GLA vehicles destroy enemy vehicles salvage is left behind. GLA vehicles can pick up salvage by moving over it. Salvage may be worth money or experience. Technicals, Quad Cannons and Marauders can upgrade their weapons with salvage.",
MAP:TrainingUpgrade,1,Upgrades are bought at different structures in your base. They improve your units. Left click on the Barracks and then left click on Capture Building icon to upgrade your Rangers to be able to capture enemy buildings.,
GUI:SaveAndContinue,1,CONTINUE,
TOOLTIP:PlayerSetting,1,Choose to match with a 1 vs. 1 or Team Game,
TOOLTIP:Ping,1,Choose your tolerance for your opponent's connection speed,
TOOLTIP:Disconnect,1,Choose your tolerance for total opponent disconnects,
TOOLTIP:Ladder,1,Choose the ladder on which you'd like to play,
TOOLTIP:QuickMatchStatus,1,"QuickMatch will attempt to match you based on skill level, PC spec, etc",
TOOLTIP:OnlineIP,1,IP Address used to connect to Generals Online,
TOOLTIP:LanIP,1,IP Address used to connect with players in network games,
TOOLTIP:GamesBeingformed,1,Your connection speed to this game's players,
TOOLTIP:EmoteText,1,Left click to enter text,
CONTROLBAR:ToolTipChinaScienceCashHack,1,"Steal money from enemy supply centers. You cannot steal more money than the enemy has. 
 
 Rank 1: $1000 
 Rank 2: $2000 
 Rank 3: $4000 
 
 Deploy from: Command Center",
GUI:TRAINING,1,TRAINING,
GUI:CHINA_Caps,1,CHINA,
TOOLTIP:SupplyDock,1,Supplies,
TOOLTIP:TechBuilding,1,Tech Building,
TOOLTIP:Mission1,1,,
TOOLTIP:Mission2_8,1,Campaign One,
TOOLTIP:Mission9_16,1,Campaign Two,
TOOLTIP:Mission17_23,1,Campaign Three,
TOOLTIP:ButtonClear,1,Clear out the player name text box,
GUI:Objectives:,1,Summary:,
GUI:WinStreak,1,Win Streak,
GUI:LossStreak,1,Loss Streak,
GUI:PlayerNoMapWillTransfer,1,%ls does not have the map %ls. It will be transferred at game start.,
GUI:LocalPlayerNoMapWillTransfer,1,You do not have the map %ls. It will be transferred to you at game start.,
GUI:CouldNotTransferMap,1,Unable to transfer the map. The game cannot start.,
GUI:Status,1,Status,
MapTransfer:CurrentFile,1,Current file: %ls,
MapTransfer:Timeout,1,Abort in %d:%2.2d,
MapTransfer:Preparing,1,Preparing...,
MapTransfer:Sending,1,Sending...,
MapTransfer:Recieving,1,Receiving...,
MapTransfer:Done,1,Done,
ThingTemplate:SalvageCrate,1,Salvage Crate,
ThingTemplate:IndustrialBridgeTower01,1,Bridge,
ThingTemplate:Crypt01,1,Crypt,
ThingTemplate:AsianAartmentSingle01,1,Apartment,
CONTROLBAR:RadioJam,1,Radio Jam,
MAP:USA01OBJOpen,1,"MISSION OBJECTIVE 
 Destroy all enemy forces",
MAP:TrainingWarFactory,1,"MISSION OBJECTIVE 
 Use your DOZER to build a WAR FACTORY",
TOOLTIP:MapNoSuccess,1,Beat this map against a Normal opponent!,
TOOLTIP:MapEasySuccess,1,Beat this map against a Hard opponent!,
TOOLTIP:MapMediumSuccess,1,Beat this map against a Brutal opponent!,
TOOLTIP:MapHardSuccess,1,Congratulations! You have beaten this map against a Brutal opponent!,
Buddy:CantTalkToIngameBuddy,1,You cannot send messages to buddies in your game if you are observing.,
MAP:Bavarian,1,Final Crusade,
MAP:CLake,1,Tournament Lake,
MAP:SBlast,1,Sand Serpent,
MAP:SleepingGiant,1,Dark Mountain,
MAP:SwissMP,1,Lone Eagle,
MAP:KandaharHighlands,1,Twilight Flame,
MAP:BoraBora,1,Tournament Island,
MAP:PrecipicePass,1,Fortress Avalanche,
MAP:TTourney,1,Tournament Tundra,
MAP:Gwall,1,Fallen Empire,
GUI:HTTPProxy,1,HTTP Proxy:,
GUI:WinPercent,1,%d%%,
TOOLTIP:PlayerCreatedName,1,Name of the player that created the game,
TOOLTIP:HTTPProxy,1,Set an HTTP Proxy to use for Generals Online,
CONTROLBAR:BriefingHistory,1,Mission Briefings,
CONTROLBAR:BriefingHistoryDescription,1,Click to see mission briefings.,
MAP:CHI04Objective1Text,1,"MISSION OBJECTIVE 
 Destroy the GLA's Stinger Sites",
MAP:CHI04Objective2Text,1,"MISSION OBJECTIVE 
 Use Black Lotus to capture the Chinese War Factory",
MAP:CHI04Objective3Text,1,"MISSION OBJECTIVE 
 Destroy Stinger Sites around the Chemical Factory",
MAP:CHI04Hint1Text,1,HINT: Use Black Lotus to disable enemy vehicles,
MAP:CHI04Hint2Text,1,HINT: Use Hackers to generate additional income,
MAP:CHI04Hint3Text,1,HINT: Use Black Lotus to hack into the enemy's supply center to siphon off additional resources,
GUI:GotoMainMenu,1,MAIN MENU,
TOOLTIP:BattleHonorFairPlay,1,"Fair Play Honor 
 Player has disconnected from online games less than 10% of the time (with at least 10 games played)",
TOOLTIP:BattleHonorApocalypse,1,"Apocalypse Honor 
 Player has built the Particle Cannon, Nuclear Missile, and SCUD Storm in a solo or multiplayer online game",
TOOLTIP:BattleHonorFairPlayDisabled,1,"Fair Play Honor 
 Disconnect less than 10% of the time to earn this medal (with at least 10 games played)",
TOOLTIP:BattleHonorApocalypseDisabled,1,"Apocalypse Medal 
 Build the Particle Cannon, Nuclear Missile, and SCUD Storm to earn this medal",
TOOLTIP:BattleHonorPreorder,1,"Officers Club Honor 
 Player is a founding member of the Generals community",
TOOLTIP:BattleHonorPreorderDisabled,1,"Officers Club Medal 
 Player did not preorder Generals",
GUI:Credits,1,CREDITS,
ERROR:D3DFailurePrompt,1,DirectX Error,
ERROR:D3DFailureMessage,1,Please make sure you have DirectX 8.1 or higher installed. Also verify that your video card meets the minimum requirements.,
GUI:AudioHardware,1,Hardware Accelerated Audio,
GUI:AudioSurround,1,Surround Sound,
TOOLTIP:CheckAudioHardware,1,Check this box to enable hardware acceleration for Audio,
TOOLTIP:AudioSurround,1,Check this box if you have surround sound speakers,
CAMPAIGN:TRAINING,1,Training,
GUI:WinPercentLabel,1,Win Percent,
GUI:BestWinStreak,1,Best Win Streak,
Buddy:MatchingNotification,1,%hs is QuickMatching,
Buddy:StagingNotification,1,%hs is setting up a game,
Buddy:LoadingNotification,1,%hs is starting a game,
Buddy:PlayingNotification,1,%hs is playing a game,
CONTROLBAR:GeneralsPromotion,1,General's Promotion,
CONTROLBAR:GeneralsExp,1,Generals Experience,
CONTROLBAR:GeneralsExpDescription,1,This meter shows how close you are to reaching your next General level.,
TOOLTIP:TooltipNukeReactorOverChargeIsOn,1,Overcharge is currently ON,
TOOLTIP:TooltipNukeReactorOverChargeIsOff,1,Overcharge is currently OFF,
GUI:ESRB_Top,1,ESRB Notice:,
GUI:ESRB_Bottom,1,"Game Experience May 
 Change During Online Play",
GUI:ReplaySaved,1,Replay Saved,
OBJECT:Monument,1,Monument,
TOOLTIP:TooltipNotEnoughMoneyToBuild,1,Insufficient funds,
TOOLTIP:TooltipCannotPurchaseBecauseQueueFull,1,Build queue full,
TOOLTIP:TooltipCannotBuildUnitBecauseParkingFull,1,Airfield full,
TOOLTIP:TooltipCannotBuildUnitBecauseMaximumNumber,1,Unit already exists,
GUI:SocketError,1,"Failed trying to communicate with the network, check your connection.",
GUI:NetworkError,1,NETWORK ERROR,
GUI:BuddiesTab,1,Buddies,
TOOLTIP:BattleHonorOfficersClub,1,"Officers Club Honor 
 Founding member of the Generals Community",
GUI:CreateFormationDescription,1,Create a formation of the selected units and they will retain it as they move.,
GUI:ScatterDescription,1,Scatter selected object(s).,
OBJECT:TrainWreckBridge,1,Train Wreck Bridge,
MAP:BarrenBadlands,1,Barren Badlands,
MAP:CraterCanyon,1,Crater Canyon,
MAP:DustDevil,1,Dust Devil,
MAP:EasternEverglades,1,Eastern Everglades,
MAP:ForgottenForest,1,Forgotten Forest,
MAP:InterstateInferno,1,Interstate Inferno,
MAP:MountainMayhem,1,Mountain Mayhem,
MAP:NoMansLand,1,No Man's Land,
MAP:OverlandOffensive,1,Overland Offensive,
MAP:RockyRampage,1,Rocky Rampage,
MAP:SnowblindStrike,1,Snowblind Strike,
MAP:UrbanUnderground,1,Urban Underground,
MAP:VictoryValley,1,Victory Valley,
MAP:WastelandWarfare,1,Wasteland Warfare,
MAP:RogueAgent,1,Rogue Agent,
MAP:DesertEagle,1,Desert Eagle,
MAP:FlashFire,1,Flash Fire,
MAP:MountainGuns,1,Mountain Guns,
MAP:FlashEffect,1,Flash Effect,
MAP:LightsOut,1,Lights Out,
MAP:SteelTrap,1,Steel Trap,
MAP:ArmoredFury,1,Armored Fury,
MAP:InfiniteJustice,1,Infinite Justice,
MAP:Whiteout,1,Whiteout,
MAP:FalloutEffect,1,Fallout Effect,
MAP:FloodedPlains,1,Flooded Plains,
MAP:TournamentContinent,1,Tournament Continent,
MAP:TournamentCity,1,Tournament City,
MAP:TournamentLadder01,1,Tournament Ladder 01,
MAP:TournamentLadder02,1,Tournament Ladder 02,
MAP:TournamentLadder03,1,Tournament Ladder 03,
MAP:TournamentLadder04,1,Tournament Ladder 04,
MAP:TrainingGLAHole,1,GLA buildings have deep underground areas that allow their workers to remain protected. After destroying a GLA building a hole will be left behind. Workers hidden in this hole will eventually rebuild the structure. Attack the hole to remove the GLA threat.,
TOOLTIP:BattleHonorStreak25,1,"Streak Honor(25) 
 Player has won 25 games in a row",
GUI:InsertCDPrompt,1,Missing CD,
GUI:InsertCDMessage,1,Please insert the first game CD.,
CONTROLBAR:OrRequirement,1,or,
SCRIPT:USA02RescueCounter,1,Pilots Remaining:,
GUI:AddCash,1,$%d,
GUI:LoseCash,1,-$%d,
RADAR:HarvesterUnderAttack,1,Resource gatherer under attack.,
OBJECT:PharmaceuticalFactory,1,Pharmaceutical Factory,
GUI:CareerWins,1,Career Wins,
GUI:CareerLosses,1,Career Losses,
GUI:CurrentWinStreak,1,Current Win Streak,
GUI:CarrerWinPercent,1,Career Win Percentage,
TOOLTIP:NumberOfPlayers,1,Number of players currently in this game,
TOOTIP:Password,1,Password required to joing game,
TOOLTIP:PingInfo,1,Connection speed quality to host,
TOOLTIP:LobbyOfficersClub,1,Officers Club: Founding member of the Generals Community,
GUI:Display,1,OPTIONS,
GUI:Audio,1,AUDIO,
GUI:LANLobby,1,LAN LOBBY,
GUI:Mute,1,Mute,
GUI:NeedHumanPlayers,1,You need a non-observer human player to start the game.,
GUI:MediumDifficulty,1,Hard,
CONTROLBAR:ObsPlayerLabel,1,%ls (Team %ls),
GUI:LowTextureDetail,1,Low Texture Detail,
TOOLTIP:LowTextureDetail,1,Use Low Resolution Textures,
GUI:QuickMatch800x600,1,Please change your video resolution to 800 x 600 to play QuickMatch.,
OBJECT:CargoPlane,1,Cargo Plane,
OBJECT:HuNanProvince,1,Beijing,
OBJECT:HongKong,1,Hong Kong,
OBJECT:HubeiProvince,1,Three Gorges Dam,
OBJECT:Tangula,1,Tanggula Mountains,
OBJECT:Balykchy,1,Balykchy,
OBJECT:Bishkek,1,Bishkek,
OBJECT:Dushanbe,1,Dushanbe,
OBJECT:Shymkent,1,Shymkent,
OBJECT:Almaty,1,Almaty,
OBJECT:Zambul,1,Zhambul,
OBJECT:Astana,1,Astana,
OBJECT:Incirlik,1,Incirlik,
OBJECT:AralSea,1,Aral Sea,
OBJECT:Lenger,1,Lenger,
OBJECT:Baikonur,1,Baikonur,
OBJECT:Mazar,1,Mazar,
OBJECT:Baghdad,1,Baghdad,
OBJECT:AlHanad,1,Al Hanad,
OBJECT:NorthKazakhstan,1,Northern Kazakhstan,
OBJECT:KazakhstanCoast,1,Kazakhstan Coast,
OBJECT:KazakhstanDMZ,1,Kazakhstan DMZ,
OBJECT:SouthKazkahstan,1,Southeastern Kazakhstan,
OBJECT:Akmola,1,Akmola,
SCRIPT:GLA03Objective01a,1,"MISSION OBJECTIVES: 
 Claim the Command Center to the East to begin production. 
 Kill 200 traitors.",
SCRIPT:GLA03Objective02a,1,"MISSION OBJECTIVE: 
 Use Toxin Tractors to kill 200 traitors.",
TOOLTIP:Campaign1,1,Campaign 1,
TOOLTIP:Campaign2,1,Campaign 2,
TOOLTIP:Campaign3,1,Campaign 3,
GUI:Setup,1,SETUP,
GUI:PlayerInfo,1,PLAYER INFO,
GUI:Persona,1,PERSONA,
GUI:TextureHigh,1,High Quality (slower),
GUI:TextureMedium,1,Medium Quality,
GUI:TextureLow,1,Low Quality (faster),
GUI:GameSpeed,1,Game Speed,
GUI:SlowGameSpeed,1,Slow,
GUI:MediumGameSpeed,1,Medium,
GUI:FastGameSpeed,1,Fast,
GUI:RestartConfirmationTitle,1,RESTART?,
GUI:SurrenderConfirmationTitle,1,SURRENDER?,
TOOLTIP:StartPositionN,1,Start Position for player %d,
LABEL:FORMATION,1,F,
GUI:IgnoreSm,1,Ignore,
GUI:AcceptSm,1,ACCEPT,
GUI:EasyCaps,1,NORMAL,
GUI:MediumDifficultyCaps,1,HARD,
GUI:HardCaps,1,BRUTAL,
TOOLTIP:AdvanceOptionsAccept,1,Accept the changes made to the Advance Display Options,
TOOLTIP:AdvanceOptionsCancel,1,Exit the Advance Display Options Menu without making your changes,
GUI:AdvanceDisplayOptions,1,ADVANCED DISPLAY OPTIONS,
GUI:Shadows,1,Shadows,
TOOLTIP:Shadows,1,Toggle showing shadows in game. On can be slower,
GUI:BehindBuilding,1,Behind Buildings,
TOOLTIP:BehindBuilding,1,Toggle showing units behind buildings. On can be slower,
GUI:ShowProps,1,Show Props,
TOOLTIP:ShowProps,1,Toggle displaying game props. On can be slower,
GUI:LowResSlider,1,TEXTURE RESOLUTION,
GUI:HighResSlower,1,High Resolution (Slower),
GUI:LowResFaster,1,Low Resolution (Faster),
TOOLTIP:LowResSlider,1,Higher resolution textures can slow the game down,
GUI:ParticleCap,1,PARTICLE CAP,
GUI:MoreParticlesSlower,1,Max Particles (Slower),
GUI:LessParticlesFaster,1,Min Particles (Faster),
TOOLTIP:ParticleCapSlider,1,More particles can slow the game down,
GUI:CurrentLossStreak,1,Current Loss Streak,
GUI:Custom,1,Custom,
GUI:ToggleOnOff,1,Visual Effects,
GUI:RestartMission,1,RESTART MISSION,
GUI:ExitMission,1,EXIT MISSION,
GUI:OlderReplayVersionTitle,1,OLDER REPLAY VERSION,
GUI:OlderReplayVersion,1,"Loading may not display the replay properly, continue to load?",
GUI:Shadows2D,1,2D Shadows,
TOOLTIP:Shadows2D,1,Toggle showing 2D shadows in game. Turn off for improved performance,
GUI:Shadows3D,1,3D Shadows,
TOOLTIP:Shadows3D,1,Toggle showing 3D shadows in game. Turn off for improved performance,
GUI:CloudShadows,1,Cloud Shadows,
TOOLTIP:CloudShadows,1,Toggle showing cloud shadows on terrain. Turn off for improved performance,
GUI:GroundLighting,1,Extra Ground Lighting,
TOOLTIP:GroundLighting,1,Toggle showing detailed lighting on terrain. Turn off for improved performance,
GUI:SmoothWater,1,Smooth Water Borders,
TOOLTIP:SmoothWater,1,Toggle smoothing of water borders. Turn off for improved performance,
GUI:ExtraAnimations,1,Extra Animations,
TOOLTIP:ExtraAnimations,1,Toggle showing optional animations like tree sway. Turn off for improved performance,
GUI:NoDynamicLOD,1,Disable Dynamic LOD,
TOOLTIP:NoDynamicLOD,1,Disable automatic detail adjustment. Turn off for improved performance,
GUI:UnlockMaxFPS,1,Uncapped FPS,
TOOLTIP:UnlockMaxFPS,1,Allows frame rates above 30. Affects game speed so only recommended for benchmarks,
GUI:TreeSway,1,Tree Animation,
TOOLTIP:TreeSway,1,Toggle tree animations. Turn off for improved performance,
GUI:TankTreads,1,Vehicle Tracks,
TOOLTIP:TankTreads,1,Toggle marks left by vehicles. Turn off for improved performance,
GUI:WaterWaves,1,Water Waves,
TOOLTIP:WaterWaves,1,Toggle wave animations on shorelines. Turn off for improved performance,
GUI:BuildupAnimations,1,Buildup Animations,
TOOLTIP:BuildupAnimations,1,Show additional animations during structure construction. Turn off for improved performance,
GUI:AdvancedOptionsToggleOnOff,1,Toggle On/Off - Off to improve performance,
GUI:PerformanceTestingMessage,1,Please wait while we test your system performance to determine optimal settings.,
GUI:PerformanceTestingTitle,1,Testing System Performance,
GUI:ReducedColor,1,16-Bit Color,
TOOLTIP:ReducedColor,1,Improves performance but reduces visual quality,
GUI:SelectAMapLowerCase,1,Select Map,
GUI:SaveAndExit,1,SAVE AND EXIT,
GUI:PerSideWinPercentage,1,%d%% %ls,
GUI:WinnersToday,1,TODAY'S WINNERS,
GUI:WinnersLastWeek,1,LAST WEEK'S WINNERS,
MOTD:NumPlayersHeading,1,"Welcome to Generals Online. 
 There are currently %d players online.",
TOOLTIP:GameAcceptance,1,Game Acceptance,
TOOLTIP:ConnectionSpeed,1,Connection Speed,
CONTROLBAR:NoHotKeyArtilleryBarrage,1,Artillery Barrage,
CONTROLBAR:NoHotKeySpySatellite,1,Spy Satellite,
GUI:FetchingPlayerInfo,1,Updating...,
CREDITS:EALosAngelesFieldRecordingsTeam,1,EA Los Angeles Field Recordings Team,
CREDITS:TiburonQualityAssuranceSeniorLead,1,EA Tiburon Quality Assurance Senior Lead,
CREDITS:TiburonQualityAssuranceProjectLead,1,EA Tiburon Quality Assurance Project Lead,
CREDITS:TiburonAssociateQualityAssuranceLeads,1,EA Tiburon Associate Quality Assurance Leads,
CREDITS:TiburonQualityAssuranceSeniorTesters,1,EA Tiburon Quality Assurance Senior Testers,
CREDITS:TiburonQualityAssuranceTesters,1,EA Tiburon Quality Assurance Testers,
CREDITS:EAUKAdditionalQualityAssurance,1,EAUK Additional Quality Assurance,
CREDITS:MultiplayerTestParticipants,1,Multiplayer Test Participants,
CREDITS:FocusTesters,1,Focus Testers,
CREDITS:NorthAmericaMarketingPartners,1,North America Marketing Partners,
CREDITS:ManagingDirectorEurope,1,"Managing Director, Europe",
CREDITS:EuropeanMarketingPartners,1,European Marketing Partners,
CREDITS:AsiaPacificPresidentandCoach,1,"EA Asia Pacific, President and Coach",
CREDITS:AsiaPacificMarketingPartners,1,EA Asia Pacific Marketing Partners,
CREDITS:GamingCommunityPartners,1,Gaming Community Partners,
CREDITS:EADevelopmentExecutives,1,EA Development Executives,
CREDITS:SpecialThankstotheMaxiscrew,1,Special Thanks to the Maxis crew,
CREDITS:VerySpecialThanks,1,Very Special Thanks,
CREDITS:DevelopmentTitle,1,Command & Conquer Generals was developed,
CREDITS:EAPacificDevTeam,1,Electronic Arts Pacific - Command & Conquer Generals,
CREDITS:ExecutiveInCharge,1,Executive in Charge of Production,
CREDITS:Producer,1,Producer,
CREDITS:LeadDesigner,1,Lead Designer,
CREDITS:TechnicalDirector,1,Technical Director,
CREDITS:ArtDirector,1,Art Director,
CREDITS:ArtProducer,1,Art Producer,
CREDITS:SeniorProducer,1,Senior Producer,
CREDITS:AssociateProducers,1,Associate Producers,
CREDITS:MultiplayerTestProducer,1,Multiplayer Test Producer,
CREDITS:SeniorEngineers,1,Senior Engineers,
CREDITS:Engineers,1,Engineers,
CREDITS:AdditionalEngineering,1,Additional Engineering,
CREDITS:Designers,1,Designers,
CREDITS:AdditionalDesignInspirationandSupport,1,"Additional Design, Inspiration and Support",
CREDITS:AdditionalDesign,1,Additional Design,
CREDITS:ExternalMultiplayMapCreators,1,External Multiplay Map Creators,
CREDITS:Artists,1,Artists,
CREDITS:AdditionalArt,1,Additional Art,
CREDITS:DirectorofAudio,1,Director of Audio,
CREDITS:SoundDesignandVoiceDirection,1,Sound Design and Voice Direction,
CREDITS:Composers,1,Composers,
CREDITS:Composer1,1,Music Composed and Produced by Bill Brown and Mikael,
CREDITS:Additionalsoundsanddialogueprocessing,1,Additional Sounds and Additional Dialogue Processing,
CREDITS:ScriptWriters,1,Script Writers,
CREDITS:SoundEffectsFieldRecordings,1,Sound Effects Field Recordings,
CREDITS:SoundEffectsFieldRecordings1,1,Jacques Littlefield and the Military Vehicle Technology Foundation,
CREDITS:SoundEffectsFieldRecordings2,1,SPEC Samuel H. Cho,
CREDITS:SoundEffectsFieldRecordings3,1,Staff Sergeant Scott McClane of C troop 1/18 Cav,
CREDITS:SoundEffectsFieldRecordings4,1,Mary Beth McFadden and Francisco Mendozo at Adam's Steel - Anaheim,
CREDITS:CinematicCutSceneDirector,1,Cinematic Cut Scene Director,
CREDITS:CinematicCutSceneArtists,1,Cinematic Cut Scene Artists,
CREDITS:ProductionAssistance,1,Production Assistance,
CREDITS:AdditionalProductionManagement,1,Additional Production Management,
CREDITS:CameoProduction,1,Cameo Production,
CREDITS:Casting,1,Casting by Deborah German Casting,
CREDITS:Wardrobe,1,Wardrobe by Janet Grower / Santa Barbara Studios,
CREDITS:HairandMakeUp,1,Hair and Make-Up by Jodi Demarco,
CREDITS:EngineeringInterns,1,Engineering Interns,
CREDITS:ArtIntern,1,Art Intern,
CREDITS:EAPacificQualityAssurance,1,EA Pacific Quality Assurance,
CREDITS:EAPacificOperations,1,EA Pacific Operations,
CREDITS:VoiceActors,1,Voice Actors,
CREDITS:CameoPhotos,1,Cameo Photos,
CREDITS:AdditionalModels,1,Additional Models by Mythos Studios,
CREDITS:CinematicIntroandFinaleMovies,1,Cinematic Intro & Finale Movies created by Mondo Media,
CREDITS:MotionCapture,1,Westwood Motion Capture,
CREDITS:MilitarypropsThanx,1,Military props supplied by David Hsu & Specialized Distribution,
CREDITS:SpecialThanx1,1,MomDadIkePacoMikeWhitchLetNelsEnHenriDaveTyLauraNatJenSarah - HB,
CREDITS:SpecialThanx2,1,"Thanks to Cricket, Boris, Lucy, Poet, and, of course, Lynn.",
CREDITS:SpecialThanx3,1,Thanks to my family/friends for keeping me sane(ish) - JB,
CREDITS:SpecialThanx4,1,"Thanks and love to Laura, Ben, Jack, Sam and Sophia Skaggs.",
CREDITS:SpecialThanx5,1,With Love Dad Mom Nan Juba Teresa Eddie Jay Wash & Julie.,
CREDITS:SpecialThanx7,1,"Thanks to my family for hanging in there, when Dad was away from them.",
CREDITS:SpecialThanx8,1,For my wife Stephanie Keegan for her support and understanding. I love you.,
CREDITS:SpecialThanx9,1,Thanx to my family for putting up with my long absence & Blue Aguave nectar - FH,
CREDITS:SpecialThanx10,1,"Hi mom! Thanks Ramzi, Geoff, Craig, Nalani, and the GS crew. - AA",
CREDITS:SpecialThanx11,1,"Thank you, Paula, for your support & patience - MV",
CREDITS:SpecialThanx12,1,"Kristie Torres, Graham Morness, Paul Dulong & Chilliwack BC!",
CREDITS:SpecialThanx13,1,"Becca de Boo, Restore Will, Long passes to Goblins.",
CREDITS:SpecialThanx14,1,"My roots, loyal friends, and my Desert Rose.",
CREDITS:SpecialThanx15,1,Thanks to my Family for celebrating Xmas in February.,
CREDITS:SpecialThanx16,1,"I'd like to thank myself, because without me, I wouldn't be here.",
CREDITS:SpecialThanx17,1,Special thanks to Susan Campbell.,
CREDITS:SpecialThanx18,1,"Thanks to Karen and Nick Ahlquist, I love you both.",
CREDITS:SpecialThanx19,1,"Thanks to Jen, who makes the world go around.",
CREDITS:SpecialThanx20,1,"Terri, Jackie, Pepper, and Abby Lee.",
CREDITS:SpecialThanx21,1,"Thanks to Renee, Bruce, Laura, Eva & all my buds in the 949.",
CREDITS:SpecialThanx22,1,"Krissy, Gandalf and Morrigan: Best Family Ever.",
CREDITS:SpecialThanx23,1,"Thank you Laurie, Katie, and Erik for being patient.",
CREDITS:SpecialThanx24,1,"The Brown support team: Robin, Josh, Beth, Meeskite for patience, love and support.",
CREDITS:SpecialThanx25,1,"THANKS Mom for lunch, Dad for advice, Roman for sweetness.",
CREDITS:SpecialThanx26,1,"Brue, Peter L, Mike W, Matt C, Monkeys.",
CREDITS:SpecialThanx27,1,"Ingrid, Noelle & Cassie Nadon, Mom & Dad Cleveland.",
CREDITS:SpecialThanx28,1,"To Melissa, who kept the home front safe while I went off to war.",
CREDITS:SpecialThanx29,1,"Justine, ice cream filled donuts, political correctness, Natas.",
CREDITS:SpecialThanx31,1,"Deepest thanks to my Honey and the kids, for patience and support.",
CREDITS:SpecialThanx33,1,To all my family and friends who await my early return.,
CREDITS:SpecialThanx34,1,Mad props to my sweetie Joji and my baby Sparky.,
CREDITS:SpecialThanx35,1,"Thanks to my family, Cheryl and Brandon Burtis for their love and support.",
CREDITS:SpecialThanx36,1,I'd like to thank my wife for understanding my busyness.,
CREDITS:SpecialThanx37,1,"Bjorn Muller Thanks: Mom, Dad, family & friends.",
CREDITS:SpecialThanx38,1,I would like to thank my family and Amy for all the support.,
CREDITS:SpecialThanx39,1,"Special thanks: Mom, Dad, Bohdi, Willie, and anyone reading this.",
CREDITS:SpecialThanx40,1,Thanks to all friends and family for waiting to have Christmas in February.,
CREDITS:SpecialThanx41,1,"Thanks to Bing, your support has been invaluable.",
GUI:GameSaved,1,Game Saved,
GUI:ErrorSavingGame,1,Error saving game '%s',
GUI:ErrorLoadingGame,1,Error loading game '%s',
CREDITS:InspiredByLine1,1,Command & Conquer Generals was inspired by the original,
CREDITS:InspiredByLine2,1,Command & Conquer created by Westwood Studios,
CREDITS:MultiplayerTestParticipantThanxMessageLine1,1,Thanks to all of the fantastic Multiplayer Test participants,
CREDITS:MultiplayerTestParticipantThanxMessageLine2,1,that helped us put the game through its paces. Your help has,
CREDITS:MultiplayerTestParticipantThanxMessageLine3,1,been invaluable and we hope you enjoyed the experience.,
CREDITS:SpecialThanxKeyMessage1,1,A very special thanks to all of our families for allowing us to do what,
CREDITS:SpecialThanxKeyMessage2,1,we love: making games. We can't thank you enough for your support.,
CREDITS:SpecialThanxKeyMessage3,1,But we'll try...,
CREDITS:SpecialThanx6Line1,1,"Thanks to my better half, Tawny Pham. Your patience",
CREDITS:SpecialThanx6Line2,1,& support have been invaluable. I love you dearly.,
CREDITS:SpecialThanx30Line1,1,Tammy Mom Dad Heidl Honey Shatzie Alex Friends,
CREDITS:SpecialThanx30Line2,1,"for being there, even though I couldn't.",
CREDITS:SpecialThanx32Line1,1,"Thanks to my Parents, and to my Crazy Friends,",
CREDITS:SpecialThanx32Line2,1,who'll do just about anything for a dollar.,
GUI:ControlBarBack,1,BACK,
GUI:MainMenuLoadGame,1,LOAD GAME,
GUI:MainMenuLoadReplay,1,LOAD REPLAY,
GUI:LastReplay,1,Last Replay,
GUI:ControlBarMoneyDisplay,1,$ %d,
GUI:Player,1,Player,
CREDITS:UliLachelet,1,Uli Lächelt,
CREDITS:JorgLindner,1,Jörg Lindner,
CREDITS:LOCALIZATION,1,Localization,
CREDITS:EALocalisationManager,1,European EA Localization Manager,
CREDITS:EALocalisationProjectManager,1,European EA Localization Project Manager,
CREDITS:EuropeanIntegrationTeam,1,European Integration Team,
CREDITS:IntegrationEngineerManager,1,Integration Engineer Manager,
CREDITS:IntegrationProgrammer,1,Integration Programmers,
CREDITS:AudioPostproduction,1,Audio Postproduction,
CREDITS:SpanishLocalizationTeam,1,Spanish Localization Team,
CREDITS:LocalizationManagerEAIberia,1,Localization Manager EA Iberia,
CREDITS:QAnLTSupervisor,1,QA & LT Supervisor,
CREDITS:QALead,1,QA Lead,
CREDITS:QATesters,1,QA Testers,
CREDITS:LocalizationSupervisorEAIberia,1,Localization Supervisor EA Iberia,
CREDITS:LocalizationCoordinator,1,Localization Coordinator,
CREDITS:Translations,1,Translations,
CREDITS:DTPSupervisor,1,DTP Supervisor,
CREDITS:LayoutDesign,1,Layout Design,
CREDITS:Documentation,1,Documentation,
CREDITS:JoseMaria,1,José María García,
CREDITS:AndresGine,1,Andrés Giné,
CREDITS:JoseRamon,1,José Ramón Sagarna,
CREDITS:DavidSuarez,1,David Suárez,
CREDITS:AlejandroGomez,1,Alejandro Gómez,
CREDITS:IsmaeLDuran,1,Ismael Durán,
CREDITS:JoseLuis,1,José Luis Rovira,
CREDITS:JavierMartinez,1,Javier Martínez,
CREDITS:LuisPines,1,Luis Pinés,
CREDITS:EAItalyLocalization,1,EA Localization - Italy,
CREDITS:LocalisationManager,1,Localization Manager,
CREDITS:TranslationSupervisor,1,Translation Supervisor,
CREDITS:LTSupervisor,1,LT Supervisor,
CREDITS:LocalisationCoordinator,1,Localization Coordinator,
CREDITS:LocalisationGermany,1,EA Localization - Germany,
CREDITS:RobertBock,1,Robert Böck,
CREDITS:TestCoordination,1,Test Coordination,
CREDITS:LanguageTester,1,Localization Tester,
CREDITS:LocalisationFrance,1,EA Localization - France,
CREDITS:TestManager,1,Test Manager,
CREDITS:FrenchLanguageTestingCoordinator,1,Language Testing Coordinator,
CREDITS:StephaneTachon,1,Stéphane Tachon,
CREDITS:LanguageTesters,1,Localization Testers,
CREDITS:LocalisationBrazil,1,EA Localization - Brazil,
CREDITS:TranslationAndTesting,1,Translation & Testing,
CREDITS:LocalisationPoland,1,Localization - Poland,
GUI:LadderNameAndSize,1,%ls (%dv%d),
GUI:InvalidLadderPassword,1,Invalid ladder password.,
GUI:EnterLadderPassword,1,Enter ladder password:,
GUI:InternetDisconnectionMenuHeader,1,Disconnection Menu,
GUI:InternetDisconnectionMenuHeaderCaps,1,DISCONNECTION MENU,
GUI:InternetDisconnectionMenuBody1,1,One or more players have been disconnected from the game. If you choose to vote a person out of the game then click the VOTE button next to the respective player. When the timer counts down to 0 that person will be removed from the game and the battle will continue.,
GUI:InternetDisconnectionMenuBody2,1,It is possible that the person is attempting to reconnect so you may choose to wait until this players timer has elapsed. When the timer counts down to 0 that person will be removed from the game and the battle will continue.,
CREDITS:EAKoreaLocalisationTeam,1,EA Korea Team,
CREDITS:BusinessDevelopmentManager,1,Business Development Manager,
CREDITS:LocalisationProducer,1,Localization Producer,
CREDITS:EAKoreaMarketingTeam,1,EA Korea Marketing Team,
CREDITS:MarketingManager,1,Marketing Manager,
CREDITS:ProductManager,1,Product Manager,
CREDITS:PublicRelations,1,Public Relations,
CREDITS:ProductPromotion,1,Product Promotion,
CREDITS:EATaiwanLocalisationTeam,1,EA Taiwan Localization Team,
CREDITS:EAAsiaPacificLocalisationProjectManager,1,EA Asia Pacific Localization Project Manager,
CREDITS:AdditionalStoryInspiration,1,Additional Story Inspiration,
GUI:RandomSide,1,Random,
GUI:Age,1,Age,
GUI:Month,1,Month (MM),
GUI:Day,1,Day (DD),
GUI:Year,1,Year (YYYY),
CREDITS:DevelopmentTitle2,1,by Electronic Arts Pacific,
CREDITS:EAPacificDevTeam2,1,Development Team,
GUI:MustHaveAdminRights,1,You must have administrative rights to install a patch.,
GUI:BuddyAddReq,1,Command & Conquer Generals user wants to add a buddy,
GUI:AgeFailedTitle,1,Age Requirement Notice,
GUI:AgeFailed,1,You must be 13 years of age or older to play this game online.,
GUI:AdditionalLocalizationManagement,1,Additional Localization Management,
GUI:BuddyAddReqMessageSent,1,Buddy request has been sent,
GUI:BuddyAddReqMessageRejected,1,Buddy request has been rejected,
GUI:BuddyAddReqMessageAccepted,1,Buddy request has been accepted,
GUI:GroupRoom4,1,4 vs 4,
GUI:GroupRoom5,1,Free4All,
GUI:GroupRoom6,1,Clan Wars,
GUI:GroupRoom7,1,Asia,
GUI:GroupRoom8,1,Europe,
GUI:GroupRoom9,1,N America,
GUI:GroupRoom10,1,No Supers,
GUI:GroupRoom11,1,Mod Maps,
TOOLTIP:RefreshGamePlayerList,1,Refresh the game and player lists,
TOOLTIP:CommunicatorBuddyRadioButton,1,Right click name in Custom Lobby player list to send buddy request,
TOOLTIP:CommunicatorIgnoreRadioButton,1,Right click name in Custom Lobby player list to ignore player,
GUI:GroupRoom12,1,Newbies,
GUI:GroupRoom13,1,1 vs 1,
GUI:GroupRoom14,1,2 vs 2,
GUI:GroupRoom15,1,3 vs 3,
GUI:GroupRoom16,1,4 vs 4,
GUI:GroupRoom17,1,New Players,
GUI:GroupRoom18,1,Mod Games,
GUI:GroupRoom19,1,Ladder Games,
GUI:GroupRoom20,1,Germany,
GUI:GroupRoom21,1,US,
GUI:GroupRoom22,1,Korea,
GUI:BeaconClear,1,Clear,
GUI:ControlOptions,1,CONTROL OPTIONS,
GUI:ClassicMouse,1,Classic,
GUI:AlternateMouse,1,Alternate Mouse Setup,
TOOLTIP:AlternateMouse,1,"Right mouse button initiates unit action on battle field (attack, move, etc.)",
GUI:FireWallPort,1,Firewall Port Override:,
TOOLTIP:FireWallPort,1,Open Firewall Port Number,
