source_path,entry,start_x,start_y,end_x,end_y,wave_type,wave_name
MapsZH.big\Maps\TournamentB\TournamentB.wak,1,2111.67236328125,1463.4801025390625,2111.225830078125,1464.3748779296875,0,Pond
MapsZH.big\Maps\TournamentB\TournamentB.wak,2,2095.53759765625,1457.924072265625,2095.199462890625,1458.865234375,0,Pond
MapsZH.big\Maps\TournamentB\TournamentB.wak,3,2077.840087890625,1447.9295654296875,2077.036865234375,1448.525390625,0,Pond
MapsZH.big\Maps\TournamentB\TournamentB.wak,4,2067.446044921875,1432.602294921875,2066.556640625,1433.0595703125,0,Pond
MapsZH.big\Maps\TournamentB\TournamentB.wak,5,2054.896484375,1422.238037109375,2054.4375,1423.12646484375,0,Pond
MapsZH.big\Maps\TournamentB\TournamentB.wak,6,2040.01318359375,1409.2679443359375,2039.22021484375,1409.877197265625,0,Pond
MapsZH.big\Maps\TournamentB\TournamentB.wak,7,2031.6845703125,1392.023681640625,2030.696533203125,1392.1776123046875,0,Pond
MapsZH.big\Maps\TournamentB\TournamentB.wak,8,2031.416748046875,1370.9462890625,2030.4287109375,1370.792236328125,0,Pond
MapsZH.big\Maps\TournamentB\TournamentB.wak,9,2044.4698486328125,1351.1619873046875,2043.9698486328125,1350.2960205078125,0,Pond
MapsZH.big\Maps\TournamentB\TournamentB.wak,10,2058.95166015625,1336.8603515625,2058.291259765625,1336.109375,0,Pond
MapsZH.big\Maps\TournamentB\TournamentB.wak,11,2076.967529296875,1321.814453125,2076.302978515625,1321.067138671875,0,Pond
MapsZH.big\Maps\TournamentB\TournamentB.wak,12,2088.02880859375,1307.119384765625,2087.25634765625,1306.4842529296875,0,Pond
MapsZH.big\Maps\TournamentB\TournamentB.wak,13,2101.569091796875,1294.811767578125,2101.016357421875,1293.978515625,0,Pond
MapsZH.big\Maps\TournamentB\TournamentB.wak,14,2115.315673828125,1283.890380859375,2114.7490234375,1283.06640625,0,Pond
MapsZH.big\Maps\TournamentB\TournamentB.wak,15,2126.701171875,1274.54150390625,2126.04443359375,1273.7874755859375,0,Pond
MapsZH.big\Maps\TournamentB\TournamentB.wak,16,2141.390625,1258.431396484375,2140.6376953125,1257.7734375,0,Pond
MapsZH.big\Maps\TournamentB\TournamentB.wak,17,2156.29248046875,1244.19970703125,2155.596923828125,1243.481201171875,0,Pond
MapsZH.big\Maps\TournamentB\TournamentB.wak,18,2168.474609375,1230.1171875,2167.6328125,1229.5775146484375,0,Pond
MapsZH.big\Maps\TournamentB\TournamentB.wak,19,2180.26025390625,1215.47998046875,2179.482421875,1214.8514404296875,0,Pond
MapsZH.big\Maps\TournamentB\TournamentB.wak,20,2192.7392578125,1204.9833984375,2192.16796875,1204.16259765625,0,Pond
MapsZH.big\Maps\TournamentB\TournamentB.wak,21,2202.99853515625,1194.93310546875,2202.267333984375,1194.2509765625,0,Pond
MapsZH.big\Maps\TournamentB\TournamentB.wak,22,2216.72119140625,1181.300537109375,2216.058349609375,1180.5517578125,0,Pond
MapsZH.big\Maps\TournamentB\TournamentB.wak,23,2229.8935546875,1164.09326171875,2229.10693359375,1163.475830078125,0,Pond
MapsZH.big\Maps\TournamentB\TournamentB.wak,24,2244.4072265625,1149.4296875,2243.81494140625,1148.6240234375,0,Pond
MapsZH.big\Maps\TournamentB\TournamentB.wak,25,2256.36181640625,1138.1749267578125,2255.65087890625,1137.4715576171875,0,Pond
MapsZH.big\Maps\TournamentB\TournamentB.wak,26,2268.42138671875,1126.5947265625,2267.705810546875,1125.8961181640625,0,Pond
MapsZH.big\Maps\TournamentB\TournamentB.wak,27,2283.902099609375,1113.40771484375,2283.206787109375,1112.6890869140625,0,Pond
MapsZH.big\Maps\TournamentB\TournamentB.wak,28,2299.08984375,1097.6890869140625,2298.37109375,1096.993896484375,0,Pond
MapsZH.big\Maps\TournamentB\TournamentB.wak,29,2310.99169921875,1084.617919921875,2310.279296875,1083.9161376953125,0,Pond
MapsZH.big\Maps\TournamentB\TournamentB.wak,30,2324.437255859375,1069.275390625,2323.7890625,1068.513916015625,0,Pond
MapsZH.big\Maps\TournamentB\TournamentB.wak,31,2339.4033203125,1056.9609375,2338.750244140625,1056.20361328125,0,Pond
MapsZH.big\Maps\TournamentB\TournamentB.wak,32,2354.7353515625,1046.2958984375,2353.9912109375,1045.6278076171875,0,Pond
MapsZH.big\Maps\TournamentB\TournamentB.wak,33,2371.33935546875,1033.0089111328125,2370.95947265625,1032.0838623046875,0,Pond
MapsZH.big\Maps\TournamentB\TournamentB.wak,34,2396.441162109375,1028.1827392578125,2396.310302734375,1027.19140625,0,Pond
MapsZH.big\Maps\TournamentB\TournamentB.wak,35,2418.80419921875,1029.2359619140625,2418.831298828125,1028.236328125,0,Pond
MapsZH.big\Maps\TournamentB\TournamentB.wak,36,2444.53173828125,1037.6962890625,2445.021728515625,1036.8245849609375,0,Pond
MapsZH.big\Maps\TournamentB\TournamentB.wak,37,2463.13330078125,1048.105224609375,2463.849853515625,1047.40771484375,0,Pond
MapsZH.big\Maps\TournamentB\TournamentB.wak,38,2478.38818359375,1062.777587890625,2479.10693359375,1062.082275390625,0,Pond
MapsZH.big\Maps\TournamentB\TournamentB.wak,39,2488.56494140625,1083.0693359375,2489.4599609375,1082.6231689453125,0,Pond
MapsZH.big\Maps\TournamentB\TournamentB.wak,40,2496.75537109375,1101.069091796875,2497.723388671875,1100.8182373046875,0,Pond
MapsZH.big\Maps\TournamentB\TournamentB.wak,41,2494.80419921875,1120.3968505859375,2495.732421875,1120.76904296875,0,Pond
MapsZH.big\Maps\TournamentB\TournamentB.wak,42,2485.8134765625,1135.518798828125,2486.63330078125,1136.09130859375,0,Pond
MapsZH.big\Maps\TournamentB\TournamentB.wak,43,2473.26904296875,1150.60595703125,2474.03369140625,1151.25048828125,0,Pond
MapsZH.big\Maps\TournamentB\TournamentB.wak,44,2452.533203125,1167.1380615234375,2453.205322265625,1167.8785400390625,0,Pond
MapsZH.big\Maps\TournamentB\TournamentB.wak,45,2439.248046875,1183.749267578125,2439.94482421875,1184.466552734375,0,Pond
MapsZH.big\Maps\TournamentB\TournamentB.wak,46,2425.700927734375,1200.7783203125,2426.523193359375,1201.3475341796875,0,Pond
MapsZH.big\Maps\TournamentB\TournamentB.wak,47,2413.390380859375,1212.156982421875,2414.15869140625,1212.796875,0,Pond
MapsZH.big\Maps\TournamentB\TournamentB.wak,48,2398.47216796875,1228.11181640625,2399.235107421875,1228.75830078125,0,Pond
MapsZH.big\Maps\TournamentB\TournamentB.wak,49,2384.943603515625,1240.8526611328125,2385.66796875,1241.5419921875,0,Pond
MapsZH.big\Maps\TournamentB\TournamentB.wak,50,2369.47607421875,1255.7340087890625,2370.248291015625,1256.3692626953125,0,Pond
MapsZH.big\Maps\TournamentB\TournamentB.wak,51,2355.89013671875,1270.3724365234375,2356.639404296875,1271.03466796875,0,Pond
MapsZH.big\Maps\TournamentB\TournamentB.wak,52,2340.33837890625,1284.512939453125,2341.0439453125,1285.2216796875,0,Pond
MapsZH.big\Maps\TournamentB\TournamentB.wak,53,2327.38916015625,1300.1588134765625,2328.15966796875,1300.7962646484375,0,Pond
MapsZH.big\Maps\TournamentB\TournamentB.wak,54,2311.05615234375,1317.0169677734375,2311.7802734375,1317.706787109375,0,Pond
MapsZH.big\Maps\TournamentB\TournamentB.wak,55,2297.15478515625,1331.110595703125,2297.896240234375,1331.7816162109375,0,Pond
MapsZH.big\Maps\TournamentB\TournamentB.wak,56,2284.845458984375,1343.1192626953125,2285.60595703125,1343.7685546875,0,Pond
MapsZH.big\Maps\TournamentB\TournamentB.wak,57,2271.05517578125,1355.5626220703125,2271.746337890625,1356.2852783203125,0,Pond
MapsZH.big\Maps\TournamentB\TournamentB.wak,58,2256.54638671875,1369.95458984375,2257.253662109375,1370.6614990234375,0,Pond
MapsZH.big\Maps\TournamentB\TournamentB.wak,59,2240.69384765625,1386.3486328125,2241.372314453125,1387.083251953125,0,Pond
MapsZH.big\Maps\TournamentB\TournamentB.wak,60,2226.873046875,1399.1865234375,2227.544677734375,1399.9273681640625,0,Pond
MapsZH.big\Maps\TournamentB\TournamentB.wak,61,2211.83837890625,1413.588134765625,2212.563232421875,1414.277099609375,0,Pond
MapsZH.big\Maps\TournamentB\TournamentB.wak,62,2200.504638671875,1425.68310546875,2201.234375,1426.3668212890625,0,Pond
MapsZH.big\Maps\TournamentB\TournamentB.wak,63,2187.1650390625,1437.524169921875,2187.828369140625,1438.2724609375,0,Pond
MapsZH.big\Maps\TournamentB\TournamentB.wak,64,2173.50439453125,1448.0595703125,2174.1875,1448.789794921875,0,Pond
MapsZH.big\Maps\TournamentB\TournamentB.wak,65,2157.97021484375,1462.4256591796875,2158.549072265625,1463.2412109375,0,Pond
MapsZH.big\Maps\TournamentB\TournamentB.wak,66,2138.25146484375,1470.562255859375,2138.482421875,1471.53515625,0,Pond
MapsZH.big\Maps\TournamentB\TournamentB.wak,67,1675.983642578125,1876.96826171875,1675.443115234375,1877.8095703125,0,Pond
MapsZH.big\Maps\TournamentB\TournamentB.wak,68,1660.2958984375,1859.456787109375,1659.387451171875,1859.874755859375,0,Pond
MapsZH.big\Maps\TournamentB\TournamentB.wak,69,1646.7744140625,1847.0296630859375,1646.14697265625,1847.8082275390625,0,Pond
MapsZH.big\Maps\TournamentB\TournamentB.wak,70,1631.5390625,1836.3515625,1630.852783203125,1837.078857421875,0,Pond
MapsZH.big\Maps\TournamentB\TournamentB.wak,71,1617.53369140625,1822.7813720703125,1616.6474609375,1823.2447509765625,0,Pond
MapsZH.big\Maps\TournamentB\TournamentB.wak,72,1613.8779296875,1802.93505859375,1612.8890380859375,1802.7862548828125,0,Pond
MapsZH.big\Maps\TournamentB\TournamentB.wak,73,1620.7506103515625,1787.6553955078125,1619.9532470703125,1787.0518798828125,0,Pond
MapsZH.big\Maps\TournamentB\TournamentB.wak,74,1633.237548828125,1774.53515625,1632.5675048828125,1773.7928466796875,0,Pond
MapsZH.big\Maps\TournamentB\TournamentB.wak,75,1646.234375,1763.287109375,1645.5272216796875,1762.580078125,0,Pond
MapsZH.big\Maps\TournamentB\TournamentB.wak,76,1657.623291015625,1749.994384765625,1656.8004150390625,1749.4261474609375,0,Pond
MapsZH.big\Maps\TournamentB\TournamentB.wak,77,1670.791748046875,1734.8271484375,1670.1253662109375,1734.08154296875,0,Pond
MapsZH.big\Maps\TournamentB\TournamentB.wak,78,1684.570068359375,1723.489501953125,1683.859130859375,1722.7862548828125,0,Pond
MapsZH.big\Maps\TournamentB\TournamentB.wak,79,1700.2958984375,1708.7421875,1699.5943603515625,1708.0296630859375,0,Pond
MapsZH.big\Maps\TournamentB\TournamentB.wak,80,1715.0115966796875,1692.142822265625,1714.3079833984375,1691.4322509765625,0,Pond
MapsZH.big\Maps\TournamentB\TournamentB.wak,81,1730.557861328125,1677.49951171875,1730.0379638671875,1676.645263671875,0,Pond
MapsZH.big\Maps\TournamentB\TournamentB.wak,82,1744.8653564453125,1664.9500732421875,1744.139404296875,1664.2623291015625,0,Pond
MapsZH.big\Maps\TournamentB\TournamentB.wak,83,1755.638671875,1649.7230224609375,1754.9124755859375,1649.0355224609375,0,Pond
MapsZH.big\Maps\TournamentB\TournamentB.wak,84,1773.4366455078125,1637.824462890625,1773.0225830078125,1636.9141845703125,0,Pond
MapsZH.big\Maps\TournamentB\TournamentB.wak,85,1792.086669921875,1633.664306640625,1792.0660400390625,1632.66455078125,0,Pond
MapsZH.big\Maps\TournamentB\TournamentB.wak,86,1814.28857421875,1638.64990234375,1814.7357177734375,1637.7554931640625,0,Pond
MapsZH.big\Maps\TournamentB\TournamentB.wak,87,1832.2828369140625,1649.5439453125,1832.8621826171875,1648.7288818359375,0,Pond
MapsZH.big\Maps\TournamentB\TournamentB.wak,88,1846.4757080078125,1666.5155029296875,1847.259765625,1665.8948974609375,0,Pond
MapsZH.big\Maps\TournamentB\TournamentB.wak,89,1857.53369140625,1679.900146484375,1858.3336181640625,1679.300048828125,0,Pond
MapsZH.big\Maps\TournamentB\TournamentB.wak,90,1867.436767578125,1696.683349609375,1868.3648681640625,1696.31103515625,0,Pond
MapsZH.big\Maps\TournamentB\TournamentB.wak,91,1870.0657958984375,1715.759765625,1871.0601806640625,1715.865478515625,0,Pond
MapsZH.big\Maps\TournamentB\TournamentB.wak,92,1864.25341796875,1733.241455078125,1865.114990234375,1733.7490234375,0,Pond
MapsZH.big\Maps\TournamentB\TournamentB.wak,93,1855.3353271484375,1746.482421875,1856.165771484375,1747.0394287109375,0,Pond
MapsZH.big\Maps\TournamentB\TournamentB.wak,94,1843.900390625,1759.628173828125,1844.5361328125,1760.4000244140625,0,Pond
MapsZH.big\Maps\TournamentB\TournamentB.wak,95,1831.8232421875,1772.879638671875,1832.54345703125,1773.5733642578125,0,Pond
MapsZH.big\Maps\TournamentB\TournamentB.wak,96,1819.2032470703125,1786.549072265625,1819.8846435546875,1787.281005859375,0,Pond
MapsZH.big\Maps\TournamentB\TournamentB.wak,97,1808.6832275390625,1798.8323974609375,1809.45263671875,1799.4710693359375,0,Pond
MapsZH.big\Maps\TournamentB\TournamentB.wak,98,1793.403564453125,1813.861083984375,1794.069091796875,1814.607421875,0,Pond
MapsZH.big\Maps\TournamentB\TournamentB.wak,99,1779.2691650390625,1827.4609375,1779.977294921875,1828.1671142578125,0,Pond
MapsZH.big\Maps\TournamentB\TournamentB.wak,100,1762.49462890625,1841.818359375,1763.115966796875,1842.6019287109375,0,Pond
MapsZH.big\Maps\TournamentB\TournamentB.wak,101,1749.020263671875,1854.70263671875,1749.680908203125,1855.4532470703125,0,Pond
MapsZH.big\Maps\TournamentB\TournamentB.wak,102,1735.501708984375,1865.49755859375,1736.1722412109375,1866.239501953125,0,Pond
MapsZH.big\Maps\TournamentB\TournamentB.wak,103,1720.4541015625,1876.37548828125,1720.99365234375,1877.2174072265625,0,Pond
MapsZH.big\Maps\TournamentB\TournamentB.wak,104,1703.4190673828125,1883.03369140625,1703.606689453125,1884.0159912109375,0,Pond
MapsZH.big\Maps\TournamentB\TournamentB.wak,105,1099.31884765625,2481.725830078125,1099.3463134765625,2482.725341796875,0,Pond
MapsZH.big\Maps\TournamentB\TournamentB.wak,106,1084.00390625,2478.949951171875,1083.5772705078125,2479.8544921875,0,Pond
MapsZH.big\Maps\TournamentB\TournamentB.wak,107,1068.35546875,2472.535888671875,1067.8309326171875,2473.38720703125,0,Pond
MapsZH.big\Maps\TournamentB\TournamentB.wak,108,1053.491455078125,2461.69970703125,1052.812744140625,2462.43408203125,0,Pond
MapsZH.big\Maps\TournamentB\TournamentB.wak,109,1036.451904296875,2449.513427734375,1035.77880859375,2450.2529296875,0,Pond
MapsZH.big\Maps\TournamentB\TournamentB.wak,110,1023.6171264648438,2430.971435546875,1022.6945190429688,2431.357177734375,0,Pond
MapsZH.big\Maps\TournamentB\TournamentB.wak,111,1023.5180053710938,2410.46240234375,1022.5453491210938,2410.230224609375,0,Pond
MapsZH.big\Maps\TournamentB\TournamentB.wak,112,1030.6796875,2390.314697265625,1029.755126953125,2389.93359375,0,Pond
MapsZH.big\Maps\TournamentB\TournamentB.wak,113,1045.819091796875,2372.501220703125,1045.03955078125,2371.875,0,Pond
MapsZH.big\Maps\TournamentB\TournamentB.wak,114,1059.322021484375,2355.87646484375,1058.6309814453125,2355.153564453125,0,Pond
MapsZH.big\Maps\TournamentB\TournamentB.wak,115,1073.597412109375,2340.281494140625,1072.8048095703125,2339.671630859375,0,Pond
MapsZH.big\Maps\TournamentB\TournamentB.wak,116,1090.9781494140625,2320.9248046875,1090.222900390625,2320.269287109375,0,Pond
MapsZH.big\Maps\TournamentB\TournamentB.wak,117,1108.8372802734375,2302.89892578125,1108.1038818359375,2302.21923828125,0,Pond
MapsZH.big\Maps\TournamentB\TournamentB.wak,118,1126.4169921875,2285.2841796875,1125.6287841796875,2284.668701171875,0,Pond
MapsZH.big\Maps\TournamentB\TournamentB.wak,119,1141.9595947265625,2265.43798828125,1141.2705078125,2264.71337890625,0,Pond
MapsZH.big\Maps\TournamentB\TournamentB.wak,120,1157.0404052734375,2249.625,1156.28564453125,2248.968994140625,0,Pond
MapsZH.big\Maps\TournamentB\TournamentB.wak,121,1174.083251953125,2233.07373046875,1173.2969970703125,2232.455810546875,0,Pond
MapsZH.big\Maps\TournamentB\TournamentB.wak,122,1188.125732421875,2216.8076171875,1187.43603515625,2216.08349609375,0,Pond
MapsZH.big\Maps\TournamentB\TournamentB.wak,123,1206.403076171875,2200.413330078125,1205.6888427734375,2199.71337890625,0,Pond
MapsZH.big\Maps\TournamentB\TournamentB.wak,124,1224.917724609375,2180.9462890625,1224.2420654296875,2180.208984375,0,Pond
MapsZH.big\Maps\TournamentB\TournamentB.wak,125,1245.298828125,2161.798095703125,1244.6390380859375,2161.046630859375,0,Pond
MapsZH.big\Maps\TournamentB\TournamentB.wak,126,1262.04638671875,2146.024658203125,1261.3155517578125,2145.342041015625,0,Pond
MapsZH.big\Maps\TournamentB\TournamentB.wak,127,1277.60498046875,2129.624267578125,1276.930908203125,2128.885498046875,0,Pond
MapsZH.big\Maps\TournamentB\TournamentB.wak,128,1297.314208984375,2114.15234375,1296.704833984375,2113.359375,0,Pond
MapsZH.big\Maps\TournamentB\TournamentB.wak,129,1314.003662109375,2095.972900390625,1313.32861328125,2095.235107421875,0,Pond
MapsZH.big\Maps\TournamentB\TournamentB.wak,130,1331.662841796875,2079.40673828125,1330.932861328125,2078.72314453125,0,Pond
MapsZH.big\Maps\TournamentB\TournamentB.wak,131,1348.9228515625,2066.3291015625,1348.371826171875,2065.49462890625,0,Pond
MapsZH.big\Maps\TournamentB\TournamentB.wak,132,1371.7923583984375,2057.5263671875,1371.5997314453125,2056.545166015625,0,Pond
MapsZH.big\Maps\TournamentB\TournamentB.wak,133,1396.08837890625,2060.109619140625,1396.028076171875,2059.111328125,0,Pond
MapsZH.big\Maps\TournamentB\TournamentB.wak,134,1414.0142822265625,2062.28564453125,1414.23291015625,2061.309814453125,0,Pond
MapsZH.big\Maps\TournamentB\TournamentB.wak,135,1432.846435546875,2071.58837890625,1433.2283935546875,2070.664306640625,0,Pond
MapsZH.big\Maps\TournamentB\TournamentB.wak,136,1450.78759765625,2090.546630859375,1451.6292724609375,2090.006591796875,0,Pond
MapsZH.big\Maps\TournamentB\TournamentB.wak,137,1460.02294921875,2108.442138671875,1460.989501953125,2108.185546875,0,Pond
MapsZH.big\Maps\TournamentB\TournamentB.wak,138,1460.13525390625,2131.8408203125,1461.107177734375,2132.076171875,0,Pond
MapsZH.big\Maps\TournamentB\TournamentB.wak,139,1450.1600341796875,2147.55029296875,1450.939697265625,2148.176513671875,0,Pond
MapsZH.big\Maps\TournamentB\TournamentB.wak,140,1435.409912109375,2161.56884765625,1436.1107177734375,2162.2822265625,0,Pond
MapsZH.big\Maps\TournamentB\TournamentB.wak,141,1423.0714111328125,2175.5537109375,1423.8182373046875,2176.21875,0,Pond
MapsZH.big\Maps\TournamentB\TournamentB.wak,142,1410.5450439453125,2189.8681640625,1411.307861328125,2190.514892578125,0,Pond
MapsZH.big\Maps\TournamentB\TournamentB.wak,143,1395.504638671875,2204.5361328125,1396.271240234375,2205.17822265625,0,Pond
MapsZH.big\Maps\TournamentB\TournamentB.wak,144,1381.3045654296875,2219.454345703125,1382.0546875,2220.11572265625,0,Pond
MapsZH.big\Maps\TournamentB\TournamentB.wak,145,1368.183837890625,2233.138916015625,1368.98583984375,2233.736328125,0,Pond
MapsZH.big\Maps\TournamentB\TournamentB.wak,146,1354.241943359375,2246.55322265625,1355.01416015625,2247.1884765625,0,Pond
MapsZH.big\Maps\TournamentB\TournamentB.wak,147,1337.828857421875,2261.16748046875,1338.4583740234375,2261.944580078125,0,Pond
MapsZH.big\Maps\TournamentB\TournamentB.wak,148,1322.8045654296875,2276.80224609375,1323.5496826171875,2277.46923828125,0,Pond
MapsZH.big\Maps\TournamentB\TournamentB.wak,149,1309.38623046875,2294.33935546875,1310.1038818359375,2295.03564453125,0,Pond
MapsZH.big\Maps\TournamentB\TournamentB.wak,150,1295.41357421875,2306.79541015625,1296.0634765625,2307.555419921875,0,Pond
MapsZH.big\Maps\TournamentB\TournamentB.wak,151,1280.5665283203125,2317.683349609375,1281.1785888671875,2318.47412109375,0,Pond
MapsZH.big\Maps\TournamentB\TournamentB.wak,152,1267.16845703125,2329.553466796875,1267.866455078125,2330.26953125,0,Pond
MapsZH.big\Maps\TournamentB\TournamentB.wak,153,1254.020751953125,2345.23046875,1254.795166015625,2345.863037109375,0,Pond
MapsZH.big\Maps\TournamentB\TournamentB.wak,154,1241.2484130859375,2360.193115234375,1241.9696044921875,2360.885986328125,0,Pond
MapsZH.big\Maps\TournamentB\TournamentB.wak,155,1229.1937255859375,2372.5517578125,1229.9320068359375,2373.226318359375,0,Pond
MapsZH.big\Maps\TournamentB\TournamentB.wak,156,1212.151123046875,2387.39453125,1212.7041015625,2388.227783203125,0,Pond
MapsZH.big\Maps\TournamentB\TournamentB.wak,157,1197.9765625,2401.85693359375,1198.6888427734375,2402.558837890625,0,Pond
MapsZH.big\Maps\TournamentB\TournamentB.wak,158,1180.318115234375,2418.18701171875,1181.00146484375,2418.9169921875,0,Pond
MapsZH.big\Maps\TournamentB\TournamentB.wak,159,1166.9512939453125,2431.736572265625,1167.588134765625,2432.507568359375,0,Pond
MapsZH.big\Maps\TournamentB\TournamentB.wak,160,1153.423583984375,2444.48486328125,1154.104248046875,2445.217529296875,0,Pond
MapsZH.big\Maps\TournamentB\TournamentB.wak,161,1140.618408203125,2458.7041015625,1141.3421630859375,2459.39404296875,0,Pond
MapsZH.big\Maps\TournamentB\TournamentB.wak,162,1127.1405029296875,2472.042236328125,1127.7440185546875,2472.839599609375,0,Pond
MapsZH.big\Maps\TournamentB\TournamentB.wak,163,3023.39453125,146.69186401367188,3023.43017578125,147.6912384033203,0,Pond
MapsZH.big\Maps\TournamentB\TournamentB.wak,164,3002.291015625,147.048095703125,3002.182861328125,148.042236328125,0,Pond
MapsZH.big\Maps\TournamentB\TournamentB.wak,165,2983.35693359375,144.3570556640625,2983.1708984375,145.33961486816406,0,Pond
MapsZH.big\Maps\TournamentB\TournamentB.wak,166,2959.23779296875,145.37808227539062,2959.22802734375,146.37803649902344,0,Pond
MapsZH.big\Maps\TournamentB\TournamentB.wak,167,2936.5419921875,145.5355682373047,2936.411376953125,146.52699279785156,0,Pond
MapsZH.big\Maps\TournamentB\TournamentB.wak,168,2913.947021484375,144.89422607421875,2913.810546875,145.88487243652344,0,Pond
MapsZH.big\Maps\TournamentB\TournamentB.wak,169,2893.7216796875,147.82659912109375,2893.707763671875,148.82650756835938,0,Pond
MapsZH.big\Maps\TournamentB\TournamentB.wak,170,2870.65625,149.48385620117188,2870.7001953125,150.48287963867188,0,Pond
MapsZH.big\Maps\TournamentB\TournamentB.wak,171,2851.04736328125,154.13479614257812,2851.28125,155.10704040527344,0,Pond
MapsZH.big\Maps\TournamentB\TournamentB.wak,172,2832.55859375,163.22799682617188,2833.01611328125,164.11717224121094,0,Pond
MapsZH.big\Maps\TournamentB\TournamentB.wak,173,2817.68896484375,173.24172973632812,2818.393310546875,173.9515838623047,0,Pond
MapsZH.big\Maps\TournamentB\TournamentB.wak,174,2805.0693359375,185.70803833007812,2805.803466796875,186.38710021972656,0,Pond
MapsZH.big\Maps\TournamentB\TournamentB.wak,175,2794.639404296875,196.50013732910156,2795.38330078125,197.1683807373047,0,Pond
MapsZH.big\Maps\TournamentB\TournamentB.wak,176,2781.552734375,209.15524291992188,2782.201171875,209.91651916503906,0,Pond
MapsZH.big\Maps\TournamentB\TournamentB.wak,177,2769.94580078125,220.014404296875,2770.672607421875,220.7013397216797,0,Pond
MapsZH.big\Maps\TournamentB\TournamentB.wak,178,2754.528564453125,235.35836791992188,2755.2568359375,236.04368591308594,0,Pond
MapsZH.big\Maps\TournamentB\TournamentB.wak,179,2736.9619140625,249.6270751953125,2737.52978515625,250.45022583007812,0,Pond
MapsZH.big\Maps\TournamentB\TournamentB.wak,180,2722.076904296875,265.06591796875,2722.575439453125,265.932861328125,0,Pond
MapsZH.big\Maps\TournamentB\TournamentB.wak,181,2707.83203125,275.02947998046875,2708.486572265625,275.7854919433594,0,Pond
MapsZH.big\Maps\TournamentB\TournamentB.wak,182,2694.069580078125,286.66717529296875,2694.685546875,287.45489501953125,0,Pond
MapsZH.big\Maps\TournamentB\TournamentB.wak,183,2675.40625,299.7920227050781,2675.933837890625,300.6415710449219,0,Pond
MapsZH.big\Maps\TournamentB\TournamentB.wak,184,2661.426513671875,310.9408264160156,2662.093017578125,311.6864013671875,0,Pond
MapsZH.big\Maps\TournamentB\TournamentB.wak,185,2647.435791015625,323.17620849609375,2648.093994140625,323.9291076660156,0,Pond
MapsZH.big\Maps\TournamentB\TournamentB.wak,186,2633.67578125,340.5447692871094,2634.445556640625,341.18310546875,0,Pond
MapsZH.big\Maps\TournamentB\TournamentB.wak,187,2618.405029296875,356.30322265625,2619.068115234375,357.0516662597656,0,Pond
MapsZH.big\Maps\TournamentB\TournamentB.wak,188,2605.27685546875,376.88299560546875,2606.156494140625,377.3586120605469,0,Pond
MapsZH.big\Maps\TournamentB\TournamentB.wak,189,2595.43505859375,397.82275390625,2596.37109375,398.1746826171875,0,Pond
MapsZH.big\Maps\TournamentB\TournamentB.wak,190,2591.848876953125,421.4492492675781,2592.847412109375,421.50543212890625,0,Pond
MapsZH.big\Maps\TournamentB\TournamentB.wak,191,2593.97412109375,443.572021484375,2594.942138671875,443.3213195800781,0,Pond
MapsZH.big\Maps\TournamentB\TournamentB.wak,192,2602.38916015625,459.1458740234375,2603.205810546875,458.5688171386719,0,Pond
MapsZH.big\Maps\TournamentB\TournamentB.wak,193,2615.53759765625,473.0824890136719,2616.291015625,472.4249572753906,0,Pond
MapsZH.big\Maps\TournamentB\TournamentB.wak,194,2626.48193359375,488.2262268066406,2627.201904296875,487.5322265625,0,Pond
MapsZH.big\Maps\TournamentB\TournamentB.wak,195,2641.6533203125,503.4583435058594,2642.36767578125,502.7586364746094,0,Pond
MapsZH.big\Maps\TournamentB\TournamentB.wak,196,2656.034912109375,517.0247802734375,2656.69140625,516.2704467773438,0,Pond
MapsZH.big\Maps\TournamentB\TournamentB.wak,197,2672.0087890625,531.1461181640625,2672.744873046875,530.4692993164062,0,Pond
MapsZH.big\Maps\TournamentB\TournamentB.wak,198,2690.111572265625,549.7562255859375,2690.803955078125,549.0347900390625,0,Pond
MapsZH.big\Maps\TournamentB\TournamentB.wak,199,2705.130615234375,565.8262939453125,2705.921875,565.2149047851562,0,Pond
MapsZH.big\Maps\TournamentB\TournamentB.wak,200,2719.90625,580.06298828125,2720.560791015625,579.3070068359375,0,Pond
MapsZH.big\Maps\TournamentB\TournamentB.wak,201,2734.892822265625,594.2701416015625,2735.5771484375,593.5408325195312,0,Pond
MapsZH.big\Maps\TournamentB\TournamentB.wak,202,2749.3408203125,608.5671997070312,2750.036376953125,607.8486938476562,0,Pond
MapsZH.big\Maps\TournamentB\TournamentB.wak,203,2761.76171875,620.3069458007812,2762.4873046875,619.6187744140625,0,Pond
MapsZH.big\Maps\TournamentB\TournamentB.wak,204,2873.37109375,734.4105224609375,2874.03662109375,733.6640625,0,Pond
MapsZH.big\Maps\TournamentB\TournamentB.wak,205,2883.673828125,747.7197265625,2884.53662109375,747.2139892578125,0,Pond
MapsZH.big\Maps\TournamentB\TournamentB.wak,206,2898.46142578125,761.6603393554688,2899.029296875,760.8372802734375,0,Pond
MapsZH.big\Maps\TournamentB\TournamentB.wak,207,2915.68896484375,778.3531494140625,2916.4052734375,777.6552734375,0,Pond
MapsZH.big\Maps\TournamentB\TournamentB.wak,208,2933.8330078125,797.5928955078125,2934.549560546875,796.8955078125,0,Pond
MapsZH.big\Maps\TournamentB\TournamentB.wak,209,2950.126953125,814.2571411132812,2950.810302734375,813.527099609375,0,Pond
MapsZH.big\Maps\TournamentB\TournamentB.wak,210,2966.310791015625,830.19091796875,2966.9697265625,829.438720703125,0,Pond
MapsZH.big\Maps\TournamentB\TournamentB.wak,211,2982.60693359375,845.8681640625,2983.297119140625,845.1446533203125,0,Pond
MapsZH.big\Maps\TournamentB\TournamentB.wak,212,3010.02734375,874.4511108398438,3010.596923828125,873.6290893554688,0,Pond
MapsZH.big\Maps\TournamentB\TournamentB.wak,213,2999.663330078125,860.6791381835938,3000.32763671875,859.9317016601562,0,Pond
MapsZH.big\Maps\TournamentB\TournamentB.wak,214,3021.669921875,882.7435302734375,3022.303955078125,881.9702758789062,0,Pond
MapsZH.big\Maps\TournamentB\TournamentB.wak,215,3038.200439453125,892.986328125,3038.5712890625,892.0576171875,0,Pond
MapsZH.big\Maps\TournamentB\TournamentB.wak,216,3059.634033203125,897.1795654296875,3059.71240234375,896.1826171875,0,Pond
MapsZH.big\Maps\TournamentB\TournamentB.wak,217,3077.623046875,898.7429809570312,3077.775146484375,897.754638671875,0,Pond
MapsZH.big\Maps\TournamentB\TournamentB.wak,218,3098.044189453125,899.7786865234375,3097.934814453125,898.78466796875,0,Pond
MapsZH.big\Maps\TournamentB\TournamentB.wak,219,3113.420166015625,894.9973754882812,3112.969970703125,894.1043701171875,0,Pond
MapsZH.big\Maps\TournamentB\TournamentB.wak,220,3129.78369140625,885.052001953125,3129.177490234375,884.2567138671875,0,Pond
MapsZH.big\Maps\TournamentB\TournamentB.wak,221,3143.34765625,873.33447265625,3142.5927734375,872.6786499023438,0,Pond
MapsZH.big\Maps\TournamentB\TournamentB.wak,222,3159.6025390625,858.5260009765625,3158.9765625,857.7462158203125,0,Pond
MapsZH.big\Maps\TournamentB\TournamentB.wak,223,3174.05419921875,844.7491455078125,3173.29541015625,844.0978393554688,0,Pond
MapsZH.big\Maps\TournamentB\TournamentB.wak,224,3190.986083984375,826.6656494140625,3190.188232421875,826.0628662109375,0,Pond
MapsZH.big\Maps\TournamentB\TournamentB.wak,225,3205.919189453125,813.251220703125,3205.293212890625,812.4713134765625,0,Pond
MapsZH.big\Maps\TournamentB\TournamentB.wak,226,3218.3076171875,799.06982421875,3217.55517578125,798.4110717773438,0,Pond
MapsZH.big\Maps\TournamentB\TournamentB.wak,227,3236.0546875,782.1343383789062,3235.329345703125,781.4458618164062,0,Pond
MapsZH.big\Maps\TournamentB\TournamentB.wak,228,3249.925537109375,767.50244140625,3249.159912109375,766.8593139648438,0,Pond
MapsZH.big\Maps\TournamentB\TournamentB.wak,229,3266.05859375,754.2113037109375,3265.359619140625,753.4962158203125,0,Pond
MapsZH.big\Maps\TournamentB\TournamentB.wak,230,3281.29052734375,739.7410888671875,3280.640869140625,738.9808349609375,0,Pond
MapsZH.big\Maps\TournamentB\TournamentB.wak,231,3295.217041015625,725.1451416015625,3294.462158203125,724.4892578125,0,Pond
MapsZH.big\Maps\TournamentB\TournamentB.wak,232,3311.019287109375,707.0987548828125,3310.259033203125,706.4491577148438,0,Pond
MapsZH.big\Maps\TournamentB\TournamentB.wak,233,3325.795654296875,692.13134765625,3325.1171875,691.3967895507812,0,Pond
MapsZH.big\Maps\TournamentB\TournamentB.wak,234,3338.099609375,678.8021240234375,3337.27783203125,678.2323608398438,0,Pond
MapsZH.big\Maps\TournamentB\TournamentB.wak,235,3349.007080078125,664.4947509765625,3348.137939453125,664.0003662109375,0,Pond
MapsZH.big\Maps\TournamentB\TournamentB.wak,236,3356.455322265625,644.0533447265625,3355.47998046875,643.8324584960938,0,Pond
MapsZH.big\Maps\TournamentB\TournamentB.wak,237,3358.64208984375,628.7503662109375,3357.702392578125,629.0924682617188,0,Pond
MapsZH.big\Maps\TournamentB\TournamentB.wak,238,3353.970947265625,613.005615234375,3352.979736328125,613.1376953125,0,Pond
MapsZH.big\Maps\TournamentB\TournamentB.wak,239,3350.6875,593.4113159179688,3349.706298828125,593.604736328125,0,Pond
MapsZH.big\Maps\TournamentB\TournamentB.wak,240,3350.010009765625,575.2911987304688,3349.0126953125,575.3643188476562,0,Pond
MapsZH.big\Maps\TournamentB\TournamentB.wak,241,3350.0078125,557.7882080078125,3349.00830078125,557.7570190429688,0,Pond
MapsZH.big\Maps\TournamentB\TournamentB.wak,242,3349.775634765625,536.5599365234375,3348.779296875,536.6441040039062,0,Pond
MapsZH.big\Maps\TournamentB\TournamentB.wak,243,3348.211181640625,520.0186157226562,3347.216796875,520.1234741210938,0,Pond
MapsZH.big\Maps\TournamentB\TournamentB.wak,244,3345.326904296875,500.08551025390625,3344.34326171875,500.2650451660156,0,Pond
MapsZH.big\Maps\TournamentB\TournamentB.wak,245,3344.17724609375,477.4640808105469,3343.177734375,477.430419921875,0,Pond
MapsZH.big\Maps\TournamentB\TournamentB.wak,246,3343.341796875,456.55865478515625,3342.362060546875,456.7591247558594,0,Pond
MapsZH.big\Maps\TournamentB\TournamentB.wak,247,3341.333984375,437.6313781738281,3340.3408203125,437.7471923828125,0,Pond
MapsZH.big\Maps\TournamentB\TournamentB.wak,248,3340.959228515625,413.3883972167969,3339.966796875,413.51104736328125,0,Pond
MapsZH.big\Maps\TournamentB\TournamentB.wak,249,3340.302734375,392.85009765625,3339.305908203125,392.92864990234375,0,Pond
MapsZH.big\Maps\TournamentB\TournamentB.wak,250,3339.3935546875,370.39605712890625,3338.3935546875,370.40155029296875,0,Pond
MapsZH.big\Maps\TournamentB\TournamentB.wak,251,3338.800537109375,347.38421630859375,3337.80322265625,347.45819091796875,0,Pond
MapsZH.big\Maps\TournamentB\TournamentB.wak,252,3340.4423828125,327.39031982421875,3339.445556640625,327.3100280761719,0,Pond
MapsZH.big\Maps\TournamentB\TournamentB.wak,253,3340.0947265625,304.78204345703125,3339.1005859375,304.8898620605469,0,Pond
MapsZH.big\Maps\TournamentB\TournamentB.wak,254,3336.79052734375,281.96044921875,3335.830810546875,282.2417907714844,0,Pond
MapsZH.big\Maps\TournamentB\TournamentB.wak,255,3328.8818359375,261.162109375,3328.006103515625,261.6447448730469,0,Pond
MapsZH.big\Maps\TournamentB\TournamentB.wak,256,3315.9345703125,243.40707397460938,3315.26708984375,244.15170288085938,0,Pond
MapsZH.big\Maps\TournamentB\TournamentB.wak,257,3300.21044921875,228.75169372558594,3299.524658203125,229.4795684814453,0,Pond
MapsZH.big\Maps\TournamentB\TournamentB.wak,258,3283.687744140625,214.06529235839844,3283.0703125,214.8519744873047,0,Pond
MapsZH.big\Maps\TournamentB\TournamentB.wak,259,3271.962158203125,201.5598602294922,3271.263427734375,202.27520751953125,0,Pond
MapsZH.big\Maps\TournamentB\TournamentB.wak,260,3254.91455078125,183.4116668701172,3254.337158203125,184.2281036376953,0,Pond
MapsZH.big\Maps\TournamentB\TournamentB.wak,261,3234.12255859375,168.17559814453125,3233.494384765625,168.9537353515625,0,Pond
MapsZH.big\Maps\TournamentB\TournamentB.wak,262,3217.849609375,155.00677490234375,3217.4404296875,155.91925048828125,0,Pond
MapsZH.big\Maps\TournamentB\TournamentB.wak,263,3195.96728515625,150.53005981445312,3195.839599609375,151.52186584472656,0,Pond
MapsZH.big\Maps\TournamentB\TournamentB.wak,264,3177.475341796875,148.2509765625,3177.445556640625,149.2505340576172,0,Pond
MapsZH.big\Maps\TournamentB\TournamentB.wak,265,3155.95458984375,146.56155395507812,3155.931396484375,147.561279296875,0,Pond
MapsZH.big\Maps\TournamentB\TournamentB.wak,266,3133.03662109375,145.45632934570312,3133.1376953125,146.4512176513672,0,Pond
MapsZH.big\Maps\TournamentB\TournamentB.wak,267,3110.28955078125,145.2768096923828,3110.21875,146.2742919921875,0,Pond
MapsZH.big\Maps\TournamentB\TournamentB.wak,268,3084.37255859375,143.2479248046875,3084.51220703125,144.2381134033203,0,Pond
MapsZH.big\Maps\TournamentB\TournamentB.wak,269,3062.18505859375,147.37420654296875,3062.300048828125,148.36756896972656,0,Pond
MapsZH.big\Maps\TournamentB\TournamentB.wak,270,3042.760009765625,148.13145446777344,3042.767822265625,149.1314239501953,0,Pond
MapsZH.big\Maps\TournamentB\TournamentB.wak,271,489.1357421875,2658.2119140625,488.40631103515625,2658.89599609375,0,Pond
MapsZH.big\Maps\TournamentB\TournamentB.wak,272,472.321533203125,2647.632080078125,471.82879638671875,2648.502197265625,0,Pond
MapsZH.big\Maps\TournamentB\TournamentB.wak,273,458.14105224609375,2639.51708984375,457.8448486328125,2640.47216796875,0,Pond
MapsZH.big\Maps\TournamentB\TournamentB.wak,274,434.7485656738281,2633.8564453125,434.7436828613281,2634.8564453125,0,Pond
MapsZH.big\Maps\TournamentB\TournamentB.wak,275,416.611328125,2634.430419921875,416.73687744140625,2635.422607421875,0,Pond
MapsZH.big\Maps\TournamentB\TournamentB.wak,276,392.5008239746094,2638.515625,392.6164245605469,2639.509033203125,0,Pond
MapsZH.big\Maps\TournamentB\TournamentB.wak,277,373.80816650390625,2644.77294921875,374.2770690917969,2645.65625,0,Pond
MapsZH.big\Maps\TournamentB\TournamentB.wak,278,355.65972900390625,2651.85009765625,355.9826354980469,2652.796630859375,0,Pond
MapsZH.big\Maps\TournamentB\TournamentB.wak,279,337.312744140625,2662.47021484375,337.8361511230469,2663.322265625,0,Pond
MapsZH.big\Maps\TournamentB\TournamentB.wak,280,322.749755859375,2675.404296875,323.4627685546875,2676.10546875,0,Pond
MapsZH.big\Maps\TournamentB\TournamentB.wak,281,304.988037109375,2686.09765625,305.5233154296875,2686.9423828125,0,Pond
MapsZH.big\Maps\TournamentB\TournamentB.wak,282,289.19708251953125,2700.160400390625,289.89825439453125,2700.873291015625,0,Pond
MapsZH.big\Maps\TournamentB\TournamentB.wak,283,272.6000671386719,2716.70166015625,273.258544921875,2717.454345703125,0,Pond
MapsZH.big\Maps\TournamentB\TournamentB.wak,284,255.9194793701172,2731.15283203125,256.5823669433594,2731.901611328125,0,Pond
MapsZH.big\Maps\TournamentB\TournamentB.wak,285,238.08203125,2746.26904296875,238.5657501220703,2747.144287109375,0,Pond
MapsZH.big\Maps\TournamentB\TournamentB.wak,286,223.15380859375,2760.763427734375,223.90985107421875,2761.41796875,0,Pond
MapsZH.big\Maps\TournamentB\TournamentB.wak,287,209.49063110351562,2777.71337890625,210.2779998779297,2778.329833984375,0,Pond
MapsZH.big\Maps\TournamentB\TournamentB.wak,288,190.67190551757812,2794.44091796875,191.14974975585938,2795.3193359375,0,Pond
MapsZH.big\Maps\TournamentB\TournamentB.wak,289,173.9868927001953,2807.3291015625,174.59230041503906,2808.125,0,Pond
MapsZH.big\Maps\TournamentB\TournamentB.wak,290,159.84173583984375,2823.3017578125,160.61497497558594,2823.935791015625,0,Pond
MapsZH.big\Maps\TournamentB\TournamentB.wak,291,148.24159240722656,2838.5302734375,149.18324279785156,2838.866943359375,0,Pond
MapsZH.big\Maps\TournamentB\TournamentB.wak,292,144.69577026367188,2861.50390625,145.69570922851562,2861.514404296875,0,Pond
MapsZH.big\Maps\TournamentB\TournamentB.wak,293,143.66912841796875,2881.909423828125,144.66818237304688,2881.8662109375,0,Pond
MapsZH.big\Maps\TournamentB\TournamentB.wak,294,143.2791748046875,2905.13330078125,144.27845764160156,2905.095458984375,0,Pond
MapsZH.big\Maps\TournamentB\TournamentB.wak,295,140.73887634277344,2925.61181640625,141.7387237548828,2925.5947265625,0,Pond
MapsZH.big\Maps\TournamentB\TournamentB.wak,296,140.28424072265625,2947.997802734375,141.28024291992188,2948.087158203125,0,Pond
MapsZH.big\Maps\TournamentB\TournamentB.wak,297,138.64178466796875,2970.88623046875,139.63702392578125,2970.983642578125,0,Pond
MapsZH.big\Maps\TournamentB\TournamentB.wak,298,136.23223876953125,2989.0126953125,137.19544982910156,2989.281494140625,0,Pond
MapsZH.big\Maps\TournamentB\TournamentB.wak,299,136.49310302734375,3006.1005859375,137.49249267578125,3006.1357421875,0,Pond
MapsZH.big\Maps\TournamentB\TournamentB.wak,300,134.97760009765625,3025.209228515625,135.97756958007812,3025.216552734375,0,Pond
MapsZH.big\Maps\TournamentB\TournamentB.wak,301,133.18771362304688,3044.434326171875,134.1725311279297,3044.60791015625,0,Pond
MapsZH.big\Maps\TournamentB\TournamentB.wak,302,130.32595825195312,3065.833984375,131.32025146484375,3065.940673828125,0,Pond
MapsZH.big\Maps\TournamentB\TournamentB.wak,303,130.20565795898438,3088.431640625,131.19956970214844,3088.321533203125,0,Pond
MapsZH.big\Maps\TournamentB\TournamentB.wak,304,132.81045532226562,3106.20068359375,133.77484130859375,3105.936279296875,0,Pond
MapsZH.big\Maps\TournamentB\TournamentB.wak,305,132.69923400878906,3123.36572265625,133.69561767578125,3123.45068359375,0,Pond
MapsZH.big\Maps\TournamentB\TournamentB.wak,306,131.16488647460938,3143.949951171875,132.13247680664062,3143.697509765625,0,Pond
MapsZH.big\Maps\TournamentB\TournamentB.wak,307,137.80160522460938,3164.21533203125,138.769287109375,3163.963134765625,0,Pond
MapsZH.big\Maps\TournamentB\TournamentB.wak,308,141.15724182128906,3186.333984375,142.1487274169922,3186.203857421875,0,Pond
MapsZH.big\Maps\TournamentB\TournamentB.wak,309,146.0416259765625,3206.49072265625,146.9846954345703,3206.158203125,0,Pond
MapsZH.big\Maps\TournamentB\TournamentB.wak,310,155.97897338867188,3226.15185546875,156.8427276611328,3225.64794921875,0,Pond
MapsZH.big\Maps\TournamentB\TournamentB.wak,311,165.0154266357422,3243.56005859375,165.85960388183594,3243.02392578125,0,Pond
MapsZH.big\Maps\TournamentB\TournamentB.wak,312,178.86502075195312,3258.06787109375,179.56356811523438,3257.352294921875,0,Pond
MapsZH.big\Maps\TournamentB\TournamentB.wak,313,192.349853515625,3272.552734375,193.09027099609375,3271.880615234375,0,Pond
MapsZH.big\Maps\TournamentB\TournamentB.wak,314,205.72239685058594,3284.83447265625,206.30429077148438,3284.021240234375,0,Pond
MapsZH.big\Maps\TournamentB\TournamentB.wak,315,222.48255920410156,3297.336181640625,223.1077423095703,3296.5556640625,0,Pond
MapsZH.big\Maps\TournamentB\TournamentB.wak,316,237.65261840820312,3309.095703125,238.24014282226562,3308.286376953125,0,Pond
MapsZH.big\Maps\TournamentB\TournamentB.wak,317,253.388916015625,3320.08251953125,253.9390106201172,3319.247314453125,0,Pond
MapsZH.big\Maps\TournamentB\TournamentB.wak,318,266.94671630859375,3329.354736328125,267.5096435546875,3328.5283203125,0,Pond
MapsZH.big\Maps\TournamentB\TournamentB.wak,319,282.0728454589844,3342.09716796875,282.7916259765625,3341.40185546875,0,Pond
MapsZH.big\Maps\TournamentB\TournamentB.wak,320,300.163330078125,3355.218017578125,300.60321044921875,3354.320068359375,0,Pond
MapsZH.big\Maps\TournamentB\TournamentB.wak,321,319.8682861328125,3360.646240234375,319.94085693359375,3359.64892578125,0,Pond
MapsZH.big\Maps\TournamentB\TournamentB.wak,322,337.134521484375,3359.88525390625,337.18701171875,3358.88671875,0,Pond
MapsZH.big\Maps\TournamentB\TournamentB.wak,323,355.3876953125,3361.77783203125,355.3826904296875,3360.77783203125,0,Pond
MapsZH.big\Maps\TournamentB\TournamentB.wak,324,377.2991943359375,3362.82568359375,377.3236999511719,3361.825927734375,0,Pond
MapsZH.big\Maps\TournamentB\TournamentB.wak,325,399.2127990722656,3365.54443359375,399.26458740234375,3364.545654296875,0,Pond
MapsZH.big\Maps\TournamentB\TournamentB.wak,326,418.820068359375,3365.07373046875,418.73968505859375,3364.076904296875,0,Pond
MapsZH.big\Maps\TournamentB\TournamentB.wak,327,438.0994873046875,3364.75341796875,438.1651916503906,3363.755615234375,0,Pond
MapsZH.big\Maps\TournamentB\TournamentB.wak,328,457.28594970703125,3363.88720703125,457.16448974609375,3362.89453125,0,Pond
MapsZH.big\Maps\TournamentB\TournamentB.wak,329,477.5349426269531,3364.551513671875,477.5382080078125,3363.551513671875,0,Pond
MapsZH.big\Maps\TournamentB\TournamentB.wak,330,497.885009765625,3363.35986328125,497.8941345214844,3362.35986328125,0,Pond
MapsZH.big\Maps\TournamentB\TournamentB.wak,331,517.5401611328125,3362.06494140625,517.438720703125,3361.070068359375,0,Pond
MapsZH.big\Maps\TournamentB\TournamentB.wak,332,536.94384765625,3362.822021484375,536.9229736328125,3361.822265625,0,Pond
MapsZH.big\Maps\TournamentB\TournamentB.wak,333,556.4600219726562,3363.74365234375,556.458251953125,3362.74365234375,0,Pond
MapsZH.big\Maps\TournamentB\TournamentB.wak,334,576.3146362304688,3363.45458984375,576.2361450195312,3362.457763671875,0,Pond
MapsZH.big\Maps\TournamentB\TournamentB.wak,335,596.080078125,3363.95703125,596.2706909179688,3362.975341796875,0,Pond
MapsZH.big\Maps\TournamentB\TournamentB.wak,336,617.280517578125,3368.344970703125,617.6593017578125,3367.41943359375,0,Pond
MapsZH.big\Maps\TournamentB\TournamentB.wak,337,636.242919921875,3370.51806640625,636.2757568359375,3369.5185546875,0,Pond
MapsZH.big\Maps\TournamentB\TournamentB.wak,338,655.4879150390625,3371.49560546875,655.4296875,3370.497314453125,0,Pond
MapsZH.big\Maps\TournamentB\TournamentB.wak,339,675.8028564453125,3367.590087890625,675.5906372070312,3366.61279296875,0,Pond
MapsZH.big\Maps\TournamentB\TournamentB.wak,340,692.584716796875,3358.29833984375,691.9718627929688,3357.508056640625,0,Pond
MapsZH.big\Maps\TournamentB\TournamentB.wak,341,706.3576049804688,3345.23095703125,705.5911865234375,3344.588623046875,0,Pond
MapsZH.big\Maps\TournamentB\TournamentB.wak,342,720.6174926757812,3331.29736328125,719.9052124023438,3330.595458984375,0,Pond
MapsZH.big\Maps\TournamentB\TournamentB.wak,343,735.77783203125,3318.966796875,735.1138916015625,3318.218994140625,0,Pond
MapsZH.big\Maps\TournamentB\TournamentB.wak,344,747.9166259765625,3303.689208984375,747.0946044921875,3303.11962890625,0,Pond
MapsZH.big\Maps\TournamentB\TournamentB.wak,345,760.5634765625,3290.638671875,759.847900390625,3289.940185546875,0,Pond
MapsZH.big\Maps\TournamentB\TournamentB.wak,346,773.1319580078125,3276.27099609375,772.3053588867188,3275.708251953125,0,Pond
MapsZH.big\Maps\TournamentB\TournamentB.wak,347,787.1934814453125,3264.219970703125,786.4227294921875,3263.582763671875,0,Pond
MapsZH.big\Maps\TournamentB\TournamentB.wak,348,802.0706787109375,3249.27392578125,801.382568359375,3248.54833984375,0,Pond
MapsZH.big\Maps\TournamentB\TournamentB.wak,349,816.80859375,3234.58056640625,816.1223754882812,3233.853271484375,0,Pond
MapsZH.big\Maps\TournamentB\TournamentB.wak,350,830.86865234375,3217.412841796875,830.1609497070312,3216.706298828125,0,Pond
MapsZH.big\Maps\TournamentB\TournamentB.wak,351,844.3505249023438,3201.878662109375,843.5748291015625,3201.24755859375,0,Pond
MapsZH.big\Maps\TournamentB\TournamentB.wak,352,860.1491088867188,3184.630859375,859.322021484375,3184.06884765625,0,Pond
MapsZH.big\Maps\TournamentB\TournamentB.wak,353,873.213623046875,3169.955078125,872.5519409179688,3169.205322265625,0,Pond
MapsZH.big\Maps\TournamentB\TournamentB.wak,354,887.3265380859375,3155.790771484375,886.6028442382812,3155.1005859375,0,Pond
MapsZH.big\Maps\TournamentB\TournamentB.wak,355,899.3702392578125,3140.11572265625,898.5621948242188,3139.526611328125,0,Pond
MapsZH.big\Maps\TournamentB\TournamentB.wak,356,905.4102783203125,3123.5634765625,904.4345092773438,3123.3447265625,0,Pond
MapsZH.big\Maps\TournamentB\TournamentB.wak,357,907.5107421875,3106.8818359375,906.5277709960938,3107.065673828125,0,Pond
MapsZH.big\Maps\TournamentB\TournamentB.wak,358,902.7750854492188,3091.982177734375,901.8057250976562,3092.227783203125,0,Pond
MapsZH.big\Maps\TournamentB\TournamentB.wak,359,895.214599609375,3075.403564453125,894.3199462890625,3075.850341796875,0,Pond
MapsZH.big\Maps\TournamentB\TournamentB.wak,360,885.3175048828125,3061.728515625,884.5349731445312,3062.35107421875,0,Pond
MapsZH.big\Maps\TournamentB\TournamentB.wak,361,873.1240234375,3046.177734375,872.4506225585938,3046.9169921875,0,Pond
MapsZH.big\Maps\TournamentB\TournamentB.wak,362,859.9779663085938,3033.24609375,859.3108520507812,3033.990966796875,0,Pond
MapsZH.big\Maps\TournamentB\TournamentB.wak,363,845.9322509765625,3020.9306640625,845.2836303710938,3021.69189453125,0,Pond
MapsZH.big\Maps\TournamentB\TournamentB.wak,364,832.555419921875,3007.7294921875,831.8783569335938,3008.46533203125,0,Pond
MapsZH.big\Maps\TournamentB\TournamentB.wak,365,819.393798828125,2994.24853515625,818.6870727539062,2994.9560546875,0,Pond
MapsZH.big\Maps\TournamentB\TournamentB.wak,366,807.69580078125,2979.99169921875,806.9475708007812,2980.655029296875,0,Pond
MapsZH.big\Maps\TournamentB\TournamentB.wak,367,794.3054809570312,2968.52734375,793.589599609375,2969.2255859375,0,Pond
MapsZH.big\Maps\TournamentB\TournamentB.wak,368,784.5733642578125,2954.381591796875,783.896484375,2955.11767578125,0,Pond
MapsZH.big\Maps\TournamentB\TournamentB.wak,369,769.8221435546875,2942.0791015625,769.17626953125,2942.842529296875,0,Pond
MapsZH.big\Maps\TournamentB\TournamentB.wak,370,755.9930419921875,2928.53173828125,755.2801513671875,2929.233154296875,0,Pond
MapsZH.big\Maps\TournamentB\TournamentB.wak,371,740.362060546875,2916.376953125,739.665283203125,2917.09423828125,0,Pond
MapsZH.big\Maps\TournamentB\TournamentB.wak,372,727.4608154296875,2903.8369140625,726.7879028320312,2904.57666015625,0,Pond
MapsZH.big\Maps\TournamentB\TournamentB.wak,373,622.4804077148438,2790.05419921875,621.7968139648438,2790.7841796875,0,Pond
MapsZH.big\Maps\TournamentB\TournamentB.wak,374,606.6436767578125,2775.54638671875,605.9169921875,2776.2333984375,0,Pond
MapsZH.big\Maps\TournamentB\TournamentB.wak,375,587.7574462890625,2757.4033203125,587.0491333007812,2758.109130859375,0,Pond
MapsZH.big\Maps\TournamentB\TournamentB.wak,376,569.4276123046875,2738.635009765625,568.68994140625,2739.31005859375,0,Pond
MapsZH.big\Maps\TournamentB\TournamentB.wak,377,552.916015625,2721.518798828125,552.1900024414062,2722.20654296875,0,Pond
MapsZH.big\Maps\TournamentB\TournamentB.wak,378,534.45849609375,2704.13134765625,533.751708984375,2704.8388671875,0,Pond
MapsZH.big\Maps\TournamentB\TournamentB.wak,379,516.6397705078125,2689.80859375,515.9744873046875,2690.55517578125,0,Pond
MapsZH.big\Maps\TournamentB\TournamentB.wak,380,501.0023498535156,2672.82421875,500.3078918457031,2673.543701171875,0,Pond
MapsZH.big\Maps\TournamentB\TournamentB.wak,381,243.40347290039062,1214.405517578125,244.1829071044922,1213.779052734375,0,Pond
MapsZH.big\Maps\TournamentB\TournamentB.wak,382,259.92828369140625,1229.52490234375,260.5519714355469,1228.7432861328125,0,Pond
MapsZH.big\Maps\TournamentB\TournamentB.wak,383,275.9603271484375,1242.976806640625,276.6092224121094,1242.2159423828125,0,Pond
MapsZH.big\Maps\TournamentB\TournamentB.wak,384,293.34820556640625,1257.4775390625,294.07598876953125,1256.791748046875,0,Pond
MapsZH.big\Maps\TournamentB\TournamentB.wak,385,307.6344299316406,1274.401123046875,308.4383850097656,1273.806396484375,0,Pond
MapsZH.big\Maps\TournamentB\TournamentB.wak,386,326.48876953125,1290.34716796875,327.11279296875,1289.5657958984375,0,Pond
MapsZH.big\Maps\TournamentB\TournamentB.wak,387,341.36566162109375,1307.9410400390625,342.1720275878906,1307.349609375,0,Pond
MapsZH.big\Maps\TournamentB\TournamentB.wak,388,356.91119384765625,1325.743896484375,357.67498779296875,1325.098388671875,0,Pond
MapsZH.big\Maps\TournamentB\TournamentB.wak,389,369.76220703125,1344.093994140625,370.6348571777344,1343.605712890625,0,Pond
MapsZH.big\Maps\TournamentB\TournamentB.wak,390,384.1455383300781,1361.88232421875,384.8814697265625,1361.205322265625,0,Pond
MapsZH.big\Maps\TournamentB\TournamentB.wak,391,401.6075744628906,1377.73681640625,402.3284606933594,1377.043701171875,0,Pond
MapsZH.big\Maps\TournamentB\TournamentB.wak,392,416.511474609375,1389.780517578125,417.1877136230469,1389.0438232421875,0,Pond
MapsZH.big\Maps\TournamentB\TournamentB.wak,393,427.5980529785156,1409.792724609375,428.3749084472656,1409.1630859375,0,Pond
MapsZH.big\Maps\TournamentB\TournamentB.wak,394,439.12255859375,1421.03564453125,439.9591369628906,1420.48779296875,0,Pond
MapsZH.big\Maps\TournamentB\TournamentB.wak,395,449.6935729980469,1433.9677734375,450.5358581542969,1433.4287109375,0,Pond
MapsZH.big\Maps\TournamentB\TournamentB.wak,396,460.24554443359375,1450.084228515625,461.16021728515625,1449.6800537109375,0,Pond
MapsZH.big\Maps\TournamentB\TournamentB.wak,397,468.6454772949219,1478.3233642578125,469.60821533203125,1478.052978515625,0,Pond
MapsZH.big\Maps\TournamentB\TournamentB.wak,398,461.8356018066406,1469.3306884765625,462.7890930175781,1469.029296875,0,Pond
MapsZH.big\Maps\TournamentB\TournamentB.wak,399,468.7530822753906,1492.324462890625,469.7234191894531,1492.5662841796875,0,Pond
MapsZH.big\Maps\TournamentB\TournamentB.wak,400,456.50030517578125,1509.965576171875,457.05316162109375,1510.798828125,0,Pond
MapsZH.big\Maps\TournamentB\TournamentB.wak,401,440.2517395019531,1525.64990234375,440.9068908691406,1526.4053955078125,0,Pond
MapsZH.big\Maps\TournamentB\TournamentB.wak,402,423.7453918457031,1543.447265625,424.45269775390625,1544.1541748046875,0,Pond
MapsZH.big\Maps\TournamentB\TournamentB.wak,403,409.9525146484375,1559.661376953125,410.7524719238281,1560.261474609375,0,Pond
MapsZH.big\Maps\TournamentB\TournamentB.wak,404,397.2611999511719,1573.496826171875,397.9472351074219,1574.224365234375,0,Pond
MapsZH.big\Maps\TournamentB\TournamentB.wak,405,381.76123046875,1589.256591796875,382.4880065917969,1589.9434814453125,0,Pond
MapsZH.big\Maps\TournamentB\TournamentB.wak,406,365.02215576171875,1605.76025390625,365.68927001953125,1606.5052490234375,0,Pond
MapsZH.big\Maps\TournamentB\TournamentB.wak,407,348.678955078125,1620.404052734375,349.380859375,1621.1163330078125,0,Pond
MapsZH.big\Maps\TournamentB\TournamentB.wak,408,334.2181701660156,1637.27783203125,335.07574462890625,1637.7921142578125,0,Pond
MapsZH.big\Maps\TournamentB\TournamentB.wak,409,320.5326843261719,1653.4422607421875,321.3645935058594,1653.9971923828125,0,Pond
MapsZH.big\Maps\TournamentB\TournamentB.wak,410,312.1440124511719,1673.849365234375,313.112060546875,1674.10009765625,0,Pond
MapsZH.big\Maps\TournamentB\TournamentB.wak,411,308.5660705566406,1696.3330078125,309.5556640625,1696.4769287109375,0,Pond
MapsZH.big\Maps\TournamentB\TournamentB.wak,412,308.15728759765625,1717.531982421875,309.1385803222656,1717.33935546875,0,Pond
MapsZH.big\Maps\TournamentB\TournamentB.wak,413,308.5513610839844,1737.82080078125,309.5485534667969,1737.7459716796875,0,Pond
MapsZH.big\Maps\TournamentB\TournamentB.wak,414,314.04034423828125,1759.9964599609375,314.975341796875,1759.641845703125,0,Pond
MapsZH.big\Maps\TournamentB\TournamentB.wak,415,318.93975830078125,1777.7362060546875,319.91845703125,1777.5308837890625,0,Pond
MapsZH.big\Maps\TournamentB\TournamentB.wak,416,330.30072021484375,1795.976806640625,331.1501770019531,1795.44921875,0,Pond
MapsZH.big\Maps\TournamentB\TournamentB.wak,417,345.988525390625,1816.6343994140625,346.8669738769531,1816.1566162109375,0,Pond
MapsZH.big\Maps\TournamentB\TournamentB.wak,418,360.4614562988281,1832.8328857421875,361.16375732421875,1832.1209716796875,0,Pond
MapsZH.big\Maps\TournamentB\TournamentB.wak,419,375.2439880371094,1849.7430419921875,376.0283508300781,1849.1226806640625,0,Pond
MapsZH.big\Maps\TournamentB\TournamentB.wak,420,391.94708251953125,1867.2314453125,392.6829833984375,1866.5543212890625,0,Pond
MapsZH.big\Maps\TournamentB\TournamentB.wak,421,407.23321533203125,1885.32568359375,408.1169128417969,1884.857666015625,0,Pond
MapsZH.big\Maps\TournamentB\TournamentB.wak,422,420.6378173828125,1901.432373046875,421.310791015625,1900.6927490234375,0,Pond
MapsZH.big\Maps\TournamentB\TournamentB.wak,423,434.470703125,1915.874267578125,435.2372131347656,1915.2320556640625,0,Pond
MapsZH.big\Maps\TournamentB\TournamentB.wak,424,447.707763671875,1933.536376953125,448.4955749511719,1932.92041015625,0,Pond
MapsZH.big\Maps\TournamentB\TournamentB.wak,425,463.8074645996094,1950.099853515625,464.5545654296875,1949.4351806640625,0,Pond
MapsZH.big\Maps\TournamentB\TournamentB.wak,426,478.15948486328125,1967.3460693359375,478.83636474609375,1966.6099853515625,0,Pond
MapsZH.big\Maps\TournamentB\TournamentB.wak,427,496.904296875,1980.6044921875,497.53497314453125,1979.8284912109375,0,Pond
MapsZH.big\Maps\TournamentB\TournamentB.wak,428,514.2901611328125,1992.086669921875,514.8834838867188,1991.28173828125,0,Pond
MapsZH.big\Maps\TournamentB\TournamentB.wak,429,531.7144775390625,2007.41748046875,532.4147338867188,2006.70361328125,0,Pond
MapsZH.big\Maps\TournamentB\TournamentB.wak,430,548.630859375,2021.577880859375,549.3468627929688,2020.8797607421875,0,Pond
MapsZH.big\Maps\TournamentB\TournamentB.wak,431,565.0633544921875,2038.52294921875,565.817626953125,2037.8663330078125,0,Pond
MapsZH.big\Maps\TournamentB\TournamentB.wak,432,580.696044921875,2057.09228515625,581.509521484375,2056.5107421875,0,Pond
MapsZH.big\Maps\TournamentB\TournamentB.wak,433,590.78369140625,2077.8564453125,591.7071533203125,2077.47265625,0,Pond
MapsZH.big\Maps\TournamentB\TournamentB.wak,434,595.096435546875,2099.47412109375,596.0962524414062,2099.4931640625,0,Pond
MapsZH.big\Maps\TournamentB\TournamentB.wak,435,591.6947021484375,2121.1494140625,592.6937255859375,2121.194091796875,0,Pond
MapsZH.big\Maps\TournamentB\TournamentB.wak,436,587.7373046875,2140.6572265625,588.7100219726562,2140.88916015625,0,Pond
MapsZH.big\Maps\TournamentB\TournamentB.wak,437,582.912353515625,2160.22705078125,583.8766479492188,2160.49169921875,0,Pond
MapsZH.big\Maps\TournamentB\TournamentB.wak,438,572.9468994140625,2179.080078125,573.679443359375,2179.7607421875,0,Pond
MapsZH.big\Maps\TournamentB\TournamentB.wak,439,557.8590087890625,2196.7001953125,558.5574340820312,2197.416015625,0,Pond
MapsZH.big\Maps\TournamentB\TournamentB.wak,440,541.1842651367188,2214.186279296875,541.8472900390625,2214.934814453125,0,Pond
MapsZH.big\Maps\TournamentB\TournamentB.wak,441,524.927978515625,2230.643798828125,525.4834594726562,2231.475341796875,0,Pond
MapsZH.big\Maps\TournamentB\TournamentB.wak,442,507.9224548339844,2247.08935546875,508.5790710449219,2247.843505859375,0,Pond
MapsZH.big\Maps\TournamentB\TournamentB.wak,443,494.4451904296875,2267.85888671875,495.2643737792969,2268.432373046875,0,Pond
MapsZH.big\Maps\TournamentB\TournamentB.wak,444,480.647705078125,2289.931396484375,481.4349670410156,2290.548095703125,0,Pond
MapsZH.big\Maps\TournamentB\TournamentB.wak,445,470.78155517578125,2309.4443359375,471.737548828125,2309.73779296875,0,Pond
MapsZH.big\Maps\TournamentB\TournamentB.wak,446,469.13092041015625,2329.290283203125,470.1224060058594,2329.16015625,0,Pond
MapsZH.big\Maps\TournamentB\TournamentB.wak,447,469.7668762207031,2348.9697265625,470.7656555175781,2348.92041015625,0,Pond
MapsZH.big\Maps\TournamentB\TournamentB.wak,448,470.8531188964844,2373.9169921875,471.852783203125,2373.890869140625,0,Pond
MapsZH.big\Maps\TournamentB\TournamentB.wak,449,471.2491455078125,2396.326171875,472.2489929199219,2396.30908203125,0,Pond
MapsZH.big\Maps\TournamentB\TournamentB.wak,450,470.7165222167969,2417.43798828125,471.71282958984375,2417.52392578125,0,Pond
MapsZH.big\Maps\TournamentB\TournamentB.wak,451,476.5912170410156,2440.14697265625,477.53851318359375,2439.82666015625,0,Pond
MapsZH.big\Maps\TournamentB\TournamentB.wak,452,488.4894104003906,2463.18701171875,489.3613586425781,2462.697509765625,0,Pond
MapsZH.big\Maps\TournamentB\TournamentB.wak,453,503.5233459472656,2480.67578125,504.29937744140625,2480.045166015625,0,Pond
MapsZH.big\Maps\TournamentB\TournamentB.wak,454,518.7150268554688,2499.613037109375,519.4923706054688,2498.98388671875,0,Pond
MapsZH.big\Maps\TournamentB\TournamentB.wak,455,534.39501953125,2516.845703125,535.1287841796875,2516.166259765625,0,Pond
MapsZH.big\Maps\TournamentB\TournamentB.wak,456,549.7684326171875,2532.036376953125,550.4527587890625,2531.30712890625,0,Pond
MapsZH.big\Maps\TournamentB\TournamentB.wak,457,567.6409912109375,2549.44580078125,568.3524169921875,2548.742919921875,0,Pond
MapsZH.big\Maps\TournamentB\TournamentB.wak,458,583.757080078125,2563.944091796875,584.3661499023438,2563.15087890625,0,Pond
MapsZH.big\Maps\TournamentB\TournamentB.wak,459,946.0831298828125,27.472450256347656,945.380615234375,26.76075553894043,0,Pond
MapsZH.big\Maps\TournamentB\TournamentB.wak,460,928.8634033203125,43.69795227050781,928.1511840820312,42.995975494384766,0,Pond
MapsZH.big\Maps\TournamentB\TournamentB.wak,461,910.66259765625,55.916412353515625,909.9700317382812,55.19508361816406,0,Pond
MapsZH.big\Maps\TournamentB\TournamentB.wak,462,891.82958984375,74.20236206054688,891.1349487304688,73.48302459716797,0,Pond
MapsZH.big\Maps\TournamentB\TournamentB.wak,463,874.30908203125,91.73217010498047,873.6170654296875,91.01026916503906,0,Pond
MapsZH.big\Maps\TournamentB\TournamentB.wak,464,854.5997924804688,108.87400817871094,853.8989868164062,108.16065216064453,0,Pond
MapsZH.big\Maps\TournamentB\TournamentB.wak,465,842.1500244140625,117.736572265625,841.80908203125,116.79647827148438,0,Pond
MapsZH.big\Maps\TournamentB\TournamentB.wak,466,824.4417114257812,135.50453186035156,823.6976928710938,134.8363800048828,0,Pond
MapsZH.big\Maps\TournamentB\TournamentB.wak,467,805.6538696289062,154.90289306640625,804.8895263671875,154.25807189941406,0,Pond
MapsZH.big\Maps\TournamentB\TournamentB.wak,468,789.0438232421875,171.54034423828125,788.3038940429688,170.86767578125,0,Pond
MapsZH.big\Maps\TournamentB\TournamentB.wak,469,771.568603515625,189.22740173339844,770.8694458007812,188.51243591308594,0,Pond
MapsZH.big\Maps\TournamentB\TournamentB.wak,470,754.0521850585938,210.07791137695312,753.2013549804688,209.55242919921875,0,Pond
MapsZH.big\Maps\TournamentB\TournamentB.wak,471,734.4229125976562,235.0164794921875,733.60205078125,234.4453887939453,0,Pond
MapsZH.big\Maps\TournamentB\TournamentB.wak,472,629.9522705078125,349.55108642578125,630.0715942382812,348.5582275390625,0,Pond
MapsZH.big\Maps\TournamentB\TournamentB.wak,473,607.539306640625,357.01812744140625,606.8753662109375,356.2703552246094,0,Pond
MapsZH.big\Maps\TournamentB\TournamentB.wak,474,589.9111328125,374.397216796875,589.2696533203125,373.6300964355469,0,Pond
MapsZH.big\Maps\TournamentB\TournamentB.wak,475,572.449951171875,389.6584167480469,571.7504272460938,388.9438171386719,0,Pond
MapsZH.big\Maps\TournamentB\TournamentB.wak,476,556.707763671875,406.6033020019531,555.9790649414062,405.9184875488281,0,Pond
MapsZH.big\Maps\TournamentB\TournamentB.wak,477,541.387451171875,423.4800109863281,540.6245727539062,422.83349609375,0,Pond
MapsZH.big\Maps\TournamentB\TournamentB.wak,478,524.8858642578125,439.998046875,524.1138916015625,439.3624267578125,0,Pond
MapsZH.big\Maps\TournamentB\TournamentB.wak,479,507.3956298828125,458.7066650390625,506.73931884765625,457.9521789550781,0,Pond
MapsZH.big\Maps\TournamentB\TournamentB.wak,480,490.4809265136719,476.9133605957031,489.7446594238281,476.2366943359375,0,Pond
MapsZH.big\Maps\TournamentB\TournamentB.wak,481,474.9532470703125,492.605224609375,474.3147888183594,491.8355712890625,0,Pond
MapsZH.big\Maps\TournamentB\TournamentB.wak,482,458.5428466796875,507.4111022949219,457.80975341796875,506.73095703125,0,Pond
MapsZH.big\Maps\TournamentB\TournamentB.wak,483,442.1007080078125,523.2176513671875,441.402587890625,522.5016479492188,0,Pond
MapsZH.big\Maps\TournamentB\TournamentB.wak,484,424.6744384765625,540.479736328125,423.99163818359375,539.7491455078125,0,Pond
MapsZH.big\Maps\TournamentB\TournamentB.wak,485,407.7441711425781,557.3225708007812,407.1929626464844,556.4882202148438,0,Pond
MapsZH.big\Maps\TournamentB\TournamentB.wak,486,388.8580322265625,573.32275390625,388.08062744140625,572.6937866210938,0,Pond
MapsZH.big\Maps\TournamentB\TournamentB.wak,487,371.2832336425781,593.0946044921875,370.6341247558594,592.3339233398438,0,Pond
MapsZH.big\Maps\TournamentB\TournamentB.wak,488,353.39288330078125,610.00146484375,352.6907653808594,609.2894287109375,0,Pond
MapsZH.big\Maps\TournamentB\TournamentB.wak,489,343.01397705078125,633.5443115234375,342.0168762207031,633.6204223632812,0,Pond
MapsZH.big\Maps\TournamentB\TournamentB.wak,490,226.9278564453125,749.0777587890625,226.86419677734375,748.0797729492188,0,Pond
MapsZH.big\Maps\TournamentB\TournamentB.wak,491,199.58901977539062,760.541015625,198.85348510742188,759.863525390625,0,Pond
MapsZH.big\Maps\TournamentB\TournamentB.wak,492,178.103759765625,781.5494384765625,177.4381103515625,780.8031616210938,0,Pond
MapsZH.big\Maps\TournamentB\TournamentB.wak,493,161.64227294921875,801.22607421875,160.8467254638672,800.6201782226562,0,Pond
MapsZH.big\Maps\TournamentB\TournamentB.wak,494,143.138671875,819.71875,142.4588165283203,818.9854125976562,0,Pond
MapsZH.big\Maps\TournamentB\TournamentB.wak,495,123.02789306640625,838.8980712890625,122.34916687011719,838.1636962890625,0,Pond
MapsZH.big\Maps\TournamentB\TournamentB.wak,496,102.02580261230469,857.9337768554688,101.33123016357422,857.21435546875,0,Pond
MapsZH.big\Maps\TournamentB\TournamentB.wak,497,81.7042236328125,881.99560546875,81.00737762451172,881.2783813476562,0,Pond
MapsZH.big\Maps\TournamentB\TournamentB.wak,498,61.92857360839844,901.27490234375,61.29811096191406,900.4986572265625,0,Pond
MapsZH.big\Maps\TournamentB\TournamentB.wak,499,38.71331787109375,922.8290405273438,38.09299850463867,922.044677734375,0,Pond
MapsZH.big\Maps\TournamentB\TournamentB.wak,500,14.976303100585938,943.7353515625,14.345849990844727,942.9591064453125,0,Pond
MapsZH.big\Maps\TournamentB\TournamentB.wak,501,23.060714721679688,933.1409912109375,22.485647201538086,932.3228759765625,0,Pond
MapsZH.big\Maps\TournamentB\TournamentB.wak,502,863.01318359375,355.06988525390625,863.3300170898438,356.01837158203125,0,Pond
MapsZH.big\Maps\TournamentB\TournamentB.wak,503,884.8695068359375,345.8731689453125,885.642333984375,346.5078125,0,Pond
MapsZH.big\Maps\TournamentB\TournamentB.wak,504,900.0087280273438,328.8480224609375,900.76806640625,329.4987487792969,0,Pond
MapsZH.big\Maps\TournamentB\TournamentB.wak,505,920.123779296875,310.1162414550781,920.868896484375,310.78314208984375,0,Pond
MapsZH.big\Maps\TournamentB\TournamentB.wak,506,937.30517578125,291.68878173828125,937.9949951171875,292.4127502441406,0,Pond
MapsZH.big\Maps\TournamentB\TournamentB.wak,507,955.6463623046875,276.12969970703125,956.2808227539062,276.90264892578125,0,Pond
MapsZH.big\Maps\TournamentB\TournamentB.wak,508,978.16357421875,258.9445495605469,978.7392578125,259.76220703125,0,Pond
MapsZH.big\Maps\TournamentB\TournamentB.wak,509,1002.5086669921875,242.54141235351562,1003.0189208984375,243.40142822265625,0,Pond
MapsZH.big\Maps\TournamentB\TournamentB.wak,510,1021.8949584960938,231.68161010742188,1022.2152709960938,232.62892150878906,0,Pond
MapsZH.big\Maps\TournamentB\TournamentB.wak,511,1044.4716796875,224.59408569335938,1044.6011962890625,225.58566284179688,0,Pond
MapsZH.big\Maps\TournamentB\TournamentB.wak,512,1070.1785888671875,222.62435913085938,1070.051025390625,223.61619567871094,0,Pond
MapsZH.big\Maps\TournamentB\TournamentB.wak,513,1096.71533203125,224.1778564453125,1096.4278564453125,225.13565063476562,0,Pond
MapsZH.big\Maps\TournamentB\TournamentB.wak,514,1115.7845458984375,234.03065490722656,1115.3660888671875,234.9388885498047,0,Pond
MapsZH.big\Maps\TournamentB\TournamentB.wak,515,1134.070068359375,248.14224243164062,1133.3560791015625,248.84239196777344,0,Pond
MapsZH.big\Maps\TournamentB\TournamentB.wak,516,1152.6558837890625,266.45355224609375,1151.990478515625,267.20001220703125,0,Pond
MapsZH.big\Maps\TournamentB\TournamentB.wak,517,1170.5352783203125,281.70501708984375,1169.998291015625,282.548583984375,0,Pond
MapsZH.big\Maps\TournamentB\TournamentB.wak,518,1190.4041748046875,296.34564208984375,1189.77783203125,297.1252136230469,0,Pond
MapsZH.big\Maps\TournamentB\TournamentB.wak,519,1210.542724609375,313.92034912109375,1209.9281005859375,314.70916748046875,0,Pond
MapsZH.big\Maps\TournamentB\TournamentB.wak,520,1231.50341796875,331.8688659667969,1230.936767578125,332.6928405761719,0,Pond
MapsZH.big\Maps\TournamentB\TournamentB.wak,521,1249.85498046875,349.8840026855469,1249.1444091796875,350.5876770019531,0,Pond
MapsZH.big\Maps\TournamentB\TournamentB.wak,522,1270.86279296875,368.07989501953125,1270.1839599609375,368.8141784667969,0,Pond
MapsZH.big\Maps\TournamentB\TournamentB.wak,523,1291.5130615234375,387.72796630859375,1290.9124755859375,388.5274963378906,0,Pond
MapsZH.big\Maps\TournamentB\TournamentB.wak,524,1308.7099609375,404.254638671875,1308.086181640625,405.0362243652344,0,Pond
MapsZH.big\Maps\TournamentB\TournamentB.wak,525,1328.134521484375,419.8529052734375,1327.48388671875,420.6123352050781,0,Pond
MapsZH.big\Maps\TournamentB\TournamentB.wak,526,1346.84814453125,438.8631591796875,1346.1077880859375,439.5353698730469,0,Pond
MapsZH.big\Maps\TournamentB\TournamentB.wak,527,1366.4791259765625,457.09783935546875,1365.9158935546875,457.92413330078125,0,Pond
MapsZH.big\Maps\TournamentB\TournamentB.wak,528,1384.343505859375,472.6385498046875,1383.5609130859375,473.2610168457031,0,Pond
MapsZH.big\Maps\TournamentB\TournamentB.wak,529,1402.72265625,491.250732421875,1402.0604248046875,492.00006103515625,0,Pond
MapsZH.big\Maps\TournamentB\TournamentB.wak,530,1423.16943359375,508.231689453125,1422.63330078125,509.0758056640625,0,Pond
MapsZH.big\Maps\TournamentB\TournamentB.wak,531,1450.7484130859375,517.9635009765625,1450.71240234375,518.9628295898438,0,Pond
MapsZH.big\Maps\TournamentB\TournamentB.wak,532,1472.1510009765625,515.65625,1472.47705078125,516.6016235351562,0,Pond
MapsZH.big\Maps\TournamentB\TournamentB.wak,533,1493.3134765625,504.877685546875,1493.973388671875,505.6289978027344,0,Pond
MapsZH.big\Maps\TournamentB\TournamentB.wak,534,1508.537353515625,488.5404052734375,1509.2318115234375,489.25994873046875,0,Pond
MapsZH.big\Maps\TournamentB\TournamentB.wak,535,1521.215087890625,473.5803527832031,1521.9173583984375,474.29229736328125,0,Pond
MapsZH.big\Maps\TournamentB\TournamentB.wak,536,1536.61962890625,460.57354736328125,1537.299072265625,461.3072204589844,0,Pond
MapsZH.big\Maps\TournamentB\TournamentB.wak,537,1551.4210205078125,448.4483947753906,1552.123779296875,449.1598815917969,0,Pond
MapsZH.big\Maps\TournamentB\TournamentB.wak,538,1565.2403564453125,437.1026611328125,1566.0277099609375,437.71917724609375,0,Pond
MapsZH.big\Maps\TournamentB\TournamentB.wak,539,1576.649658203125,425.70574951171875,1577.3011474609375,426.46441650390625,0,Pond
MapsZH.big\Maps\TournamentB\TournamentB.wak,540,1588.8902587890625,413.83154296875,1589.6129150390625,414.52276611328125,0,Pond
MapsZH.big\Maps\TournamentB\TournamentB.wak,541,1599.69140625,402.83251953125,1600.275146484375,403.6444091796875,0,Pond
MapsZH.big\Maps\TournamentB\TournamentB.wak,542,1617.013671875,389.94866943359375,1617.458740234375,390.8441467285156,0,Pond
MapsZH.big\Maps\TournamentB\TournamentB.wak,543,1636.8062744140625,381.28485107421875,1637.0032958984375,382.2652587890625,0,Pond
MapsZH.big\Maps\TournamentB\TournamentB.wak,544,1659.154052734375,379.2907409667969,1659.1116943359375,380.28985595703125,0,Pond
MapsZH.big\Maps\TournamentB\TournamentB.wak,545,1683.7666015625,377.0296630859375,1683.7523193359375,378.0295715332031,0,Pond
MapsZH.big\Maps\TournamentB\TournamentB.wak,546,1707.384521484375,378.56109619140625,1707.207763671875,379.54534912109375,0,Pond
MapsZH.big\Maps\TournamentB\TournamentB.wak,547,1734.372314453125,382.5219421386719,1734.2471923828125,383.5140686035156,0,Pond
MapsZH.big\Maps\TournamentB\TournamentB.wak,548,1758.884521484375,387.2470703125,1758.5347900390625,388.1839294433594,0,Pond
MapsZH.big\Maps\TournamentB\TournamentB.wak,549,1776.9320068359375,395.83477783203125,1776.3150634765625,396.6217346191406,0,Pond
MapsZH.big\Maps\TournamentB\TournamentB.wak,550,1794.467041015625,412.9486389160156,1793.8045654296875,413.6977233886719,0,Pond
MapsZH.big\Maps\TournamentB\TournamentB.wak,551,1813.49609375,427.9862365722656,1812.8160400390625,428.7193908691406,0,Pond
MapsZH.big\Maps\TournamentB\TournamentB.wak,552,1830.888671875,445.45611572265625,1830.0606689453125,446.016845703125,0,Pond
MapsZH.big\Maps\TournamentB\TournamentB.wak,553,1846.746826171875,465.4869384765625,1845.958740234375,466.1025085449219,0,Pond
MapsZH.big\Maps\TournamentB\TournamentB.wak,554,1863.270751953125,482.53173828125,1862.6031494140625,483.2762451171875,0,Pond
MapsZH.big\Maps\TournamentB\TournamentB.wak,555,1883.373046875,498.83251953125,1882.8043212890625,499.6550598144531,0,Pond
MapsZH.big\Maps\TournamentB\TournamentB.wak,556,1902.5673828125,513.0633544921875,1901.91796875,513.8237915039062,0,Pond
MapsZH.big\Maps\TournamentB\TournamentB.wak,557,1920.7967529296875,527.4614868164062,1920.1939697265625,528.2593383789062,0,Pond
MapsZH.big\Maps\TournamentB\TournamentB.wak,558,1938.0030517578125,542.1472778320312,1937.2374267578125,542.79052734375,0,Pond
MapsZH.big\Maps\TournamentB\TournamentB.wak,559,1958.383544921875,561.6045532226562,1957.6473388671875,562.2813110351562,0,Pond
MapsZH.big\Maps\TournamentB\TournamentB.wak,560,1975.683837890625,576.7214965820312,1974.8909912109375,577.3309326171875,0,Pond
MapsZH.big\Maps\TournamentB\TournamentB.wak,561,1997.0992431640625,596.52880859375,1996.4345703125,597.2759399414062,0,Pond
MapsZH.big\Maps\TournamentB\TournamentB.wak,562,2017.298828125,614.1043090820312,2016.479248046875,614.6773681640625,0,Pond
MapsZH.big\Maps\TournamentB\TournamentB.wak,563,2033.105224609375,631.2359619140625,2032.46533203125,632.0044555664062,0,Pond
MapsZH.big\Maps\TournamentB\TournamentB.wak,564,2053.06103515625,644.695068359375,2052.61572265625,645.5904541015625,0,Pond
MapsZH.big\Maps\TournamentB\TournamentB.wak,565,2075.635498046875,653.5814208984375,2075.45263671875,654.5645751953125,0,Pond
MapsZH.big\Maps\TournamentB\TournamentB.wak,566,2095.560546875,657.3656005859375,2095.341064453125,658.3411865234375,0,Pond
MapsZH.big\Maps\TournamentB\TournamentB.wak,567,2118.239501953125,659.2630615234375,2118.415283203125,660.2474975585938,0,Pond
MapsZH.big\Maps\TournamentB\TournamentB.wak,568,2139.42919921875,654.886962890625,2139.862060546875,655.7883911132812,0,Pond
MapsZH.big\Maps\TournamentB\TournamentB.wak,569,2158.35595703125,644.3214721679688,2159.023681640625,645.0659790039062,0,Pond
MapsZH.big\Maps\TournamentB\TournamentB.wak,570,2174.50146484375,631.549072265625,2175.175537109375,632.2876586914062,0,Pond
MapsZH.big\Maps\TournamentB\TournamentB.wak,571,2186.51806640625,618.9359741210938,2187.185546875,619.6807250976562,0,Pond
MapsZH.big\Maps\TournamentB\TournamentB.wak,572,2203.49755859375,605.2069091796875,2204.21435546875,605.904296875,0,Pond
MapsZH.big\Maps\TournamentB\TournamentB.wak,573,2217.992431640625,590.7965087890625,2218.670166015625,591.53173828125,0,Pond
MapsZH.big\Maps\TournamentB\TournamentB.wak,574,2234.3427734375,577.094482421875,2235.02294921875,577.8275146484375,0,Pond
MapsZH.big\Maps\TournamentB\TournamentB.wak,575,2246.8408203125,564.137939453125,2247.35693359375,564.9944458007812,0,Pond
MapsZH.big\Maps\TournamentB\TournamentB.wak,576,2265.14697265625,551.6839599609375,2265.512939453125,552.6145629882812,0,Pond
MapsZH.big\Maps\TournamentB\TournamentB.wak,577,2283.17138671875,538.7044677734375,2283.85693359375,539.4325561523438,0,Pond
MapsZH.big\Maps\TournamentB\TournamentB.wak,578,2295.77880859375,525.229736328125,2296.289306640625,526.089599609375,0,Pond
MapsZH.big\Maps\TournamentB\TournamentB.wak,579,2316.69775390625,515.952880859375,2316.930908203125,516.9253540039062,0,Pond
MapsZH.big\Maps\TournamentB\TournamentB.wak,580,2334.101318359375,511.21759033203125,2334.086181640625,512.2174682617188,0,Pond
MapsZH.big\Maps\TournamentB\TournamentB.wak,581,2356.1201171875,512.7110595703125,2356.031494140625,513.7071533203125,0,Pond
MapsZH.big\Maps\TournamentB\TournamentB.wak,582,2378.41455078125,513.3860473632812,2378.182861328125,514.3588256835938,0,Pond
MapsZH.big\Maps\TournamentB\TournamentB.wak,583,2401.78466796875,518.569091796875,2401.545166015625,519.5399780273438,0,Pond
MapsZH.big\Maps\TournamentB\TournamentB.wak,584,2421.120361328125,525.1160888671875,2420.603515625,525.9721069335938,0,Pond
MapsZH.big\Maps\TournamentB\TournamentB.wak,585,2443.61474609375,539.50390625,2443.0068359375,540.2979125976562,0,Pond
MapsZH.big\Maps\TournamentB\TournamentB.wak,586,2463.10302734375,557.0823974609375,2462.26513671875,557.6282348632812,0,Pond
MapsZH.big\Maps\TournamentB\TournamentB.wak,587,2479.794921875,577.73876953125,2479.03515625,578.3890380859375,0,Pond
MapsZH.big\Maps\TournamentB\TournamentB.wak,588,2498.032470703125,597.6748657226562,2497.3369140625,598.3933715820312,0,Pond
MapsZH.big\Maps\TournamentB\TournamentB.wak,589,2514.69189453125,616.3065795898438,2513.99462890625,617.0233154296875,0,Pond
MapsZH.big\Maps\TournamentB\TournamentB.wak,590,2533.986328125,632.7138671875,2533.22265625,633.3595581054688,0,Pond
MapsZH.big\Maps\TournamentB\TournamentB.wak,591,2550.649658203125,652.716064453125,2549.881591796875,653.3563842773438,0,Pond
MapsZH.big\Maps\TournamentB\TournamentB.wak,592,2571.39794921875,672.565673828125,2570.672607421875,673.2540893554688,0,Pond
MapsZH.big\Maps\TournamentB\TournamentB.wak,593,2590.09765625,692.236328125,2589.406005859375,692.9586791992188,0,Pond
MapsZH.big\Maps\TournamentB\TournamentB.wak,594,2606.87353515625,708.6924438476562,2606.199462890625,709.4310302734375,0,Pond
MapsZH.big\Maps\TournamentB\TournamentB.wak,595,2624.01220703125,725.1650390625,2623.20947265625,725.7614135742188,0,Pond
MapsZH.big\Maps\TournamentB\TournamentB.wak,596,2643.83984375,746.0030517578125,2643.174072265625,746.749267578125,0,Pond
MapsZH.big\Maps\TournamentB\TournamentB.wak,597,2755.224609375,861.9058837890625,2754.474365234375,862.5670776367188,0,Pond
MapsZH.big\Maps\TournamentB\TournamentB.wak,598,2769.67919921875,876.300048828125,2768.931640625,876.9642944335938,0,Pond
MapsZH.big\Maps\TournamentB\TournamentB.wak,599,2783.458251953125,889.6663818359375,2782.752197265625,890.3746337890625,0,Pond
MapsZH.big\Maps\TournamentB\TournamentB.wak,600,2799.66455078125,904.5960693359375,2798.912841796875,905.255615234375,0,Pond
MapsZH.big\Maps\TournamentB\TournamentB.wak,601,2814.565185546875,920.5921630859375,2813.828369140625,921.268310546875,0,Pond
MapsZH.big\Maps\TournamentB\TournamentB.wak,602,2831.489013671875,937.7982177734375,2830.7158203125,938.432373046875,0,Pond
MapsZH.big\Maps\TournamentB\TournamentB.wak,603,2848.859375,958.830078125,2848.1806640625,959.564453125,0,Pond
MapsZH.big\Maps\TournamentB\TournamentB.wak,604,2866.56201171875,970.4195556640625,2865.93896484375,971.20166015625,0,Pond
MapsZH.big\Maps\TournamentB\TournamentB.wak,605,2880.58642578125,985.799560546875,2879.824462890625,986.4470825195312,0,Pond
MapsZH.big\Maps\TournamentB\TournamentB.wak,606,2895.8798828125,1001.4027099609375,2895.14697265625,1002.0830078125,0,Pond
MapsZH.big\Maps\TournamentB\TournamentB.wak,607,2912.3662109375,1017.2406005859375,2911.683349609375,1017.97119140625,0,Pond
MapsZH.big\Maps\TournamentB\TournamentB.wak,608,2925.68505859375,1030.0560302734375,2924.9794921875,1030.7645263671875,0,Pond
MapsZH.big\Maps\TournamentB\TournamentB.wak,609,2938.739013671875,1043.1441650390625,2938.0908203125,1043.9056396484375,0,Pond
MapsZH.big\Maps\TournamentB\TournamentB.wak,610,2952.671875,1054.7593994140625,2951.979736328125,1055.4813232421875,0,Pond
MapsZH.big\Maps\TournamentB\TournamentB.wak,611,2965.29736328125,1067.8116455078125,2964.42919921875,1068.3079833984375,0,Pond
MapsZH.big\Maps\TournamentB\TournamentB.wak,612,2973.71484375,1086.617431640625,2972.743408203125,1086.8546142578125,0,Pond
MapsZH.big\Maps\TournamentB\TournamentB.wak,613,2980.44140625,1107.288330078125,2979.463134765625,1107.4962158203125,0,Pond
MapsZH.big\Maps\TournamentB\TournamentB.wak,614,2982.1240234375,1128.048583984375,2981.141845703125,1127.860107421875,0,Pond
MapsZH.big\Maps\TournamentB\TournamentB.wak,615,2980.06640625,1152.030029296875,2979.070068359375,1151.9434814453125,0,Pond
MapsZH.big\Maps\TournamentB\TournamentB.wak,616,2977.634521484375,1175.960693359375,2976.65673828125,1175.7515869140625,0,Pond
MapsZH.big\Maps\TournamentB\TournamentB.wak,617,2968.42578125,1202.910888671875,2967.59130859375,1202.35986328125,0,Pond
MapsZH.big\Maps\TournamentB\TournamentB.wak,618,2971.604736328125,1192.268310546875,2970.63818359375,1192.01171875,0,Pond
MapsZH.big\Maps\TournamentB\TournamentB.wak,619,2955.3427734375,1226.1484375,2954.494140625,1225.6192626953125,0,Pond
MapsZH.big\Maps\TournamentB\TournamentB.wak,620,2941.5595703125,1250.1871337890625,2940.774658203125,1249.567626953125,0,Pond
MapsZH.big\Maps\TournamentB\TournamentB.wak,621,2924.48095703125,1271.9759521484375,2923.8291015625,1271.217529296875,0,Pond
MapsZH.big\Maps\TournamentB\TournamentB.wak,622,2903.4228515625,1295.9932861328125,2902.72900390625,1295.273193359375,0,Pond
MapsZH.big\Maps\TournamentB\TournamentB.wak,623,2912.441162109375,1286.572021484375,2911.607421875,1286.02001953125,0,Pond
MapsZH.big\Maps\TournamentB\TournamentB.wak,624,2887.46240234375,1313.06591796875,2886.664306640625,1312.46337890625,0,Pond
MapsZH.big\Maps\TournamentB\TournamentB.wak,625,2873.946044921875,1329.339599609375,2873.244384765625,1328.6270751953125,0,Pond
MapsZH.big\Maps\TournamentB\TournamentB.wak,626,2856.509033203125,1348.5107421875,2855.77490234375,1347.831787109375,0,Pond
MapsZH.big\Maps\TournamentB\TournamentB.wak,627,2842.0,1368.5557861328125,2841.184326171875,1367.9771728515625,0,Pond
MapsZH.big\Maps\TournamentB\TournamentB.wak,628,2836.865234375,1389.25927734375,2835.867431640625,1389.3262939453125,0,Pond
MapsZH.big\Maps\TournamentB\TournamentB.wak,629,2841.0498046875,1410.5316162109375,2840.127685546875,1410.918701171875,0,Pond
MapsZH.big\Maps\TournamentB\TournamentB.wak,630,2852.23095703125,1427.0322265625,2851.458984375,1427.6678466796875,0,Pond
MapsZH.big\Maps\TournamentB\TournamentB.wak,631,2865.8154296875,1443.14306640625,2865.058349609375,1443.7965087890625,0,Pond
MapsZH.big\Maps\TournamentB\TournamentB.wak,632,2875.52001953125,1457.0609130859375,2874.8681640625,1457.8193359375,0,Pond
MapsZH.big\Maps\TournamentB\TournamentB.wak,633,2890.61572265625,1468.147705078125,2889.915771484375,1468.8619384765625,0,Pond
MapsZH.big\Maps\TournamentB\TournamentB.wak,634,2901.95556640625,1482.792236328125,2901.25927734375,1483.510009765625,0,Pond
MapsZH.big\Maps\TournamentB\TournamentB.wak,635,2917.051025390625,1496.157958984375,2916.3515625,1496.8726806640625,0,Pond
MapsZH.big\Maps\TournamentB\TournamentB.wak,636,2929.873046875,1511.24169921875,2929.044677734375,1511.8017578125,0,Pond
MapsZH.big\Maps\TournamentB\TournamentB.wak,637,2943.2041015625,1529.5205078125,2942.33740234375,1530.019287109375,0,Pond
MapsZH.big\Maps\TournamentB\TournamentB.wak,638,2956.771484375,1543.426025390625,2956.177978515625,1544.23095703125,0,Pond
MapsZH.big\Maps\TournamentB\TournamentB.wak,639,2970.94677734375,1556.6357421875,2970.228759765625,1557.331787109375,0,Pond
MapsZH.big\Maps\TournamentB\TournamentB.wak,640,2985.10986328125,1568.8685302734375,2984.51904296875,1569.6754150390625,0,Pond
MapsZH.big\Maps\TournamentB\TournamentB.wak,641,3000.423583984375,1580.9697265625,2999.7890625,1581.74267578125,0,Pond
MapsZH.big\Maps\TournamentB\TournamentB.wak,642,3016.4697265625,1593.9129638671875,3015.867431640625,1594.7113037109375,0,Pond
MapsZH.big\Maps\TournamentB\TournamentB.wak,643,3030.37255859375,1607.10009765625,3029.62109375,1607.759765625,0,Pond
MapsZH.big\Maps\TournamentB\TournamentB.wak,644,3052.736328125,1625.6092529296875,3052.089111328125,1626.3714599609375,0,Pond
MapsZH.big\Maps\TournamentB\TournamentB.wak,645,3064.10400390625,1638.6455078125,3063.286376953125,1639.2213134765625,0,Pond
MapsZH.big\Maps\TournamentB\TournamentB.wak,646,3081.00830078125,1655.62158203125,3080.33203125,1656.3582763671875,0,Pond
MapsZH.big\Maps\TournamentB\TournamentB.wak,647,3095.640625,1669.166015625,3095.0859375,1669.998046875,0,Pond
MapsZH.big\Maps\TournamentB\TournamentB.wak,648,3113.54345703125,1681.73681640625,3112.878662109375,1682.4837646484375,0,Pond
MapsZH.big\Maps\TournamentB\TournamentB.wak,649,3127.1953125,1697.2581787109375,3126.3427734375,1697.78076171875,0,Pond
MapsZH.big\Maps\TournamentB\TournamentB.wak,650,3138.285400390625,1713.1431884765625,3137.41552734375,1713.6363525390625,0,Pond
MapsZH.big\Maps\TournamentB\TournamentB.wak,651,3150.43701171875,1730.594482421875,3149.59912109375,1731.1402587890625,0,Pond
MapsZH.big\Maps\TournamentB\TournamentB.wak,652,3161.574462890625,1747.421630859375,3160.72119140625,1747.9429931640625,0,Pond
MapsZH.big\Maps\TournamentB\TournamentB.wak,653,3171.783203125,1770.85888671875,3170.827392578125,1771.1527099609375,0,Pond
MapsZH.big\Maps\TournamentB\TournamentB.wak,654,3174.73193359375,1785.711669921875,3173.736083984375,1785.803466796875,0,Pond
MapsZH.big\Maps\TournamentB\TournamentB.wak,655,3174.35107421875,1808.1134033203125,3173.3564453125,1808.010009765625,0,Pond
MapsZH.big\Maps\TournamentB\TournamentB.wak,656,3173.784423828125,1833.9766845703125,3172.796630859375,1833.8211669921875,0,Pond
MapsZH.big\Maps\TournamentB\TournamentB.wak,657,3164.69775390625,1852.940673828125,3163.787353515625,1852.5267333984375,0,Pond
MapsZH.big\Maps\TournamentB\TournamentB.wak,658,3156.33642578125,1872.2799072265625,3155.67578125,1871.5291748046875,0,Pond
MapsZH.big\Maps\TournamentB\TournamentB.wak,659,3141.58349609375,1886.313232421875,3140.800537109375,1885.6912841796875,0,Pond
MapsZH.big\Maps\TournamentB\TournamentB.wak,660,3124.55029296875,1906.2178955078125,3123.845947265625,1905.5081787109375,0,Pond
MapsZH.big\Maps\TournamentB\TournamentB.wak,661,3108.1240234375,1923.365478515625,3107.382080078125,1922.6951904296875,0,Pond
MapsZH.big\Maps\TournamentB\TournamentB.wak,662,3093.71337890625,1940.9747314453125,3093.046875,1940.229248046875,0,Pond
MapsZH.big\Maps\TournamentB\TournamentB.wak,663,3075.5703125,1958.183837890625,3075.042724609375,1957.3343505859375,0,Pond
MapsZH.big\Maps\TournamentB\TournamentB.wak,664,3054.3115234375,1977.334716796875,3053.71533203125,1976.531982421875,0,Pond
MapsZH.big\Maps\TournamentB\TournamentB.wak,665,3034.92919921875,1996.06982421875,3034.261962890625,1995.324951171875,0,Pond
MapsZH.big\Maps\TournamentB\TournamentB.wak,666,3018.2314453125,2011.64111328125,3017.396484375,2011.0908203125,0,Pond
MapsZH.big\Maps\TournamentB\TournamentB.wak,667,3004.74951171875,2031.67529296875,3003.873046875,2031.193603515625,0,Pond
MapsZH.big\Maps\TournamentB\TournamentB.wak,668,3001.376953125,2052.15283203125,3000.382080078125,2052.0517578125,0,Pond
MapsZH.big\Maps\TournamentB\TournamentB.wak,669,3004.9853515625,2072.149169921875,3004.09912109375,2072.6123046875,0,Pond
MapsZH.big\Maps\TournamentB\TournamentB.wak,670,3014.4482421875,2088.384521484375,3013.761474609375,2089.111328125,0,Pond
MapsZH.big\Maps\TournamentB\TournamentB.wak,671,3026.666259765625,2102.24658203125,3025.865478515625,2102.845458984375,0,Pond
MapsZH.big\Maps\TournamentB\TournamentB.wak,672,3038.261962890625,2115.867431640625,3037.52001953125,2116.5380859375,0,Pond
MapsZH.big\Maps\TournamentB\TournamentB.wak,673,3051.693359375,2128.4482421875,3051.02392578125,2129.19091796875,0,Pond
MapsZH.big\Maps\TournamentB\TournamentB.wak,674,3064.0244140625,2140.70458984375,3063.34765625,2141.44091796875,0,Pond
MapsZH.big\Maps\TournamentB\TournamentB.wak,675,3077.65966796875,2152.65625,3077.064453125,2153.459716796875,0,Pond
MapsZH.big\Maps\TournamentB\TournamentB.wak,676,3091.3603515625,2166.68603515625,3090.61279296875,2167.350341796875,0,Pond
MapsZH.big\Maps\TournamentB\TournamentB.wak,677,3104.277587890625,2179.88232421875,3103.523681640625,2180.539306640625,0,Pond
MapsZH.big\Maps\TournamentB\TournamentB.wak,678,3118.20751953125,2194.615234375,3117.495361328125,2195.317138671875,0,Pond
MapsZH.big\Maps\TournamentB\TournamentB.wak,679,3134.181884765625,2207.44140625,3133.531982421875,2208.201416015625,0,Pond
MapsZH.big\Maps\TournamentB\TournamentB.wak,680,3147.9931640625,2222.290771484375,3147.22900390625,2222.935791015625,0,Pond
MapsZH.big\Maps\TournamentB\TournamentB.wak,681,3160.63232421875,2238.44775390625,3159.93994140625,2239.169189453125,0,Pond
MapsZH.big\Maps\TournamentB\TournamentB.wak,682,3175.658203125,2253.577392578125,3174.9775390625,2254.31005859375,0,Pond
MapsZH.big\Maps\TournamentB\TournamentB.wak,683,3189.466796875,2267.4404296875,3188.82958984375,2268.211181640625,0,Pond
MapsZH.big\Maps\TournamentB\TournamentB.wak,684,3207.15576171875,2283.2958984375,3206.497314453125,2284.048583984375,0,Pond
MapsZH.big\Maps\TournamentB\TournamentB.wak,685,3223.298828125,2295.41845703125,3222.63134765625,2296.1630859375,0,Pond
MapsZH.big\Maps\TournamentB\TournamentB.wak,686,3237.453125,2310.271484375,3236.93798828125,2311.128662109375,0,Pond
MapsZH.big\Maps\TournamentB\TournamentB.wak,687,3251.57568359375,2323.92041015625,3250.74853515625,2324.482421875,0,Pond
MapsZH.big\Maps\TournamentB\TournamentB.wak,688,3262.994140625,2343.044921875,3262.177490234375,2343.621826171875,0,Pond
MapsZH.big\Maps\TournamentB\TournamentB.wak,689,3274.4716796875,2365.09765625,3273.554443359375,2365.49609375,0,Pond
MapsZH.big\Maps\TournamentB\TournamentB.wak,690,3278.07470703125,2383.9150390625,3277.085693359375,2384.063232421875,0,Pond
MapsZH.big\Maps\TournamentB\TournamentB.wak,691,3281.04345703125,2404.626953125,3280.04736328125,2404.716552734375,0,Pond
MapsZH.big\Maps\TournamentB\TournamentB.wak,692,3281.404052734375,2424.50390625,3280.404052734375,2424.501953125,0,Pond
MapsZH.big\Maps\TournamentB\TournamentB.wak,693,3280.357421875,2449.07763671875,3279.3583984375,2449.031982421875,0,Pond
MapsZH.big\Maps\TournamentB\TournamentB.wak,694,3278.23388671875,2471.13525390625,3277.253662109375,2470.9375,0,Pond
MapsZH.big\Maps\TournamentB\TournamentB.wak,695,3273.9609375,2494.70849609375,3272.977783203125,2494.525390625,0,Pond
MapsZH.big\Maps\TournamentB\TournamentB.wak,696,3266.404052734375,2513.34423828125,3265.501708984375,2512.913330078125,0,Pond
MapsZH.big\Maps\TournamentB\TournamentB.wak,697,3254.515625,2533.97509765625,3253.75341796875,2533.32763671875,0,Pond
MapsZH.big\Maps\TournamentB\TournamentB.wak,698,3239.932373046875,2552.291015625,3239.124755859375,2551.701171875,0,Pond
MapsZH.big\Maps\TournamentB\TournamentB.wak,699,3225.677734375,2571.662841796875,3224.896728515625,2571.038330078125,0,Pond
MapsZH.big\Maps\TournamentB\TournamentB.wak,700,3208.91259765625,2590.40625,3208.22314453125,2589.681884765625,0,Pond
MapsZH.big\Maps\TournamentB\TournamentB.wak,701,3191.217529296875,2610.9189453125,3190.439208984375,2610.291015625,0,Pond
MapsZH.big\Maps\TournamentB\TournamentB.wak,702,3173.9755859375,2626.272705078125,3173.36669921875,2625.4794921875,0,Pond
MapsZH.big\Maps\TournamentB\TournamentB.wak,703,3163.844970703125,2641.205078125,3162.943359375,2640.7724609375,0,Pond
MapsZH.big\Maps\TournamentB\TournamentB.wak,704,2522.1171875,3512.2294921875,2522.791259765625,3512.96826171875,0,Pond
MapsZH.big\Maps\TournamentB\TournamentB.wak,705,2540.80078125,3495.2900390625,2541.560791015625,3495.93994140625,0,Pond
MapsZH.big\Maps\TournamentB\TournamentB.wak,706,2558.4189453125,3477.118408203125,2559.123046875,3477.828369140625,0,Pond
MapsZH.big\Maps\TournamentB\TournamentB.wak,707,2573.859375,3463.64697265625,2574.6015625,3464.317138671875,0,Pond
MapsZH.big\Maps\TournamentB\TournamentB.wak,708,2590.8662109375,3447.139892578125,2591.550537109375,3447.869140625,0,Pond
MapsZH.big\Maps\TournamentB\TournamentB.wak,709,2610.67529296875,3430.694580078125,2611.449462890625,3431.32763671875,0,Pond
MapsZH.big\Maps\TournamentB\TournamentB.wak,710,2623.593994140625,3412.435302734375,2624.317138671875,3413.1259765625,0,Pond
MapsZH.big\Maps\TournamentB\TournamentB.wak,711,2641.004638671875,3392.905517578125,2641.724853515625,3393.599365234375,0,Pond
MapsZH.big\Maps\TournamentB\TournamentB.wak,712,2657.5751953125,3372.77392578125,2658.340087890625,3373.41796875,0,Pond
MapsZH.big\Maps\TournamentB\TournamentB.wak,713,2677.62646484375,3356.2958984375,2678.401611328125,3356.927734375,0,Pond
MapsZH.big\Maps\TournamentB\TournamentB.wak,714,2694.58544921875,3335.826416015625,2695.289794921875,3336.5361328125,0,Pond
MapsZH.big\Maps\TournamentB\TournamentB.wak,715,2712.36767578125,3319.935791015625,2713.19970703125,3320.490478515625,0,Pond
MapsZH.big\Maps\TournamentB\TournamentB.wak,716,2728.0068359375,3301.302490234375,2728.606689453125,3302.1025390625,0,Pond
MapsZH.big\Maps\TournamentB\TournamentB.wak,717,2744.8603515625,3287.14208984375,2745.575439453125,3287.84130859375,0,Pond
MapsZH.big\Maps\TournamentB\TournamentB.wak,718,2758.73583984375,3269.29443359375,2759.61962890625,3269.762451171875,0,Pond
MapsZH.big\Maps\TournamentB\TournamentB.wak,719,2884.08251953125,3156.511474609375,2884.69921875,3157.298583984375,0,Pond
MapsZH.big\Maps\TournamentB\TournamentB.wak,720,2903.55078125,3139.095703125,2904.267333984375,3139.793212890625,0,Pond
MapsZH.big\Maps\TournamentB\TournamentB.wak,721,2916.506103515625,3120.33984375,2917.23046875,3121.029296875,0,Pond
MapsZH.big\Maps\TournamentB\TournamentB.wak,722,2933.01171875,3103.1630859375,2933.758544921875,3103.828125,0,Pond
MapsZH.big\Maps\TournamentB\TournamentB.wak,723,2947.39892578125,3087.6142578125,2948.126708984375,3088.300048828125,0,Pond
MapsZH.big\Maps\TournamentB\TournamentB.wak,724,2962.29833984375,3071.12841796875,2962.939453125,3071.895751953125,0,Pond
MapsZH.big\Maps\TournamentB\TournamentB.wak,725,2981.26025390625,3052.87939453125,2981.98046875,3053.572998046875,0,Pond
MapsZH.big\Maps\TournamentB\TournamentB.wak,726,3000.20556640625,3034.41015625,3000.913818359375,3035.115966796875,0,Pond
MapsZH.big\Maps\TournamentB\TournamentB.wak,727,3016.7724609375,3015.69921875,3017.487548828125,3016.398193359375,0,Pond
MapsZH.big\Maps\TournamentB\TournamentB.wak,728,3031.4892578125,2999.34765625,3032.295166015625,2999.939697265625,0,Pond
MapsZH.big\Maps\TournamentB\TournamentB.wak,729,3048.1865234375,2981.17333984375,3048.8935546875,2981.880615234375,0,Pond
MapsZH.big\Maps\TournamentB\TournamentB.wak,730,3064.138916015625,2963.0224609375,3064.855224609375,2963.72021484375,0,Pond
MapsZH.big\Maps\TournamentB\TournamentB.wak,731,3077.4208984375,2947.230224609375,3078.27734375,2947.74658203125,0,Pond
MapsZH.big\Maps\TournamentB\TournamentB.wak,732,3096.2578125,2930.615966796875,3096.720458984375,2931.50244140625,0,Pond
MapsZH.big\Maps\TournamentB\TournamentB.wak,733,3090.206298828125,2936.96923828125,3091.006103515625,2937.5693359375,0,Pond
MapsZH.big\Maps\TournamentB\TournamentB.wak,734,3114.5126953125,2915.663330078125,3115.25390625,2916.334716796875,0,Pond
MapsZH.big\Maps\TournamentB\TournamentB.wak,735,3131.88671875,2897.80322265625,3132.559326171875,2898.543212890625,0,Pond
MapsZH.big\Maps\TournamentB\TournamentB.wak,736,3147.731689453125,2881.27197265625,3148.461181640625,2881.955810546875,0,Pond
MapsZH.big\Maps\TournamentB\TournamentB.wak,737,3161.52099609375,2862.73828125,3162.330322265625,2863.325439453125,0,Pond
MapsZH.big\Maps\TournamentB\TournamentB.wak,738,3277.263427734375,2757.849609375,3277.904296875,2758.6171875,0,Pond
MapsZH.big\Maps\TournamentB\TournamentB.wak,739,3293.14453125,2741.84716796875,3293.87646484375,2742.528564453125,0,Pond
MapsZH.big\Maps\TournamentB\TournamentB.wak,740,3309.488037109375,2725.063720703125,3310.17822265625,2725.787353515625,0,Pond
MapsZH.big\Maps\TournamentB\TournamentB.wak,741,3322.69921875,2709.75830078125,3323.2900390625,2710.565185546875,0,Pond
MapsZH.big\Maps\TournamentB\TournamentB.wak,742,3340.287109375,2694.16455078125,3341.01953125,2694.84521484375,0,Pond
MapsZH.big\Maps\TournamentB\TournamentB.wak,743,3355.566162109375,2677.31884765625,3356.25341796875,2678.045166015625,0,Pond
MapsZH.big\Maps\TournamentB\TournamentB.wak,744,3371.8173828125,2661.0234375,3372.500732421875,2661.753662109375,0,Pond
MapsZH.big\Maps\TournamentB\TournamentB.wak,745,3386.5595703125,2640.2529296875,3387.41796875,2640.765869140625,0,Pond
MapsZH.big\Maps\TournamentB\TournamentB.wak,746,3402.5498046875,2618.41357421875,3403.345947265625,2619.0185546875,0,Pond
MapsZH.big\Maps\TournamentB\TournamentB.wak,747,3418.716796875,2601.376953125,3419.3994140625,2602.107666015625,0,Pond
MapsZH.big\Maps\TournamentB\TournamentB.wak,748,3434.6962890625,2585.383056640625,3435.257568359375,2586.210693359375,0,Pond
MapsZH.big\Maps\TournamentB\TournamentB.wak,749,3453.09375,2567.5576171875,3453.759521484375,2568.3037109375,0,Pond
MapsZH.big\Maps\TournamentB\TournamentB.wak,750,3470.5205078125,2548.103759765625,3471.030029296875,2548.964111328125,0,Pond
MapsZH.big\Maps\TournamentB\TournamentB.wak,751,3485.147705078125,2539.120361328125,3485.87890625,2539.802734375,0,Pond
MapsZH.big\Maps\TournamentB\TournamentB.wak,752,3042.9697265625,2754.688232421875,3042.224853515625,2754.021240234375,0,Pond
MapsZH.big\Maps\TournamentB\TournamentB.wak,753,3028.822509765625,2770.702880859375,3028.089111328125,2770.023193359375,0,Pond
MapsZH.big\Maps\TournamentB\TournamentB.wak,754,3014.08642578125,2785.95947265625,3013.423095703125,2785.211181640625,0,Pond
MapsZH.big\Maps\TournamentB\TournamentB.wak,755,2998.217529296875,2802.068115234375,2997.462890625,2801.412109375,0,Pond
MapsZH.big\Maps\TournamentB\TournamentB.wak,756,2981.853515625,2818.197265625,2981.317138671875,2817.353271484375,0,Pond
MapsZH.big\Maps\TournamentB\TournamentB.wak,757,2961.60791015625,2832.69873046875,2961.04345703125,2831.873291015625,0,Pond
MapsZH.big\Maps\TournamentB\TournamentB.wak,758,2944.99365234375,2847.63525390625,2944.372802734375,2846.851318359375,0,Pond
MapsZH.big\Maps\TournamentB\TournamentB.wak,759,2929.938720703125,2863.597900390625,2929.17041015625,2862.9580078125,0,Pond
MapsZH.big\Maps\TournamentB\TournamentB.wak,760,2916.783203125,2876.452392578125,2916.27978515625,2875.58837890625,0,Pond
MapsZH.big\Maps\TournamentB\TournamentB.wak,761,2901.39599609375,2891.53076171875,2900.67724609375,2890.83544921875,0,Pond
MapsZH.big\Maps\TournamentB\TournamentB.wak,762,2887.5625,2905.46142578125,2886.788818359375,2904.827880859375,0,Pond
MapsZH.big\Maps\TournamentB\TournamentB.wak,763,2872.191162109375,2920.2431640625,2871.4736328125,2919.546630859375,0,Pond
MapsZH.big\Maps\TournamentB\TournamentB.wak,764,2856.608642578125,2936.9853515625,2855.821533203125,2936.368408203125,0,Pond
MapsZH.big\Maps\TournamentB\TournamentB.wak,765,2841.75,2950.9208984375,2841.115234375,2950.148193359375,0,Pond
MapsZH.big\Maps\TournamentB\TournamentB.wak,766,2825.16845703125,2967.20166015625,2824.409912109375,2966.550048828125,0,Pond
MapsZH.big\Maps\TournamentB\TournamentB.wak,767,2811.82568359375,2982.6728515625,2811.121826171875,2981.962646484375,0,Pond
MapsZH.big\Maps\TournamentB\TournamentB.wak,768,2795.42333984375,2997.59228515625,2794.789794921875,2996.818603515625,0,Pond
MapsZH.big\Maps\TournamentB\TournamentB.wak,769,2777.302734375,3012.3623046875,2776.74560546875,3011.53173828125,0,Pond
MapsZH.big\Maps\TournamentB\TournamentB.wak,770,2762.68701171875,3028.97119140625,2761.943359375,3028.302734375,0,Pond
MapsZH.big\Maps\TournamentB\TournamentB.wak,771,2749.91943359375,3044.24658203125,2749.112548828125,3043.65576171875,0,Pond
MapsZH.big\Maps\TournamentB\TournamentB.wak,772,471.877197265625,759.3292236328125,472.50152587890625,760.1104125976562,0,Pond
MapsZH.big\Maps\TournamentB\TournamentB.wak,773,489.64959716796875,745.6775512695312,490.3182067871094,746.421142578125,0,Pond
MapsZH.big\Maps\TournamentB\TournamentB.wak,774,505.42291259765625,731.3890380859375,506.1070556640625,732.118408203125,0,Pond
MapsZH.big\Maps\TournamentB\TournamentB.wak,775,523.0279541015625,717.3536376953125,523.7569580078125,718.0381469726562,0,Pond
MapsZH.big\Maps\TournamentB\TournamentB.wak,776,537.2862548828125,702.05224609375,538.08935546875,702.6480712890625,0,Pond
MapsZH.big\Maps\TournamentB\TournamentB.wak,777,553.9072265625,685.0506591796875,554.5543823242188,685.81298828125,0,Pond
MapsZH.big\Maps\TournamentB\TournamentB.wak,778,567.9971923828125,669.8343505859375,568.6594848632812,670.5836181640625,0,Pond
MapsZH.big\Maps\TournamentB\TournamentB.wak,779,581.1265869140625,657.1266479492188,581.8156127929688,657.8513793945312,0,Pond
MapsZH.big\Maps\TournamentB\TournamentB.wak,780,596.250244140625,641.6529541015625,597.0423583984375,642.2633666992188,0,Pond
MapsZH.big\Maps\TournamentB\TournamentB.wak,781,611.2877197265625,624.6526489257812,611.88525390625,625.4545288085938,0,Pond
MapsZH.big\Maps\TournamentB\TournamentB.wak,782,629.9481201171875,609.9429931640625,630.627685546875,610.6765747070312,0,Pond
MapsZH.big\Maps\TournamentB\TournamentB.wak,783,646.0162353515625,595.1431884765625,646.6690673828125,595.9006958007812,0,Pond
MapsZH.big\Maps\TournamentB\TournamentB.wak,784,662.9361572265625,577.8299560546875,663.7388916015625,578.42626953125,0,Pond
MapsZH.big\Maps\TournamentB\TournamentB.wak,785,676.1859130859375,560.0201416015625,676.9837036132812,560.623046875,0,Pond
MapsZH.big\Maps\TournamentB\TournamentB.wak,786,689.534912109375,545.1405029296875,690.3179321289062,545.7625122070312,0,Pond
MapsZH.big\Maps\TournamentB\TournamentB.wak,787,703.0130004882812,530.8809204101562,703.7572631835938,531.5487670898438,0,Pond
MapsZH.big\Maps\TournamentB\TournamentB.wak,788,714.263671875,515.2271728515625,715.0394287109375,515.8582153320312,0,Pond
MapsZH.big\Maps\TournamentB\TournamentB.wak,789,726.9197998046875,502.6092834472656,727.6572875976562,503.28466796875,0,Pond
MapsZH.big\Maps\TournamentB\TournamentB.wak,790,745.6769409179688,483.20843505859375,746.2939453125,483.9953918457031,0,Pond
MapsZH.big\Maps\TournamentB\TournamentB.wak,791,218.44139099121094,1040.6732177734375,219.40267944335938,1040.94873046875,0,Pond
MapsZH.big\Maps\TournamentB\TournamentB.wak,792,229.140869140625,1019.5528564453125,230.01931762695312,1020.0307006835938,0,Pond
MapsZH.big\Maps\TournamentB\TournamentB.wak,793,239.123779296875,999.6097412109375,240.00074768066406,1000.0902709960938,0,Pond
MapsZH.big\Maps\TournamentB\TournamentB.wak,794,251.78781127929688,979.6491088867188,252.53456115722656,980.314208984375,0,Pond
MapsZH.big\Maps\TournamentB\TournamentB.wak,795,269.85968017578125,957.9031982421875,270.6134948730469,958.560302734375,0,Pond
MapsZH.big\Maps\TournamentB\TournamentB.wak,796,287.7081604003906,938.740234375,288.426025390625,939.4364013671875,0,Pond
MapsZH.big\Maps\TournamentB\TournamentB.wak,797,306.9434814453125,917.8897705078125,307.66400146484375,918.5831909179688,0,Pond
MapsZH.big\Maps\TournamentB\TournamentB.wak,798,326.0825500488281,900.5494384765625,326.8724670410156,901.1626586914062,0,Pond
MapsZH.big\Maps\TournamentB\TournamentB.wak,799,341.9941711425781,878.4671630859375,342.6577453613281,879.2152709960938,0,Pond
MapsZH.big\Maps\TournamentB\TournamentB.wak,800,355.11083984375,867.6248779296875,355.96575927734375,868.1436157226562,0,Pond
MapsZH.big\Maps\TournamentB\TournamentB.wak,801,204.98443603515625,1142.5751953125,205.9842987060547,1142.5589599609375,0,Pond
MapsZH.big\Maps\TournamentB\TournamentB.wak,802,204.89817810058594,1116.285400390625,205.8974151611328,1116.324462890625,0,Pond
MapsZH.big\Maps\TournamentB\TournamentB.wak,803,206.5322265625,1089.9617919921875,207.50889587402344,1090.176513671875,0,Pond
MapsZH.big\Maps\TournamentB\TournamentB.wak,804,210.74441528320312,1062.88330078125,211.728515625,1063.0609130859375,0,Pond
MapsZH.big\Maps\TournamentB\TournamentB.wak,805,206.77796936035156,1096.874267578125,207.77748107910156,1096.843017578125,0,Pond
MapsZH.big\Maps\TournamentB\TournamentB.wak,806,210.13772583007812,1158.681884765625,211.08370971679688,1158.357666015625,0,Pond
MapsZH.big\Maps\TournamentB\TournamentB.wak,807,219.07498168945312,1178.9293212890625,219.84011840820312,1178.285400390625,0,Pond
MapsZH.big\Maps\TournamentB\TournamentB.wak,808,231.29458618164062,1192.48291015625,232.0652618408203,1191.845703125,0,Pond
MapsZH.big\Maps\TournamentB\TournamentB.wak,809,2634.8759765625,3150.0361328125,2634.121826171875,3149.379638671875,0,Pond
MapsZH.big\Maps\TournamentB\TournamentB.wak,810,2622.6962890625,3164.705322265625,2621.94677734375,3164.043212890625,0,Pond
MapsZH.big\Maps\TournamentB\TournamentB.wak,811,2607.570068359375,3180.6357421875,2606.855712890625,3179.93603515625,0,Pond
MapsZH.big\Maps\TournamentB\TournamentB.wak,812,2593.85595703125,3196.26806640625,2593.12158203125,3195.589111328125,0,Pond
MapsZH.big\Maps\TournamentB\TournamentB.wak,813,2580.71728515625,3211.30322265625,2579.923095703125,3210.695556640625,0,Pond
MapsZH.big\Maps\TournamentB\TournamentB.wak,814,2567.3193359375,3225.93017578125,2566.628662109375,3225.20703125,0,Pond
MapsZH.big\Maps\TournamentB\TournamentB.wak,815,2551.900634765625,3239.156982421875,2551.243896484375,3238.40283203125,0,Pond
MapsZH.big\Maps\TournamentB\TournamentB.wak,816,2536.96875,3251.25146484375,2536.45654296875,3250.392578125,0,Pond
MapsZH.big\Maps\TournamentB\TournamentB.wak,817,2519.82666015625,3261.23583984375,2519.217529296875,3260.442626953125,0,Pond
MapsZH.big\Maps\TournamentB\TournamentB.wak,818,2502.41162109375,3271.37646484375,2501.99072265625,3270.469482421875,0,Pond
MapsZH.big\Maps\TournamentB\TournamentB.wak,819,2484.8720703125,3277.71435546875,2484.59814453125,3276.752685546875,0,Pond
MapsZH.big\Maps\TournamentB\TournamentB.wak,820,2460.888671875,3282.85107421875,2460.734375,3281.863037109375,0,Pond
MapsZH.big\Maps\TournamentB\TournamentB.wak,821,2436.486572265625,3286.733154296875,2436.438720703125,3285.734375,0,Pond
MapsZH.big\Maps\TournamentB\TournamentB.wak,822,2419.32421875,3287.3701171875,2419.55615234375,3286.3974609375,0,Pond
MapsZH.big\Maps\TournamentB\TournamentB.wak,823,2399.804443359375,3284.244873046875,2400.003173828125,3283.264892578125,0,Pond
MapsZH.big\Maps\TournamentB\TournamentB.wak,824,2379.22021484375,3277.632568359375,2379.7080078125,3276.759521484375,0,Pond
MapsZH.big\Maps\TournamentB\TournamentB.wak,825,2359.80810546875,3265.48193359375,2360.19189453125,3264.55859375,0,Pond
MapsZH.big\Maps\TournamentB\TournamentB.wak,826,2338.94287109375,3253.308349609375,2339.513427734375,3252.487060546875,0,Pond
MapsZH.big\Maps\TournamentB\TournamentB.wak,827,2324.3759765625,3241.84033203125,2324.98681640625,3241.048583984375,0,Pond
MapsZH.big\Maps\TournamentB\TournamentB.wak,828,2306.8955078125,3227.327880859375,2307.51123046875,3226.5400390625,0,Pond
MapsZH.big\Maps\TournamentB\TournamentB.wak,829,2290.419921875,3212.35546875,2291.16650390625,3211.690185546875,0,Pond
MapsZH.big\Maps\TournamentB\TournamentB.wak,830,2272.51611328125,3195.69677734375,2273.0869140625,3194.875732421875,0,Pond
MapsZH.big\Maps\TournamentB\TournamentB.wak,831,2257.814697265625,3182.75439453125,2258.388671875,3181.935546875,0,Pond
MapsZH.big\Maps\TournamentB\TournamentB.wak,832,2241.139892578125,3170.06005859375,2241.883056640625,3169.390869140625,0,Pond
MapsZH.big\Maps\TournamentB\TournamentB.wak,833,2222.76025390625,3153.482177734375,2223.45654296875,3152.764404296875,0,Pond
MapsZH.big\Maps\TournamentB\TournamentB.wak,834,2204.879638671875,3139.3642578125,2205.41015625,3138.5166015625,0,Pond
MapsZH.big\Maps\TournamentB\TournamentB.wak,835,2187.37890625,3125.6982421875,2188.036865234375,3124.945068359375,0,Pond
MapsZH.big\Maps\TournamentB\TournamentB.wak,836,2171.414306640625,3111.024658203125,2172.163330078125,3110.3623046875,0,Pond
MapsZH.big\Maps\TournamentB\TournamentB.wak,837,2156.996826171875,3094.34130859375,2157.727294921875,3093.658447265625,0,Pond
MapsZH.big\Maps\TournamentB\TournamentB.wak,838,2141.3994140625,3078.217041015625,2142.076904296875,3077.4814453125,0,Pond
MapsZH.big\Maps\TournamentB\TournamentB.wak,839,2123.8232421875,3059.619140625,2124.602783203125,3058.99267578125,0,Pond
MapsZH.big\Maps\TournamentB\TournamentB.wak,840,2105.938720703125,3043.19287109375,2106.59033203125,3042.434326171875,0,Pond
MapsZH.big\Maps\TournamentB\TournamentB.wak,841,2088.391845703125,3028.0625,2089.099365234375,3027.355712890625,0,Pond
MapsZH.big\Maps\TournamentB\TournamentB.wak,842,2068.69384765625,3016.76123046875,2069.0087890625,3015.81201171875,0,Pond
MapsZH.big\Maps\TournamentB\TournamentB.wak,843,2046.272216796875,3010.20556640625,2046.4041748046875,3009.21435546875,0,Pond
MapsZH.big\Maps\TournamentB\TournamentB.wak,844,2021.424560546875,3006.5205078125,2021.33837890625,3005.524169921875,0,Pond
MapsZH.big\Maps\TournamentB\TournamentB.wak,845,2001.24267578125,3012.46923828125,2000.739501953125,3011.60498046875,0,Pond
MapsZH.big\Maps\TournamentB\TournamentB.wak,846,1985.5791015625,3025.72265625,1984.9666748046875,3024.93212890625,0,Pond
MapsZH.big\Maps\TournamentB\TournamentB.wak,847,1967.88671875,3041.22265625,1967.188232421875,3040.507080078125,0,Pond
MapsZH.big\Maps\TournamentB\TournamentB.wak,848,1951.217529296875,3056.769775390625,1950.5616455078125,3056.014892578125,0,Pond
MapsZH.big\Maps\TournamentB\TournamentB.wak,849,1933.2197265625,3074.150390625,1932.4984130859375,3073.457763671875,0,Pond
MapsZH.big\Maps\TournamentB\TournamentB.wak,850,1917.6156005859375,3089.344970703125,1916.837646484375,3088.716552734375,0,Pond
MapsZH.big\Maps\TournamentB\TournamentB.wak,851,1900.8494873046875,3104.193359375,1900.0401611328125,3103.60595703125,0,Pond
MapsZH.big\Maps\TournamentB\TournamentB.wak,852,1883.4697265625,3123.94287109375,1882.7962646484375,3123.20361328125,0,Pond
MapsZH.big\Maps\TournamentB\TournamentB.wak,853,1863.596923828125,3143.884765625,1862.9044189453125,3143.163330078125,0,Pond
MapsZH.big\Maps\TournamentB\TournamentB.wak,854,1847.61181640625,3156.21875,1847.1279296875,3155.343505859375,0,Pond
MapsZH.big\Maps\TournamentB\TournamentB.wak,855,1823.259033203125,3168.73291015625,1822.9306640625,3167.788330078125,0,Pond
MapsZH.big\Maps\TournamentB\TournamentB.wak,856,1800.4937744140625,3173.27880859375,1800.2786865234375,3172.30224609375,0,Pond
MapsZH.big\Maps\TournamentB\TournamentB.wak,857,1780.09814453125,3175.73583984375,1780.1480712890625,3174.737060546875,0,Pond
MapsZH.big\Maps\TournamentB\TournamentB.wak,858,1757.70849609375,3174.087158203125,1757.922119140625,3173.1103515625,0,Pond
MapsZH.big\Maps\TournamentB\TournamentB.wak,859,1734.33056640625,3169.9375,1734.6015625,3168.974853515625,0,Pond
MapsZH.big\Maps\TournamentB\TournamentB.wak,860,1708.625,3157.87744140625,1709.0919189453125,3156.9931640625,0,Pond
MapsZH.big\Maps\TournamentB\TournamentB.wak,861,1690.25390625,3147.602783203125,1690.9200439453125,3146.85693359375,0,Pond
MapsZH.big\Maps\TournamentB\TournamentB.wak,862,1720.72119140625,3163.28125,1720.824462890625,3162.28662109375,0,Pond
MapsZH.big\Maps\TournamentB\TournamentB.wak,863,1675.931396484375,3131.73779296875,1676.56982421875,3130.968017578125,0,Pond
MapsZH.big\Maps\TournamentB\TournamentB.wak,864,1660.6580810546875,3115.818359375,1661.4749755859375,3115.241455078125,0,Pond
MapsZH.big\Maps\TournamentB\TournamentB.wak,865,1644.9146728515625,3099.314453125,1645.6356201171875,3098.62158203125,0,Pond
MapsZH.big\Maps\TournamentB\TournamentB.wak,866,1626.0810546875,3083.461181640625,1626.786376953125,3082.75244140625,0,Pond
MapsZH.big\Maps\TournamentB\TournamentB.wak,867,1610.50390625,3068.96923828125,1611.2247314453125,3068.276123046875,0,Pond
MapsZH.big\Maps\TournamentB\TournamentB.wak,868,1595.0126953125,3052.3603515625,1595.624267578125,3051.569091796875,0,Pond
MapsZH.big\Maps\TournamentB\TournamentB.wak,869,1577.4609375,3038.127197265625,1578.1494140625,3037.40185546875,0,Pond
MapsZH.big\Maps\TournamentB\TournamentB.wak,870,1560.6954345703125,3021.0361328125,1561.4273681640625,3020.354736328125,0,Pond
MapsZH.big\Maps\TournamentB\TournamentB.wak,871,1545.701416015625,3005.658203125,1546.4266357421875,3004.9697265625,0,Pond
MapsZH.big\Maps\TournamentB\TournamentB.wak,872,1528.13818359375,2987.849609375,1528.8465576171875,2987.143798828125,0,Pond
MapsZH.big\Maps\TournamentB\TournamentB.wak,873,1512.38232421875,2971.4814453125,1513.09912109375,2970.7841796875,0,Pond
MapsZH.big\Maps\TournamentB\TournamentB.wak,874,1496.1859130859375,2955.96630859375,1496.8240966796875,2955.196533203125,0,Pond
MapsZH.big\Maps\TournamentB\TournamentB.wak,875,1478.74853515625,2938.990966796875,1479.4896240234375,2938.319580078125,0,Pond
MapsZH.big\Maps\TournamentB\TournamentB.wak,876,1461.29345703125,2922.251708984375,1461.96435546875,2921.510009765625,0,Pond
MapsZH.big\Maps\TournamentB\TournamentB.wak,877,1440.477294921875,2906.2666015625,1441.13671875,2905.514892578125,0,Pond
MapsZH.big\Maps\TournamentB\TournamentB.wak,878,1420.714599609375,2891.000244140625,1421.15869140625,2890.104248046875,0,Pond
MapsZH.big\Maps\TournamentB\TournamentB.wak,879,1403.664794921875,2880.92822265625,1404.1734619140625,2880.067138671875,0,Pond
MapsZH.big\Maps\TournamentB\TournamentB.wak,880,1380.6982421875,2870.474365234375,1380.978271484375,2869.514404296875,0,Pond
MapsZH.big\Maps\TournamentB\TournamentB.wak,881,1364.521240234375,2865.95947265625,1364.512939453125,2864.95947265625,0,Pond
MapsZH.big\Maps\TournamentB\TournamentB.wak,882,1342.310302734375,2869.14404296875,1342.1280517578125,2868.160888671875,0,Pond
MapsZH.big\Maps\TournamentB\TournamentB.wak,883,1321.365966796875,2875.913330078125,1321.0009765625,2874.982177734375,0,Pond
MapsZH.big\Maps\TournamentB\TournamentB.wak,884,1306.5078125,2886.087158203125,1305.8775634765625,2885.310791015625,0,Pond
MapsZH.big\Maps\TournamentB\TournamentB.wak,885,1290.31201171875,2896.8544921875,1289.5911865234375,2896.161376953125,0,Pond
MapsZH.big\Maps\TournamentB\TournamentB.wak,886,1277.1708984375,2909.99169921875,1276.5594482421875,2909.200439453125,0,Pond
MapsZH.big\Maps\TournamentB\TournamentB.wak,887,1263.50830078125,2922.915283203125,1262.738037109375,2922.277587890625,0,Pond
MapsZH.big\Maps\TournamentB\TournamentB.wak,888,1251.6409912109375,2935.58984375,1250.923828125,2934.89306640625,0,Pond
MapsZH.big\Maps\TournamentB\TournamentB.wak,889,1238.03271484375,2950.20166015625,1237.357666015625,2949.4638671875,0,Pond
MapsZH.big\Maps\TournamentB\TournamentB.wak,890,1221.3572998046875,2966.569580078125,1220.7877197265625,2965.74755859375,0,Pond
MapsZH.big\Maps\TournamentB\TournamentB.wak,891,1208.9818115234375,2973.081787109375,1208.3055419921875,2972.34521484375,0,Pond
MapsZH.big\Maps\TournamentB\TournamentB.wak,892,1195.262451171875,2985.86083984375,1194.7626953125,2984.99462890625,0,Pond
MapsZH.big\Maps\TournamentB\TournamentB.wak,893,1177.7242431640625,2995.78125,1177.3951416015625,2994.8369140625,0,Pond
MapsZH.big\Maps\TournamentB\TournamentB.wak,894,1156.64990234375,3000.6953125,1156.5045166015625,2999.705810546875,0,Pond
MapsZH.big\Maps\TournamentB\TournamentB.wak,895,1132.74267578125,3003.17041015625,1132.8099365234375,3002.172607421875,0,Pond
MapsZH.big\Maps\TournamentB\TournamentB.wak,896,1109.6236572265625,3002.15283203125,1109.691650390625,3001.155029296875,0,Pond
MapsZH.big\Maps\TournamentB\TournamentB.wak,897,1089.0423583984375,3001.0419921875,1088.9884033203125,3000.04345703125,0,Pond
MapsZH.big\Maps\TournamentB\TournamentB.wak,898,1065.81298828125,3000.81982421875,1065.9759521484375,2999.833251953125,0,Pond
MapsZH.big\Maps\TournamentB\TournamentB.wak,899,1041.4603271484375,2994.7373046875,1041.904296875,2993.84130859375,0,Pond
MapsZH.big\Maps\TournamentB\TournamentB.wak,900,1021.549072265625,2983.62255859375,1022.0054321289062,2982.732666015625,0,Pond
MapsZH.big\Maps\TournamentB\TournamentB.wak,901,999.52783203125,2970.1181640625,1000.2076416015625,2969.384765625,0,Pond
MapsZH.big\Maps\TournamentB\TournamentB.wak,902,1010.5390625,2974.17822265625,1011.0111694335938,2973.296630859375,0,Pond
MapsZH.big\Maps\TournamentB\TournamentB.wak,903,980.7857666015625,2953.16748046875,981.4508056640625,2952.420654296875,0,Pond
MapsZH.big\Maps\TournamentB\TournamentB.wak,904,960.7786254882812,2936.101806640625,961.5281982421875,2935.43994140625,0,Pond
MapsZH.big\Maps\TournamentB\TournamentB.wak,905,942.197265625,2918.244384765625,942.895263671875,2917.5283203125,0,Pond
MapsZH.big\Maps\TournamentB\TournamentB.wak,906,926.183837890625,2900.501220703125,926.903564453125,2899.806884765625,0,Pond
MapsZH.big\Maps\TournamentB\TournamentB.wak,907,909.3798828125,2882.81201171875,910.1259765625,2882.146240234375,0,Pond
MapsZH.big\Maps\TournamentB\TournamentB.wak,908,892.4697265625,2865.009033203125,893.2664794921875,2864.40478515625,0,Pond
MapsZH.big\Maps\TournamentB\TournamentB.wak,909,867.2428588867188,2837.10009765625,867.943603515625,2836.38671875,0,Pond
MapsZH.big\Maps\TournamentB\TournamentB.wak,910,878.0859375,2849.07421875,878.840087890625,2848.41748046875,0,Pond
MapsZH.big\Maps\TournamentB\TournamentB.wak,911,853.031982421875,2820.051025390625,853.7211303710938,2819.326416015625,0,Pond
MapsZH.big\Maps\TournamentB\TournamentB.wak,912,833.43212890625,2804.99169921875,834.09033203125,2804.23876953125,0,Pond
MapsZH.big\Maps\TournamentB\TournamentB.wak,913,717.9512939453125,2686.109130859375,718.6931762695312,2685.4384765625,0,Pond
MapsZH.big\Maps\TournamentB\TournamentB.wak,914,703.6773071289062,2672.29833984375,704.403076171875,2671.6103515625,0,Pond
MapsZH.big\Maps\TournamentB\TournamentB.wak,915,689.7263793945312,2659.77685546875,690.409912109375,2659.046875,0,Pond
MapsZH.big\Maps\TournamentB\TournamentB.wak,916,678.0997314453125,2647.99609375,678.7997436523438,2647.281982421875,0,Pond
MapsZH.big\Maps\TournamentB\TournamentB.wak,917,662.0638427734375,2632.7880859375,662.80615234375,2632.1181640625,0,Pond
MapsZH.big\Maps\TournamentB\TournamentB.wak,918,647.89111328125,2618.125,648.5502319335938,2617.373046875,0,Pond
MapsZH.big\Maps\TournamentB\TournamentB.wak,919,628.994384765625,2599.253662109375,629.651123046875,2598.49951171875,0,Pond
MapsZH.big\Maps\TournamentB\TournamentB.wak,920,615.302490234375,2590.681396484375,615.780029296875,2589.802734375,0,Pond
MapsZH.big\Maps\TournamentB\TournamentB.wak,921,600.316650390625,2577.755859375,601.001953125,2577.027587890625,0,Pond
