production_number,case,source_path_relative,faction_or_context,functional_family,descriptive_asset_name,canonical_stem,rendered_format,review_decision,recommended_format,review_notes,rendered_media,recommended_media,reused_reviewed_pilot
1,05810--nvconstdoz-a--22177a25,"ZH_Generals\W3D.big\Art\W3D\China Vehicle Dozer, Infa China Vehicle Dozer, Nuke China Vehicle Dozer, Tank China Vehicle Dozer - nvconstdoz_A.w3d",China,Armor,Dozer,nvconstdoz_A,mp4,publish,mp4,Complete recognizable subject with substantial or narratively useful mechanical motion.,C:\Users\Jeff\Documents\Codex\2026-08-18\in\w3d-animation-production\output\05810--nvconstdoz-a--22177a25\China - Armor - Dozer - nvconstdoz_A.mp4,C:\Users\Jeff\Documents\Codex\2026-08-18\in\w3d-animation-production\output\05810--nvconstdoz-a--22177a25\China - Armor - Dozer - nvconstdoz_A.mp4,True
2,06522--nvconstdoz-ad--feb4bd53,ZH_Generals\W3D.big\Art\W3D\nvconstdoz_AD.w3d,China,Armor,Dozer,nvconstdoz_AD,mp4,publish,mp4,Complete recognizable subject with substantial or narratively useful mechanical motion.,C:\Users\Jeff\Documents\Codex\2026-08-18\in\w3d-animation-production\output\06522--nvconstdoz-ad--feb4bd53\China - Armor - Dozer - nvconstdoz_AD.mp4,C:\Users\Jeff\Documents\Codex\2026-08-18\in\w3d-animation-production\output\06522--nvconstdoz-ad--feb4bd53\China - Armor - Dozer - nvconstdoz_AD.mp4,True
3,04214--nvgatttank--c5f4a7c2,"ZH_Generals\W3D.big\Art\W3D\Boss Tank Gattling, China Tank Gattling, Infa China Tank Gattling, Nuke China Tank Gattling, Tank China Tank Gattling - NVGattTank.w3d",China,Armor,Gattling,NVGattTank,mp4,publish,mp4,Complete recognizable subject with substantial or narratively useful mechanical motion.,C:\Users\Jeff\Documents\Codex\2026-08-18\in\w3d-animation-production\output\04214--nvgatttank--c5f4a7c2\China - Armor - Gattling - NVGattTank.mp4,C:\Users\Jeff\Documents\Codex\2026-08-18\in\w3d-animation-production\output\04214--nvgatttank--c5f4a7c2\China - Armor - Gattling - NVGattTank.mp4,True
4,06529--nvgatttank-d--3334b54c,ZH_Generals\W3D.big\Art\W3D\NVGattTank_d.w3d,China,Armor,Gattling,NVGattTank_d,mp4,publish,mp4,Complete recognizable subject with substantial or narratively useful mechanical motion.,C:\Users\Jeff\Documents\Codex\2026-08-18\in\w3d-animation-production\output\06529--nvgatttank-d--3334b54c\China - Armor - Gattling - NVGattTank_d.mp4,C:\Users\Jeff\Documents\Codex\2026-08-18\in\w3d-animation-production\output\06529--nvgatttank-d--3334b54c\China - Armor - Gattling - NVGattTank_d.mp4,True
5,04215--nvovrlrd--5f21e029,"ZH_Generals\W3D.big\Art\W3D\Boss Tank Overlord, China Tank Overlord, CINE China Tank Overlord, Nuke China Tank Overlord - NVOvrlrd.w3d",China,Armor,Overlord Tank,NVOvrlrd,gif,publish,gif,"Complete or intelligible subject with subtle, short, or continuously looping motion.",C:\Users\Jeff\Documents\Codex\2026-08-18\in\w3d-animation-production\output\04215--nvovrlrd--5f21e029\China - Armor - Overlord Tank - NVOvrlrd.gif,C:\Users\Jeff\Documents\Codex\2026-08-18\in\w3d-animation-production\output\04215--nvovrlrd--5f21e029\China - Armor - Overlord Tank - NVOvrlrd.gif,True
6,05795--nvcargopln--b0556824,"ZH_Generals\W3D.big\Art\W3D\China Jet Cargo Plane, Infa China Jet Cargo Plane, Nuke China Jet Cargo Plane, Tank China Jet Cargo Plane - NVCargoPln.w3d",China,Aviation,Cargo Plane,NVCargoPln,gif,publish,gif,"Complete or intelligible subject with subtle, short, or continuously looping motion.",C:\Users\Jeff\Documents\Codex\2026-08-18\in\w3d-animation-production\output\05795--nvcargopln--b0556824\China - Aviation - Cargo Plane - NVCargoPln.gif,C:\Users\Jeff\Documents\Codex\2026-08-18\in\w3d-animation-production\output\05795--nvcargopln--b0556824\China - Aviation - Cargo Plane - NVCargoPln.gif,True
7,06520--nvcargopln-d--a5bc62a2,ZH_Generals\W3D.big\Art\W3D\NVCargoPln_d.w3d,China,Aviation,Cargo Plane,NVCargoPln_d,gif,publish,gif,"Complete or intelligible subject with subtle, short, or continuously looping motion.",C:\Users\Jeff\Documents\Codex\2026-08-18\in\w3d-animation-production\output\06520--nvcargopln-d--a5bc62a2\China - Aviation - Cargo Plane - NVCargoPln_d.gif,C:\Users\Jeff\Documents\Codex\2026-08-18\in\w3d-animation-production\output\06520--nvcargopln-d--a5bc62a2\China - Aviation - Cargo Plane - NVCargoPln_d.gif,True
8,00289--nvhelix--20fa9ead,"W3DZH.big\Art\W3D\Boss Vehicle Helix, China Vehicle Helix, Infa China Vehicle Helix, Nuke China Vehicle Helix, Tank China Vehicle Helix - NVHelix.w3d",China,Aviation,Helix Helicopter,NVHelix,mp4,publish,mp4,Complete recognizable subject with substantial or narratively useful mechanical motion.,C:\Users\Jeff\Documents\Codex\2026-08-18\in\w3d-animation-production\output\00289--nvhelix--20fa9ead\China - Aviation - Helix Helicopter - NVHelix.mp4,C:\Users\Jeff\Documents\Codex\2026-08-18\in\w3d-animation-production\output\00289--nvhelix--20fa9ead\China - Aviation - Helix Helicopter - NVHelix.mp4,True
9,02834--nvhelixng--64f3478f,W3DZH.big\Art\W3D\NVHelixNG.w3d,China,Aviation,Helix NG,NVHelixNG,mp4,publish,mp4,Complete recognizable subject with substantial or narratively useful mechanical motion.,C:\Users\Jeff\Documents\Codex\2026-08-18\in\w3d-animation-production\output\02834--nvhelixng--64f3478f\China - Aviation - Helix NG - NVHelixNG.mp4,C:\Users\Jeff\Documents\Codex\2026-08-18\in\w3d-animation-production\output\02834--nvhelixng--64f3478f\China - Aviation - Helix NG - NVHelixNG.mp4,True
10,02678--nbconyardin--d9a0f898,W3DZH.big\Art\W3D\NBConYardIN.w3d,China,Base Building,Con Yard IN,NBConYardIN,gif,publish,gif,"Complete or intelligible subject with subtle, short, or continuously looping motion.",C:\Users\Jeff\Documents\Codex\2026-08-18\in\w3d-animation-production\output\02678--nbconyardin--d9a0f898\China - Base Building - Con Yard IN - NBConYardIN.gif,C:\Users\Jeff\Documents\Codex\2026-08-18\in\w3d-animation-production\output\02678--nbconyardin--d9a0f898\China - Base Building - Con Yard IN - NBConYardIN.gif,True
11,02690--nbconyardng--ba5a618a,W3DZH.big\Art\W3D\NBConYardNG.w3d,China,Base Building,Con Yard NG,NBConYardNG,gif,publish,gif,Complete or intelligible subject with useful mechanical motion or a legitimate subtle loop.,C:\Users\Jeff\Documents\Codex\2026-08-18\in\w3d-animation-production\output\02690--nbconyardng--ba5a618a\China - Base Building - Con Yard NG - NBConYardNG.gif,C:\Users\Jeff\Documents\Codex\2026-08-18\in\w3d-animation-production\output\02690--nbconyardng--ba5a618a\China - Base Building - Con Yard NG - NBConYardNG.gif,False
12,02758--nbintcnt-af--288438e0,W3DZH.big\Art\W3D\NBIntCnt_AF.w3d,China,Base Building,Internet Center,NBIntCnt_AF,gif,reject,,component only or contextless subassembly,C:\Users\Jeff\Documents\Codex\2026-08-18\in\w3d-animation-production\output\02758--nbintcnt-af--288438e0\China - Base Building - Internet Center - NBIntCnt_AF.gif,,False
13,06400--nbptower-a4sn--c84c6b7c,ZH_Generals\W3D.big\Art\W3D\NBPTower_A4SN.w3d,China,Base Building,Speaker Tower,NBPTower_A4SN,gif,reject,,incomplete construction state or placeholder material,C:\Users\Jeff\Documents\Codex\2026-08-18\in\w3d-animation-production\output\06400--nbptower-a4sn--c84c6b7c\China - Base Building - Speaker Tower - NBPTower_A4SN.gif,,False
14,02806--nbweapfactmk--bed2fc43,W3DZH.big\Art\W3D\NBWeapFactMK.w3d,China,Base Building,Weap Fact MK,NBWeapFactMK,gif,reject,,component only or contextless subassembly,C:\Users\Jeff\Documents\Codex\2026-08-18\in\w3d-animation-production\output\02806--nbweapfactmk--bed2fc43\China - Base Building - Weap Fact MK - NBWeapFactMK.gif,,False
15,04207--nbgattling--ad0f83cd,"ZH_Generals\W3D.big\Art\W3D\Boss Gattling Cannon, China Gattling Cannon, Infa China Gattling Cannon, Nuke China Gattling Cannon, Tank China Gattling Cannon - NBGattling.w3d",China,Base Defense,Gattling Cannon,NBGattling,mp4,publish,mp4,Complete recognizable subject with substantial or narratively useful mechanical motion.,C:\Users\Jeff\Documents\Codex\2026-08-18\in\w3d-animation-production\output\04207--nbgattling--ad0f83cd\China - Base Defense - Gattling Cannon - NBGattling.mp4,C:\Users\Jeff\Documents\Codex\2026-08-18\in\w3d-animation-production\output\04207--nbgattling--ad0f83cd\China - Base Defense - Gattling Cannon - NBGattling.mp4,True
16,02706--nbgattling-da1--edd0ca3a,W3DZH.big\Art\W3D\NBGattling_DA1.w3d,China,Base Defense,Gattling Cannon,NBGattling_DA1,mp4,publish,mp4,Complete recognizable subject with substantial or narratively useful mechanical motion.,C:\Users\Jeff\Documents\Codex\2026-08-18\in\w3d-animation-production\output\02706--nbgattling-da1--edd0ca3a\China - Base Defense - Gattling Cannon - NBGattling_DA1.mp4,C:\Users\Jeff\Documents\Codex\2026-08-18\in\w3d-animation-production\output\02706--nbgattling-da1--edd0ca3a\China - Base Defense - Gattling Cannon - NBGattling_DA1.mp4,True
17,02610--nbconyardi--c22ad099,W3DZH.big\Art\W3D\Infa China Command Center - NBConYardI.w3d,China,Base Infrastructure,Command Center,NBConYardI,gif,publish,gif,"Complete or intelligible subject with subtle, short, or continuously looping motion.",C:\Users\Jeff\Documents\Codex\2026-08-18\in\w3d-animation-production\output\02610--nbconyardi--c22ad099\China - Base Infrastructure - Command Center - NBConYardI.gif,C:\Users\Jeff\Documents\Codex\2026-08-18\in\w3d-animation-production\output\02610--nbconyardi--c22ad099\China - Base Infrastructure - Command Center - NBConYardI.gif,True
18,06427--nbpwrplant-a4sn--aebd057b,ZH_Generals\W3D.big\Art\W3D\NBPwrPlant_A4SN.w3d,China,Base Infrastructure,Power Plant,NBPwrPlant_A4SN,gif,reject,,incomplete construction state or placeholder material,C:\Users\Jeff\Documents\Codex\2026-08-18\in\w3d-animation-production\output\06427--nbpwrplant-a4sn--aebd057b\China - Base Infrastructure - Power Plant - NBPwrPlant_A4SN.gif,,False
19,06454--nbsupcent-a4sn--b67b733f,ZH_Generals\W3D.big\Art\W3D\NBSupCent_A4SN.w3d,China,Base Infrastructure,Supply Center,NBSupCent_A4SN,gif,reject,,incomplete construction state or placeholder material,C:\Users\Jeff\Documents\Codex\2026-08-18\in\w3d-animation-production\output\06454--nbsupcent-a4sn--b67b733f\China - Base Infrastructure - Supply Center - NBSupCent_A4SN.gif,,False
20,02851--nvnukecnng--b49ded59,W3DZH.big\Art\W3D\NVNukeCnNG.w3d,China,Ground Vehicles,Nuke Cn NG,NVNukeCnNG,mp4,publish,mp4,Complete recognizable subject with substantial or narratively useful mechanical motion.,C:\Users\Jeff\Documents\Codex\2026-08-18\in\w3d-animation-production\output\02851--nvnukecnng--b49ded59\China - Ground Vehicles - Nuke Cn NG - NVNukeCnNG.mp4,C:\Users\Jeff\Documents\Codex\2026-08-18\in\w3d-animation-production\output\02851--nvnukecnng--b49ded59\China - Ground Vehicles - Nuke Cn NG - NVNukeCnNG.mp4,True
21,05813--nvnukecn--8d2580e7,"ZH_Generals\W3D.big\Art\W3D\China Vehicle Nuke Launcher, CINE China Vehicle Nuke Launcher, Infa China Vehicle Nuke Launcher, Nuke China Vehicle Nuke Launcher - NVNukeCn.w3d",China,Ground Vehicles,Nuke Launcher,NVNukeCn,mp4,publish,mp4,Complete recognizable subject with substantial or narratively useful mechanical motion.,C:\Users\Jeff\Documents\Codex\2026-08-18\in\w3d-animation-production\output\05813--nvnukecn--8d2580e7\China - Ground Vehicles - Nuke Launcher - NVNukeCn.mp4,C:\Users\Jeff\Documents\Codex\2026-08-18\in\w3d-animation-production\output\05813--nvnukecn--8d2580e7\China - Ground Vehicles - Nuke Launcher - NVNukeCn.mp4,True
22,00286--nbairfield--f61c96aa,"W3DZH.big\Art\W3D\Boss Airfield, China Airfield, Infa China Airfield, Nuke China Airfield, Tank China Airfield - NBAirfield.w3d",China,Production Building,Airfield,NBAirfield,gif,publish,gif,"Complete or intelligible subject with subtle, short, or continuously looping motion.",C:\Users\Jeff\Documents\Codex\2026-08-18\in\w3d-animation-production\output\00286--nbairfield--f61c96aa\China - Production Building - Airfield - NBAirfield.gif,C:\Users\Jeff\Documents\Codex\2026-08-18\in\w3d-animation-production\output\00286--nbairfield--f61c96aa\China - Production Building - Airfield - NBAirfield.gif,True
23,06487--nbwarfact-a4sn--87238c85,ZH_Generals\W3D.big\Art\W3D\NBWarFact_A4SN.w3d,China,Production Building,War Factory,NBWarFact_A4SN,gif,reject,,incomplete construction state or placeholder material,C:\Users\Jeff\Documents\Codex\2026-08-18\in\w3d-animation-production\output\06487--nbwarfact-a4sn--87238c85\China - Production Building - War Factory - NBWarFact_A4SN.gif,,False
24,05798--nbpcenter--109eb432,"ZH_Generals\W3D.big\Art\W3D\China Propaganda Center, Infa China Propaganda Center, Nuke China Propaganda Center, Tank China Propaganda Center - NBPCenter.w3d",China,Technology Building,Propaganda Center,NBPCenter,gif,publish,gif,"Complete or intelligible subject with subtle, short, or continuously looping motion.",C:\Users\Jeff\Documents\Codex\2026-08-18\in\w3d-animation-production\output\05798--nbpcenter--109eb432\China - Technology Building - Propaganda Center - NBPCenter.gif,C:\Users\Jeff\Documents\Codex\2026-08-18\in\w3d-animation-production\output\05798--nbpcenter--109eb432\China - Technology Building - Propaganda Center - NBPCenter.gif,True
25,04902--cbngovbuil-g--a11b472d,ZH_Generals\W3D.big\Art\W3D\CBNGovBuil_G.w3d,Civilian,Civilian Building,Asia Government Building,CBNGovBuil_G,gif,publish,gif,Complete or intelligible subject with useful mechanical motion or a legitimate subtle loop.,C:\Users\Jeff\Documents\Codex\2026-08-18\in\w3d-animation-production\output\04902--cbngovbuil-g--a11b472d\Civilian - Civilian Building - Asia Government Building - CBNGovBuil_G.gif,C:\Users\Jeff\Documents\Codex\2026-08-18\in\w3d-animation-production\output\04902--cbngovbuil-g--a11b472d\Civilian - Civilian Building - Asia Government Building - CBNGovBuil_G.gif,False
26,05032--cbntbuil-g--8efe510e,ZH_Generals\W3D.big\Art\W3D\CBNTbuil_G.w3d,Civilian,Civilian Building,Asia Town Hall 01,CBNTbuil_G,gif,publish,gif,Complete or intelligible subject with useful mechanical motion or a legitimate subtle loop.,C:\Users\Jeff\Documents\Codex\2026-08-18\in\w3d-animation-production\output\05032--cbntbuil-g--8efe510e\Civilian - Civilian Building - Asia Town Hall 01 - CBNTbuil_G.gif,C:\Users\Jeff\Documents\Codex\2026-08-18\in\w3d-animation-production\output\05032--cbntbuil-g--8efe510e\Civilian - Civilian Building - Asia Town Hall 01 - CBNTbuil_G.gif,False
27,04780--cbnarcade-g--b5ebf106,ZH_Generals\W3D.big\Art\W3D\CBNArcade_G.w3d,Civilian,Civilian Building,Asian Arcade,CBNArcade_G,gif,publish,gif,Complete or intelligible subject with useful mechanical motion or a legitimate subtle loop.,C:\Users\Jeff\Documents\Codex\2026-08-18\in\w3d-animation-production\output\04780--cbnarcade-g--b5ebf106\Civilian - Civilian Building - Asian Arcade - CBNArcade_G.gif,C:\Users\Jeff\Documents\Codex\2026-08-18\in\w3d-animation-production\output\04780--cbnarcade-g--b5ebf106\Civilian - Civilian Building - Asian Arcade - CBNArcade_G.gif,False
28,04858--cbndealers-g--0b2b5f05,ZH_Generals\W3D.big\Art\W3D\CBNDealerS_G.w3d,Civilian,Civilian Building,Asian Dealership,CBNDealerS_G,gif,publish,gif,Complete or intelligible subject with useful mechanical motion or a legitimate subtle loop.,C:\Users\Jeff\Documents\Codex\2026-08-18\in\w3d-animation-production\output\04858--cbndealers-g--0b2b5f05\Civilian - Civilian Building - Asian Dealership - CBNDealerS_G.gif,C:\Users\Jeff\Documents\Codex\2026-08-18\in\w3d-animation-production\output\04858--cbndealers-g--0b2b5f05\Civilian - Civilian Building - Asian Dealership - CBNDealerS_G.gif,False
29,04936--cbniteclub-g--c8d5cfeb,ZH_Generals\W3D.big\Art\W3D\CBNiteClub_G.w3d,Civilian,Civilian Building,Asian Night Club,CBNiteClub_G,gif,publish,gif,Complete or intelligible subject with useful mechanical motion or a legitimate subtle loop.,C:\Users\Jeff\Documents\Codex\2026-08-18\in\w3d-animation-production\output\04936--cbniteclub-g--c8d5cfeb\Civilian - Civilian Building - Asian Night Club - CBNiteClub_G.gif,C:\Users\Jeff\Documents\Codex\2026-08-18\in\w3d-animation-production\output\04936--cbniteclub-g--c8d5cfeb\Civilian - Civilian Building - Asian Night Club - CBNiteClub_G.gif,False
30,04952--cbnoffice1-g--3e1eaced,ZH_Generals\W3D.big\Art\W3D\CBNOffice1_G.w3d,Civilian,Civilian Building,Asian Office 01,CBNOffice1_G,gif,publish,gif,Complete or intelligible subject with useful mechanical motion or a legitimate subtle loop.,C:\Users\Jeff\Documents\Codex\2026-08-18\in\w3d-animation-production\output\04952--cbnoffice1-g--3e1eaced\Civilian - Civilian Building - Asian Office 01 - CBNOffice1_G.gif,C:\Users\Jeff\Documents\Codex\2026-08-18\in\w3d-animation-production\output\04952--cbnoffice1-g--3e1eaced\Civilian - Civilian Building - Asian Office 01 - CBNOffice1_G.gif,False
31,04916--cbnhongk03-g--b6f54336,ZH_Generals\W3D.big\Art\W3D\CBNHongK03_G.w3d,Civilian,Civilian Building,Asian Office 02,CBNHongK03_G,gif,publish,gif,Complete or intelligible subject with useful mechanical motion or a legitimate subtle loop.,C:\Users\Jeff\Documents\Codex\2026-08-18\in\w3d-animation-production\output\04916--cbnhongk03-g--b6f54336\Civilian - Civilian Building - Asian Office 02 - CBNHongK03_G.gif,C:\Users\Jeff\Documents\Codex\2026-08-18\in\w3d-animation-production\output\04916--cbnhongk03-g--b6f54336\Civilian - Civilian Building - Asian Office 02 - CBNHongK03_G.gif,False
32,04906--cbnhongk01-g--caf4b956,ZH_Generals\W3D.big\Art\W3D\CBNHongK01_G.w3d,Civilian,Civilian Building,Asian Sky Scraper 01,CBNHongK01_G,gif,publish,gif,Complete or intelligible subject with useful mechanical motion or a legitimate subtle loop.,C:\Users\Jeff\Documents\Codex\2026-08-18\in\w3d-animation-production\output\04906--cbnhongk01-g--caf4b956\Civilian - Civilian Building - Asian Sky Scraper 01 - CBNHongK01_G.gif,C:\Users\Jeff\Documents\Codex\2026-08-18\in\w3d-animation-production\output\04906--cbnhongk01-g--caf4b956\Civilian - Civilian Building - Asian Sky Scraper 01 - CBNHongK01_G.gif,False
33,02339--cine-b303--d487a213,W3DZH.big\Art\W3D\CINE B 303 - CINE_B303.w3d,Civilian,Civilian Building,B 303,CINE_B303,gif,reject,,blank or effectively invisible,C:\Users\Jeff\Documents\Codex\2026-08-18\in\w3d-animation-production\output\02339--cine-b303--d487a213\Civilian - Civilian Building - B 303 - CINE_B303.gif,,False
34,00361--cbbarn--03168e65,W3DZH.big\Art\W3D\CBBARN.w3d,Civilian,Civilian Building,BARN,CBBARN,gif,reject,,no useful visible motion,C:\Users\Jeff\Documents\Codex\2026-08-18\in\w3d-animation-production\output\00361--cbbarn--03168e65\Civilian - Civilian Building - BARN - CBBARN.gif,,False
35,00353--cbbaikgrnd-g--77decee7,W3DZH.big\Art\W3D\CBBaikGrnd_g.w3d,Civilian,Civilian Building,Baikonur Ground Control Center,CBBaikGrnd_g,gif,publish,gif,"Complete or intelligible subject with subtle, short, or continuously looping motion.",C:\Users\Jeff\Documents\Codex\2026-08-18\in\w3d-animation-production\output\00353--cbbaikgrnd-g--77decee7\Civilian - Civilian Building - Baikonur Ground Control Center - CBBaikGrnd_g.gif,C:\Users\Jeff\Documents\Codex\2026-08-18\in\w3d-animation-production\output\00353--cbbaikgrnd-g--77decee7\Civilian - Civilian Building - Baikonur Ground Control Center - CBBaikGrnd_g.gif,True
36,04294--cbbaikhang-g--ecc9e5fd,ZH_Generals\W3D.big\Art\W3D\CBBaikHang_G.w3d,Civilian,Civilian Building,Baikonur Hanger,CBBaikHang_G,gif,reject,,no useful visible motion,C:\Users\Jeff\Documents\Codex\2026-08-18\in\w3d-animation-production\output\04294--cbbaikhang-g--ecc9e5fd\Civilian - Civilian Building - Baikonur Hanger - CBBaikHang_G.gif,,False
37,04802--cbnbarncoo-g--2b4769e2,ZH_Generals\W3D.big\Art\W3D\CBNBarnCoo_g.w3d,Civilian,Civilian Building,Barn Coop,CBNBarnCoo_g,gif,publish,gif,Complete or intelligible subject with useful mechanical motion or a legitimate subtle loop.,C:\Users\Jeff\Documents\Codex\2026-08-18\in\w3d-animation-production\output\04802--cbnbarncoo-g--2b4769e2\Civilian - Civilian Building - Barn Coop - CBNBarnCoo_g.gif,C:\Users\Jeff\Documents\Codex\2026-08-18\in\w3d-animation-production\output\04802--cbnbarncoo-g--2b4769e2\Civilian - Civilian Building - Barn Coop - CBNBarnCoo_g.gif,False
38,00413--cbbrnshed-dng--7eb813a6,W3DZH.big\Art\W3D\CBBrnShed_dng.w3d,Civilian,Civilian Building,Barn Shed,CBBrnShed_dng,gif,publish,gif,"Complete or intelligible subject with subtle, short, or continuously looping motion.",C:\Users\Jeff\Documents\Codex\2026-08-18\in\w3d-animation-production\output\00413--cbbrnshed-dng--7eb813a6\Civilian - Civilian Building - Barn Shed - CBBrnShed_dng.gif,C:\Users\Jeff\Documents\Codex\2026-08-18\in\w3d-animation-production\output\00413--cbbrnshed-dng--7eb813a6\Civilian - Civilian Building - Barn Shed - CBBrnShed_dng.gif,True
39,02340--cine-biak--f611baca,W3DZH.big\Art\W3D\CINE Biak - CINE_Biak.w3d,Civilian,Civilian Building,Biak,CINE_Biak,gif,reject,,blank or effectively invisible,C:\Users\Jeff\Documents\Codex\2026-08-18\in\w3d-animation-production\output\02340--cine-biak--f611baca\Civilian - Civilian Building - Biak - CINE_Biak.gif,,False
40,02343--cine-biak03--d7969537,W3DZH.big\Art\W3D\CINE Biak 03 - CINE_Biak03.w3d,Civilian,Civilian Building,Biak 03,CINE_Biak03,gif,reject,,component only or contextless subassembly,C:\Users\Jeff\Documents\Codex\2026-08-18\in\w3d-animation-production\output\02343--cine-biak03--d7969537\Civilian - Civilian Building - Biak 03 - CINE_Biak03.gif,,False
41,04825--cbnboatdoc-dg--5b33c260,ZH_Generals\W3D.big\Art\W3D\CBNBoatDoc_dg.w3d,Civilian,Civilian Building,Boat Docks 01,CBNBoatDoc_dg,gif,reject,,component only or contextless subassembly,C:\Users\Jeff\Documents\Codex\2026-08-18\in\w3d-animation-production\output\04825--cbnboatdoc-dg--5b33c260\Civilian - Civilian Building - Boat Docks 01 - CBNBoatDoc_dg.gif,,False
42,04808--cbnboatdo2-dg--65175b32,ZH_Generals\W3D.big\Art\W3D\CBNBoatDo2_dg.w3d,Civilian,Civilian Building,Boat Docks 02,CBNBoatDo2_dg,gif,reject,,component only or contextless subassembly,C:\Users\Jeff\Documents\Codex\2026-08-18\in\w3d-animation-production\output\04808--cbnboatdo2-dg--65175b32\Civilian - Civilian Building - Boat Docks 02 - CBNBoatDo2_dg.gif,,False
43,00427--cbbunker01-dsg--5a4cdd30,W3DZH.big\Art\W3D\CBBunker01_DSG.w3d,Civilian,Civilian Building,Bunker 01,CBBunker01_DSG,gif,publish,gif,"Complete or intelligible subject with subtle, short, or continuously looping motion.",C:\Users\Jeff\Documents\Codex\2026-08-18\in\w3d-animation-production\output\00427--cbbunker01-dsg--5a4cdd30\Civilian - Civilian Building - Bunker 01 - CBBunker01_DSG.gif,C:\Users\Jeff\Documents\Codex\2026-08-18\in\w3d-animation-production\output\00427--cbbunker01-dsg--5a4cdd30\Civilian - Civilian Building - Bunker 01 - CBBunker01_DSG.gif,True
44,00440--cbbypasboy--254c8b2d,W3DZH.big\Art\W3D\CBBypasBoy.w3d,Civilian,Civilian Building,Bypas Boy,CBBypasBoy,gif,publish,gif,Complete or intelligible subject with useful mechanical motion or a legitimate subtle loop.,C:\Users\Jeff\Documents\Codex\2026-08-18\in\w3d-animation-production\output\00440--cbbypasboy--254c8b2d\Civilian - Civilian Building - Bypas Boy - CBBypasBoy.gif,C:\Users\Jeff\Documents\Codex\2026-08-18\in\w3d-animation-production\output\00440--cbbypasboy--254c8b2d\Civilian - Civilian Building - Bypas Boy - CBBypasBoy.gif,False
45,02344--cine-cplane--7de4a88b,W3DZH.big\Art\W3D\CINE C Plane - CINE_CPlane.w3d,Civilian,Civilian Building,C Plane,CINE_CPlane,gif,publish,gif,Complete or intelligible subject with useful mechanical motion or a legitimate subtle loop.,C:\Users\Jeff\Documents\Codex\2026-08-18\in\w3d-animation-production\output\02344--cine-cplane--7de4a88b\Civilian - Civilian Building - C Plane - CINE_CPlane.gif,C:\Users\Jeff\Documents\Codex\2026-08-18\in\w3d-animation-production\output\02344--cine-cplane--7de4a88b\Civilian - Civilian Building - C Plane - CINE_CPlane.gif,False
46,02346--cine-cplane03--b2666422,W3DZH.big\Art\W3D\CINE C Plane 03 - CINE_CPlane03.w3d,Civilian,Civilian Building,C Plane 03,CINE_CPlane03,gif,publish,gif,Complete or intelligible subject with useful mechanical motion or a legitimate subtle loop.,C:\Users\Jeff\Documents\Codex\2026-08-18\in\w3d-animation-production\output\02346--cine-cplane03--b2666422\Civilian - Civilian Building - C Plane 03 - CINE_CPlane03.gif,C:\Users\Jeff\Documents\Codex\2026-08-18\in\w3d-animation-production\output\02346--cine-cplane03--b2666422\Civilian - Civilian Building - C Plane 03 - CINE_CPlane03.gif,False
47,00719--cbgerbl01-dg--a4e6f138,W3DZH.big\Art\W3D\CBGerbl01_DG.w3d,Civilian,Civilian Building,CB Gerbl 01,CBGerbl01_DG,gif,publish,gif,Complete or intelligible subject with useful mechanical motion or a legitimate subtle loop.,C:\Users\Jeff\Documents\Codex\2026-08-18\in\w3d-animation-production\output\00719--cbgerbl01-dg--a4e6f138\Civilian - Civilian Building - CB Gerbl 01 - CBGerbl01_DG.gif,C:\Users\Jeff\Documents\Codex\2026-08-18\in\w3d-animation-production\output\00719--cbgerbl01-dg--a4e6f138\Civilian - Civilian Building - CB Gerbl 01 - CBGerbl01_DG.gif,False
48,00726--cbgerbl02-g--1a72867d,W3DZH.big\Art\W3D\CBGerbl02_G.w3d,Civilian,Civilian Building,CB Gerbl 02,CBGerbl02_G,gif,publish,gif,Complete or intelligible subject with useful mechanical motion or a legitimate subtle loop.,C:\Users\Jeff\Documents\Codex\2026-08-18\in\w3d-animation-production\output\00726--cbgerbl02-g--1a72867d\Civilian - Civilian Building - CB Gerbl 02 - CBGerbl02_G.gif,C:\Users\Jeff\Documents\Codex\2026-08-18\in\w3d-animation-production\output\00726--cbgerbl02-g--1a72867d\Civilian - Civilian Building - CB Gerbl 02 - CBGerbl02_G.gif,False
49,00729--cbgerbl03-dg--a4b4216c,W3DZH.big\Art\W3D\CBGerbl03_DG.w3d,Civilian,Civilian Building,CB Gerbl 03,CBGerbl03_DG,gif,publish,gif,Complete or intelligible subject with useful mechanical motion or a legitimate subtle loop.,C:\Users\Jeff\Documents\Codex\2026-08-18\in\w3d-animation-production\output\00729--cbgerbl03-dg--a4b4216c\Civilian - Civilian Building - CB Gerbl 03 - CBGerbl03_DG.gif,C:\Users\Jeff\Documents\Codex\2026-08-18\in\w3d-animation-production\output\00729--cbgerbl03-dg--a4b4216c\Civilian - Civilian Building - CB Gerbl 03 - CBGerbl03_DG.gif,False
50,00734--cbgerbl04-dg--a0692671,W3DZH.big\Art\W3D\CBGerbl04_DG.w3d,Civilian,Civilian Building,CB Gerbl 04,CBGerbl04_DG,gif,publish,gif,Complete or intelligible subject with useful mechanical motion or a legitimate subtle loop.,C:\Users\Jeff\Documents\Codex\2026-08-18\in\w3d-animation-production\output\00734--cbgerbl04-dg--a0692671\Civilian - Civilian Building - CB Gerbl 04 - CBGerbl04_DG.gif,C:\Users\Jeff\Documents\Codex\2026-08-18\in\w3d-animation-production\output\00734--cbgerbl04-dg--a0692671\Civilian - Civilian Building - CB Gerbl 04 - CBGerbl04_DG.gif,False
51,00741--cbgerbl05-g--2c894b95,W3DZH.big\Art\W3D\CBGerbl05_G.w3d,Civilian,Civilian Building,CB Gerbl 05,CBGerbl05_G,gif,publish,gif,Complete or intelligible subject with useful mechanical motion or a legitimate subtle loop.,C:\Users\Jeff\Documents\Codex\2026-08-18\in\w3d-animation-production\output\00741--cbgerbl05-g--2c894b95\Civilian - Civilian Building - CB Gerbl 05 - CBGerbl05_G.gif,C:\Users\Jeff\Documents\Codex\2026-08-18\in\w3d-animation-production\output\00741--cbgerbl05-g--2c894b95\Civilian - Civilian Building - CB Gerbl 05 - CBGerbl05_G.gif,False
52,00746--cbgerbl06-g--4bfbc970,W3DZH.big\Art\W3D\CBGerbl06_G.w3d,Civilian,Civilian Building,CB Gerbl 06,CBGerbl06_G,gif,publish,gif,Complete or intelligible subject with useful mechanical motion or a legitimate subtle loop.,C:\Users\Jeff\Documents\Codex\2026-08-18\in\w3d-animation-production\output\00746--cbgerbl06-g--4bfbc970\Civilian - Civilian Building - CB Gerbl 06 - CBGerbl06_G.gif,C:\Users\Jeff\Documents\Codex\2026-08-18\in\w3d-animation-production\output\00746--cbgerbl06-g--4bfbc970\Civilian - Civilian Building - CB Gerbl 06 - CBGerbl06_G.gif,False
53,01548--cbnukea-g--1dc563c3,W3DZH.big\Art\W3D\CBNUKEA_G.w3d,Civilian,Civilian Building,CB Nuke A,CBNUKEA_G,gif,publish,gif,Complete or intelligible subject with useful mechanical motion or a legitimate subtle loop.,C:\Users\Jeff\Documents\Codex\2026-08-18\in\w3d-animation-production\output\01548--cbnukea-g--1dc563c3\Civilian - Civilian Building - CB Nuke A - CBNUKEA_G.gif,C:\Users\Jeff\Documents\Codex\2026-08-18\in\w3d-animation-production\output\01548--cbnukea-g--1dc563c3\Civilian - Civilian Building - CB Nuke A - CBNUKEA_G.gif,False
54,01562--cbnukec-g--b789c8a1,W3DZH.big\Art\W3D\CBNUKEC_G.w3d,Civilian,Civilian Building,CB Nuke C,CBNUKEC_G,gif,publish,gif,Complete or intelligible subject with useful mechanical motion or a legitimate subtle loop.,C:\Users\Jeff\Documents\Codex\2026-08-18\in\w3d-animation-production\output\01562--cbnukec-g--b789c8a1\Civilian - Civilian Building - CB Nuke C - CBNUKEC_G.gif,C:\Users\Jeff\Documents\Codex\2026-08-18\in\w3d-animation-production\output\01562--cbnukec-g--b789c8a1\Civilian - Civilian Building - CB Nuke C - CBNUKEC_G.gif,False
55,00477--cbchalet-dng--c49801ec,W3DZH.big\Art\W3D\CBChalet_dng.w3d,Civilian,Civilian Building,Chalet,CBChalet_dng,gif,publish,gif,"Complete or intelligible subject with subtle, short, or continuously looping motion.",C:\Users\Jeff\Documents\Codex\2026-08-18\in\w3d-animation-production\output\00477--cbchalet-dng--c49801ec\Civilian - Civilian Building - Chalet - CBChalet_dng.gif,C:\Users\Jeff\Documents\Codex\2026-08-18\in\w3d-animation-production\output\00477--cbchalet-dng--c49801ec\Civilian - Civilian Building - Chalet - CBChalet_dng.gif,True
56,00445--cbchalet2-dng--59a68e39,W3DZH.big\Art\W3D\CBChalet2_dng.w3d,Civilian,Civilian Building,Chalet 2,CBChalet2_dng,gif,publish,gif,"Complete or intelligible subject with subtle, short, or continuously looping motion.",C:\Users\Jeff\Documents\Codex\2026-08-18\in\w3d-animation-production\output\00445--cbchalet2-dng--59a68e39\Civilian - Civilian Building - Chalet 2 - CBChalet2_dng.gif,C:\Users\Jeff\Documents\Codex\2026-08-18\in\w3d-animation-production\output\00445--cbchalet2-dng--59a68e39\Civilian - Civilian Building - Chalet 2 - CBChalet2_dng.gif,True
57,00496--cbchembunk-g--cd0cab6f,W3DZH.big\Art\W3D\CBChemBunk_g.w3d,Civilian,Civilian Building,Chemical Bunker,CBChemBunk_g,gif,publish,gif,"Complete or intelligible subject with subtle, short, or continuously looping motion.",C:\Users\Jeff\Documents\Codex\2026-08-18\in\w3d-animation-production\output\00496--cbchembunk-g--cd0cab6f\Civilian - Civilian Building - Chemical Bunker - CBChemBunk_g.gif,C:\Users\Jeff\Documents\Codex\2026-08-18\in\w3d-animation-production\output\00496--cbchembunk-g--cd0cab6f\Civilian - Civilian Building - Chemical Bunker - CBChemBunk_g.gif,True
58,04425--cbfwfctry-g--d1b7760e,ZH_Generals\W3D.big\Art\W3D\CBFWFctry_g.w3d,Civilian,Civilian Building,Chineese Fireworks Factory,CBFWFctry_g,gif,publish,gif,Complete or intelligible subject with useful mechanical motion or a legitimate subtle loop.,C:\Users\Jeff\Documents\Codex\2026-08-18\in\w3d-animation-production\output\04425--cbfwfctry-g--d1b7760e\Civilian - Civilian Building - Chineese Fireworks Factory - CBFWFctry_g.gif,C:\Users\Jeff\Documents\Codex\2026-08-18\in\w3d-animation-production\output\04425--cbfwfctry-g--d1b7760e\Civilian - Civilian Building - Chineese Fireworks Factory - CBFWFctry_g.gif,False
59,00517--cbchrch01-dsng--db6891f3,W3DZH.big\Art\W3D\CBChrch01_DSNG.w3d,Civilian,Civilian Building,Chrch 01 DSNG,CBChrch01_DSNG,gif,publish,gif,"Complete or intelligible subject with subtle, short, or continuously looping motion.",C:\Users\Jeff\Documents\Codex\2026-08-18\in\w3d-animation-production\output\00517--cbchrch01-dsng--db6891f3\Civilian - Civilian Building - Chrch 01 DSNG - CBChrch01_DSNG.gif,C:\Users\Jeff\Documents\Codex\2026-08-18\in\w3d-animation-production\output\00517--cbchrch01-dsng--db6891f3\Civilian - Civilian Building - Chrch 01 DSNG - CBChrch01_DSNG.gif,True
60,04381--cbcnvstr01-g--b273acda,ZH_Generals\W3D.big\Art\W3D\CBCnvStr01_g.w3d,Civilian,Civilian Building,Convience Store,CBCnvStr01_g,gif,publish,gif,Complete or intelligible subject with useful mechanical motion or a legitimate subtle loop.,C:\Users\Jeff\Documents\Codex\2026-08-18\in\w3d-animation-production\output\04381--cbcnvstr01-g--b273acda\Civilian - Civilian Building - Convience Store - CBCnvStr01_g.gif,C:\Users\Jeff\Documents\Codex\2026-08-18\in\w3d-animation-production\output\04381--cbcnvstr01-g--b273acda\Civilian - Civilian Building - Convience Store - CBCnvStr01_g.gif,False
61,05080--cboldmslm-dg--1a3451a0,ZH_Generals\W3D.big\Art\W3D\CBOldmslm_dg.w3d,Civilian,Civilian Building,Crypt 01,CBOldmslm_dg,gif,publish,gif,Complete or intelligible subject with useful mechanical motion or a legitimate subtle loop.,C:\Users\Jeff\Documents\Codex\2026-08-18\in\w3d-animation-production\output\05080--cboldmslm-dg--1a3451a0\Civilian - Civilian Building - Crypt 01 - CBOldmslm_dg.gif,C:\Users\Jeff\Documents\Codex\2026-08-18\in\w3d-animation-production\output\05080--cboldmslm-dg--1a3451a0\Civilian - Civilian Building - Crypt 01 - CBOldmslm_dg.gif,False
62,04387--cbdam-e--fefb814b,ZH_Generals\W3D.big\Art\W3D\CBDam_E.w3d,Civilian,Civilian Building,Dam,CBDam_E,gif,reject,,component only or contextless subassembly,C:\Users\Jeff\Documents\Codex\2026-08-18\in\w3d-animation-production\output\04387--cbdam-e--fefb814b\Civilian - Civilian Building - Dam - CBDam_E.gif,,False
63,00569--cbdriveine-g--85be4b9d,W3DZH.big\Art\W3D\CBDriveInE_G.w3d,Civilian,Civilian Building,Drive In Entrance,CBDriveInE_G,gif,publish,gif,"Complete or intelligible subject with subtle, short, or continuously looping motion.",C:\Users\Jeff\Documents\Codex\2026-08-18\in\w3d-animation-production\output\00569--cbdriveine-g--85be4b9d\Civilian - Civilian Building - Drive In Entrance - CBDriveInE_G.gif,C:\Users\Jeff\Documents\Codex\2026-08-18\in\w3d-animation-production\output\00569--cbdriveine-g--85be4b9d\Civilian - Civilian Building - Drive In Entrance - CBDriveInE_G.gif,True
64,00577--cbdriveins-g--09f9b515,W3DZH.big\Art\W3D\CBDriveInS_G.w3d,Civilian,Civilian Building,Drive In Snacks,CBDriveInS_G,gif,publish,gif,"Complete or intelligible subject with subtle, short, or continuously looping motion.",C:\Users\Jeff\Documents\Codex\2026-08-18\in\w3d-animation-production\output\00577--cbdriveins-g--09f9b515\Civilian - Civilian Building - Drive In Snacks - CBDriveInS_G.gif,C:\Users\Jeff\Documents\Codex\2026-08-18\in\w3d-animation-production\output\00577--cbdriveins-g--09f9b515\Civilian - Civilian Building - Drive In Snacks - CBDriveInS_G.gif,True
65,00589--cbetvstat-ng--14b53d87,W3DZH.big\Art\W3D\CBETVStat_NG.w3d,Civilian,Civilian Building,English TV Statio,CBETVStat_NG,gif,publish,gif,"Complete or intelligible subject with subtle, short, or continuously looping motion.",C:\Users\Jeff\Documents\Codex\2026-08-18\in\w3d-animation-production\output\00589--cbetvstat-ng--14b53d87\Civilian - Civilian Building - English TV Statio - CBETVStat_NG.gif,C:\Users\Jeff\Documents\Codex\2026-08-18\in\w3d-animation-production\output\00589--cbetvstat-ng--14b53d87\Civilian - Civilian Building - English TV Statio - CBETVStat_NG.gif,True
66,00623--cbeurocnd-sg--2685efd8,W3DZH.big\Art\W3D\CBEuroCnd_sg.w3d,Civilian,Civilian Building,Euro Highrise,CBEuroCnd_sg,gif,publish,gif,Complete or intelligible subject with useful mechanical motion or a legitimate subtle loop.,C:\Users\Jeff\Documents\Codex\2026-08-18\in\w3d-animation-production\output\00623--cbeurocnd-sg--2685efd8\Civilian - Civilian Building - Euro Highrise - CBEuroCnd_sg.gif,C:\Users\Jeff\Documents\Codex\2026-08-18\in\w3d-animation-production\output\00623--cbeurocnd-sg--2685efd8\Civilian - Civilian Building - Euro Highrise - CBEuroCnd_sg.gif,False
67,00600--cbeurocnd2-dng--0286d0c9,W3DZH.big\Art\W3D\CBEuroCnd2_DNG.w3d,Civilian,Civilian Building,Euro Highrise 2,CBEuroCnd2_DNG,gif,publish,gif,"Complete or intelligible subject with subtle, short, or continuously looping motion.",C:\Users\Jeff\Documents\Codex\2026-08-18\in\w3d-animation-production\output\00600--cbeurocnd2-dng--0286d0c9\Civilian - Civilian Building - Euro Highrise 2 - CBEuroCnd2_DNG.gif,C:\Users\Jeff\Documents\Codex\2026-08-18\in\w3d-animation-production\output\00600--cbeurocnd2-dng--0286d0c9\Civilian - Civilian Building - Euro Highrise 2 - CBEuroCnd2_DNG.gif,True
68,00555--cbcthdrl-g--5f093084,W3DZH.big\Art\W3D\CBCthdrl_G.w3d,Civilian,Civilian Building,European Museum,CBCthdrl_G,gif,publish,gif,Complete or intelligible subject with useful mechanical motion or a legitimate subtle loop.,C:\Users\Jeff\Documents\Codex\2026-08-18\in\w3d-animation-production\output\00555--cbcthdrl-g--5f093084\Civilian - Civilian Building - European Museum - CBCthdrl_G.gif,C:\Users\Jeff\Documents\Codex\2026-08-18\in\w3d-animation-production\output\00555--cbcthdrl-g--5f093084\Civilian - Civilian Building - European Museum - CBCthdrl_G.gif,False
69,04417--cbeuropkg-g--fe26f28c,ZH_Generals\W3D.big\Art\W3D\CBEuroPkg_G.w3d,Civilian,Civilian Building,European Parking Garage,CBEuroPkg_G,gif,publish,gif,Complete or intelligible subject with useful mechanical motion or a legitimate subtle loop.,C:\Users\Jeff\Documents\Codex\2026-08-18\in\w3d-animation-production\output\04417--cbeuropkg-g--fe26f28c\Civilian - Civilian Building - European Parking Garage - CBEuroPkg_G.gif,C:\Users\Jeff\Documents\Codex\2026-08-18\in\w3d-animation-production\output\04417--cbeuropkg-g--fe26f28c\Civilian - Civilian Building - European Parking Garage - CBEuroPkg_G.gif,False
70,04880--cbnfcitysh-g--25502dd6,ZH_Generals\W3D.big\Art\W3D\CBNFCitySH_g.w3d,Civilian,Civilian Building,Forbidden City Gates,CBNFCitySH_g,gif,publish,gif,Complete or intelligible subject with useful mechanical motion or a legitimate subtle loop.,C:\Users\Jeff\Documents\Codex\2026-08-18\in\w3d-animation-production\output\04880--cbnfcitysh-g--25502dd6\Civilian - Civilian Building - Forbidden City Gates - CBNFCitySH_g.gif,C:\Users\Jeff\Documents\Codex\2026-08-18\in\w3d-animation-production\output\04880--cbnfcitysh-g--25502dd6\Civilian - Civilian Building - Forbidden City Gates - CBNFCitySH_g.gif,False
71,04875--cbnfcitych-g--40257269,ZH_Generals\W3D.big\Art\W3D\CBNFCityCH_g.w3d,Civilian,Civilian Building,Forbidden City Tower,CBNFCityCH_g,gif,publish,gif,Complete or intelligible subject with useful mechanical motion or a legitimate subtle loop.,C:\Users\Jeff\Documents\Codex\2026-08-18\in\w3d-animation-production\output\04875--cbnfcitych-g--40257269\Civilian - Civilian Building - Forbidden City Tower - CBNFCityCH_g.gif,C:\Users\Jeff\Documents\Codex\2026-08-18\in\w3d-animation-production\output\04875--cbnfcitych-g--40257269\Civilian - Civilian Building - Forbidden City Tower - CBNFCityCH_g.gif,False
72,06069--cmwalakml4--efb2d5d5,ZH_Generals\W3D.big\Art\W3D\Fortress Wall Building - CMWalAkml4.w3d,Civilian,Civilian Building,Fortress Wall Building,CMWalAkml4,gif,publish,gif,Complete or intelligible subject with useful mechanical motion or a legitimate subtle loop.,C:\Users\Jeff\Documents\Codex\2026-08-18\in\w3d-animation-production\output\06069--cmwalakml4--efb2d5d5\Civilian - Civilian Building - Fortress Wall Building - CMWalAkml4.gif,C:\Users\Jeff\Documents\Codex\2026-08-18\in\w3d-animation-production\output\06069--cmwalakml4--efb2d5d5\Civilian - Civilian Building - Fortress Wall Building - CMWalAkml4.gif,False
73,06070--cmwalakml5--5a5f7712,ZH_Generals\W3D.big\Art\W3D\Fortress Wall Corner - CMWalAkml5.w3d,Civilian,Civilian Building,Fortress Wall Corner,CMWalAkml5,gif,publish,gif,Complete or intelligible subject with useful mechanical motion or a legitimate subtle loop.,C:\Users\Jeff\Documents\Codex\2026-08-18\in\w3d-animation-production\output\06070--cmwalakml5--5a5f7712\Civilian - Civilian Building - Fortress Wall Corner - CMWalAkml5.gif,C:\Users\Jeff\Documents\Codex\2026-08-18\in\w3d-animation-production\output\06070--cmwalakml5--5a5f7712\Civilian - Civilian Building - Fortress Wall Corner - CMWalAkml5.gif,False
74,00689--cbgchrch01-dg--a4ecd5a3,W3DZH.big\Art\W3D\CBGChrch01_DG.w3d,Civilian,Civilian Building,G Chrch 01 DG,CBGChrch01_DG,gif,publish,gif,Complete or intelligible subject with useful mechanical motion or a legitimate subtle loop.,C:\Users\Jeff\Documents\Codex\2026-08-18\in\w3d-animation-production\output\00689--cbgchrch01-dg--a4ecd5a3\Civilian - Civilian Building - G Chrch 01 DG - CBGChrch01_DG.gif,C:\Users\Jeff\Documents\Codex\2026-08-18\in\w3d-animation-production\output\00689--cbgchrch01-dg--a4ecd5a3\Civilian - Civilian Building - G Chrch 01 DG - CBGChrch01_DG.gif,False
75,00691--cbgchrch01-dng--0dbd76fc,W3DZH.big\Art\W3D\CBGChrch01_DNG.w3d,Civilian,Civilian Building,G Chrch 01 DNG,CBGChrch01_DNG,gif,publish,gif,Complete or intelligible subject with useful mechanical motion or a legitimate subtle loop.,C:\Users\Jeff\Documents\Codex\2026-08-18\in\w3d-animation-production\output\00691--cbgchrch01-dng--0dbd76fc\Civilian - Civilian Building - G Chrch 01 DNG - CBGChrch01_DNG.gif,C:\Users\Jeff\Documents\Codex\2026-08-18\in\w3d-animation-production\output\00691--cbgchrch01-dng--0dbd76fc\Civilian - Civilian Building - G Chrch 01 DNG - CBGChrch01_DNG.gif,False
76,00693--cbgchrch01-dsg--c7d9516d,W3DZH.big\Art\W3D\CBGChrch01_DSG.w3d,Civilian,Civilian Building,G Chrch 01 DSG,CBGChrch01_DSG,gif,publish,gif,Complete or intelligible subject with useful mechanical motion or a legitimate subtle loop.,C:\Users\Jeff\Documents\Codex\2026-08-18\in\w3d-animation-production\output\00693--cbgchrch01-dsg--c7d9516d\Civilian - Civilian Building - G Chrch 01 DSG - CBGChrch01_DSG.gif,C:\Users\Jeff\Documents\Codex\2026-08-18\in\w3d-animation-production\output\00693--cbgchrch01-dsg--c7d9516d\Civilian - Civilian Building - G Chrch 01 DSG - CBGChrch01_DSG.gif,False
77,00695--cbgchrch01-dsng--3f73de31,W3DZH.big\Art\W3D\CBGChrch01_DSNG.w3d,Civilian,Civilian Building,G Chrch 01 DSNG,CBGChrch01_DSNG,gif,publish,gif,Complete or intelligible subject with useful mechanical motion or a legitimate subtle loop.,C:\Users\Jeff\Documents\Codex\2026-08-18\in\w3d-animation-production\output\00695--cbgchrch01-dsng--3f73de31\Civilian - Civilian Building - G Chrch 01 DSNG - CBGChrch01_DSNG.gif,C:\Users\Jeff\Documents\Codex\2026-08-18\in\w3d-animation-production\output\00695--cbgchrch01-dsng--3f73de31\Civilian - Civilian Building - G Chrch 01 DSNG - CBGChrch01_DSNG.gif,False
78,00700--cbgchrch01-g--747d2374,W3DZH.big\Art\W3D\CBGChrch01_G.w3d,Civilian,Civilian Building,G Chrch 01 G,CBGChrch01_G,gif,publish,gif,Complete or intelligible subject with useful mechanical motion or a legitimate subtle loop.,C:\Users\Jeff\Documents\Codex\2026-08-18\in\w3d-animation-production\output\00700--cbgchrch01-g--747d2374\Civilian - Civilian Building - G Chrch 01 G - CBGChrch01_G.gif,C:\Users\Jeff\Documents\Codex\2026-08-18\in\w3d-animation-production\output\00700--cbgchrch01-g--747d2374\Civilian - Civilian Building - G Chrch 01 G - CBGChrch01_G.gif,False
79,00702--cbgchrch01-ng--86d04f20,W3DZH.big\Art\W3D\CBGChrch01_NG.w3d,Civilian,Civilian Building,G Chrch 01 NG,CBGChrch01_NG,gif,publish,gif,Complete or intelligible subject with useful mechanical motion or a legitimate subtle loop.,C:\Users\Jeff\Documents\Codex\2026-08-18\in\w3d-animation-production\output\00702--cbgchrch01-ng--86d04f20\Civilian - Civilian Building - G Chrch 01 NG - CBGChrch01_NG.gif,C:\Users\Jeff\Documents\Codex\2026-08-18\in\w3d-animation-production\output\00702--cbgchrch01-ng--86d04f20\Civilian - Civilian Building - G Chrch 01 NG - CBGChrch01_NG.gif,False
80,00708--cbgchrch01-sg--da0ff206,W3DZH.big\Art\W3D\CBGChrch01_SG.w3d,Civilian,Civilian Building,G Chrch 01 SG,CBGChrch01_SG,gif,publish,gif,Complete or intelligible subject with useful mechanical motion or a legitimate subtle loop.,C:\Users\Jeff\Documents\Codex\2026-08-18\in\w3d-animation-production\output\00708--cbgchrch01-sg--da0ff206\Civilian - Civilian Building - G Chrch 01 SG - CBGChrch01_SG.gif,C:\Users\Jeff\Documents\Codex\2026-08-18\in\w3d-animation-production\output\00708--cbgchrch01-sg--da0ff206\Civilian - Civilian Building - G Chrch 01 SG - CBGChrch01_SG.gif,False
81,00710--cbgchrch01-sng--0ad0725e,W3DZH.big\Art\W3D\CBGChrch01_SNG.w3d,Civilian,Civilian Building,G Chrch 01 SNG,CBGChrch01_SNG,gif,publish,gif,Complete or intelligible subject with useful mechanical motion or a legitimate subtle loop.,C:\Users\Jeff\Documents\Codex\2026-08-18\in\w3d-animation-production\output\00710--cbgchrch01-sng--0ad0725e\Civilian - Civilian Building - G Chrch 01 SNG - CBGChrch01_SNG.gif,C:\Users\Jeff\Documents\Codex\2026-08-18\in\w3d-animation-production\output\00710--cbgchrch01-sng--0ad0725e\Civilian - Civilian Building - G Chrch 01 SNG - CBGChrch01_SNG.gif,False
82,00680--cbgassign--aeeb3fe2,W3DZH.big\Art\W3D\CBGasSign.w3d,Civilian,Civilian Building,Gas Sign,CBGasSign,gif,publish,gif,Complete or intelligible subject with useful mechanical motion or a legitimate subtle loop.,C:\Users\Jeff\Documents\Codex\2026-08-18\in\w3d-animation-production\output\00680--cbgassign--aeeb3fe2\Civilian - Civilian Building - Gas Sign - CBGasSign.gif,C:\Users\Jeff\Documents\Codex\2026-08-18\in\w3d-animation-production\output\00680--cbgassign--aeeb3fe2\Civilian - Civilian Building - Gas Sign - CBGasSign.gif,False
83,04430--cbgasfacl-g--c1612ae8,ZH_Generals\W3D.big\Art\W3D\CBgasfacl_G.w3d,Civilian,Civilian Building,Gas Storage Facility,CBgasfacl_G,gif,publish,gif,Complete or intelligible subject with useful mechanical motion or a legitimate subtle loop.,C:\Users\Jeff\Documents\Codex\2026-08-18\in\w3d-animation-production\output\04430--cbgasfacl-g--c1612ae8\Civilian - Civilian Building - Gas Storage Facility - CBgasfacl_G.gif,C:\Users\Jeff\Documents\Codex\2026-08-18\in\w3d-animation-production\output\04430--cbgasfacl-g--c1612ae8\Civilian - Civilian Building - Gas Storage Facility - CBgasfacl_G.gif,False
84,02399--cmcastle-g--c6104753,W3DZH.big\Art\W3D\CMCastle_G.w3d,Civilian,Civilian Building,German Castle,CMCastle_G,gif,publish,gif,Complete or intelligible subject with useful mechanical motion or a legitimate subtle loop.,C:\Users\Jeff\Documents\Codex\2026-08-18\in\w3d-animation-production\output\02399--cmcastle-g--c6104753\Civilian - Civilian Building - German Castle - CMCastle_G.gif,C:\Users\Jeff\Documents\Codex\2026-08-18\in\w3d-animation-production\output\02399--cmcastle-g--c6104753\Civilian - Civilian Building - German Castle - CMCastle_G.gif,False
85,04450--cbgctage01-dg--66128a41,ZH_Generals\W3D.big\Art\W3D\CBGCtage01_DG.w3d,Civilian,Civilian Building,German Cotage 01,CBGCtage01_DG,gif,publish,gif,Complete or intelligible subject with useful mechanical motion or a legitimate subtle loop.,C:\Users\Jeff\Documents\Codex\2026-08-18\in\w3d-animation-production\output\04450--cbgctage01-dg--66128a41\Civilian - Civilian Building - German Cotage 01 - CBGCtage01_DG.gif,C:\Users\Jeff\Documents\Codex\2026-08-18\in\w3d-animation-production\output\04450--cbgctage01-dg--66128a41\Civilian - Civilian Building - German Cotage 01 - CBGCtage01_DG.gif,False
86,00749--cbgermus-dg--27f5006b,W3DZH.big\Art\W3D\CBGermus_DG.w3d,Civilian,Civilian Building,German Museum,CBGermus_DG,gif,publish,gif,Complete or intelligible subject with useful mechanical motion or a legitimate subtle loop.,C:\Users\Jeff\Documents\Codex\2026-08-18\in\w3d-animation-production\output\00749--cbgermus-dg--27f5006b\Civilian - Civilian Building - German Museum - CBGermus_DG.gif,C:\Users\Jeff\Documents\Codex\2026-08-18\in\w3d-animation-production\output\00749--cbgermus-dg--27f5006b\Civilian - Civilian Building - German Museum - CBGermus_DG.gif,False
87,04467--cbgpub02-dg--a9a444dc,ZH_Generals\W3D.big\Art\W3D\CBGPub02_DG.w3d,Civilian,Civilian Building,German Pub 02,CBGPub02_DG,gif,publish,gif,Complete or intelligible subject with useful mechanical motion or a legitimate subtle loop.,C:\Users\Jeff\Documents\Codex\2026-08-18\in\w3d-animation-production\output\04467--cbgpub02-dg--a9a444dc\Civilian - Civilian Building - German Pub 02 - CBGPub02_DG.gif,C:\Users\Jeff\Documents\Codex\2026-08-18\in\w3d-animation-production\output\04467--cbgpub02-dg--a9a444dc\Civilian - Civilian Building - German Pub 02 - CBGPub02_DG.gif,False
88,00519--cbchurch01-dng--74cee7b6,W3DZH.big\Art\W3D\CBChurch01_DNG.w3d,Civilian,Civilian Building,German Town Hall,CBChurch01_DNG,gif,publish,gif,"Complete or intelligible subject with subtle, short, or continuously looping motion.",C:\Users\Jeff\Documents\Codex\2026-08-18\in\w3d-animation-production\output\00519--cbchurch01-dng--74cee7b6\Civilian - Civilian Building - German Town Hall - CBChurch01_DNG.gif,C:\Users\Jeff\Documents\Codex\2026-08-18\in\w3d-animation-production\output\00519--cbchurch01-dng--74cee7b6\Civilian - Civilian Building - German Town Hall - CBChurch01_DNG.gif,True
89,04549--cbgwmill1-g--caddf6c4,ZH_Generals\W3D.big\Art\W3D\CBGWMill1_G.w3d,Civilian,Civilian Building,German Wind Mill 01,CBGWMill1_G,gif,publish,gif,Complete or intelligible subject with useful mechanical motion or a legitimate subtle loop.,C:\Users\Jeff\Documents\Codex\2026-08-18\in\w3d-animation-production\output\04549--cbgwmill1-g--caddf6c4\Civilian - Civilian Building - German Wind Mill 01 - CBGWMill1_G.gif,C:\Users\Jeff\Documents\Codex\2026-08-18\in\w3d-animation-production\output\04549--cbgwmill1-g--caddf6c4\Civilian - Civilian Building - German Wind Mill 01 - CBGWMill1_G.gif,False
90,04485--cbgrashut1-g--7549a6da,ZH_Generals\W3D.big\Art\W3D\CBGrasHut1_G.w3d,Civilian,Civilian Building,Grass Hut 01,CBGrasHut1_G,gif,publish,gif,Complete or intelligible subject with useful mechanical motion or a legitimate subtle loop.,C:\Users\Jeff\Documents\Codex\2026-08-18\in\w3d-animation-production\output\04485--cbgrashut1-g--7549a6da\Civilian - Civilian Building - Grass Hut 01 - CBGrasHut1_G.gif,C:\Users\Jeff\Documents\Codex\2026-08-18\in\w3d-animation-production\output\04485--cbgrashut1-g--7549a6da\Civilian - Civilian Building - Grass Hut 01 - CBGrasHut1_G.gif,False
91,04493--cbgrashut2-dng--4fddf643,ZH_Generals\W3D.big\Art\W3D\CBGrasHut2_dng.w3d,Civilian,Civilian Building,Grass Hut 02,CBGrasHut2_dng,gif,publish,gif,Complete or intelligible subject with useful mechanical motion or a legitimate subtle loop.,C:\Users\Jeff\Documents\Codex\2026-08-18\in\w3d-animation-production\output\04493--cbgrashut2-dng--4fddf643\Civilian - Civilian Building - Grass Hut 02 - CBGrasHut2_dng.gif,C:\Users\Jeff\Documents\Codex\2026-08-18\in\w3d-animation-production\output\04493--cbgrashut2-dng--4fddf643\Civilian - Civilian Building - Grass Hut 02 - CBGrasHut2_dng.gif,False
92,04504--cbgrashut3-dng--ee8c34fc,ZH_Generals\W3D.big\Art\W3D\CBGrasHut3_DNG.w3d,Civilian,Civilian Building,Grass Hut 03,CBGrasHut3_DNG,gif,publish,gif,Complete or intelligible subject with useful mechanical motion or a legitimate subtle loop.,C:\Users\Jeff\Documents\Codex\2026-08-18\in\w3d-animation-production\output\04504--cbgrashut3-dng--ee8c34fc\Civilian - Civilian Building - Grass Hut 03 - CBGrasHut3_DNG.gif,C:\Users\Jeff\Documents\Codex\2026-08-18\in\w3d-animation-production\output\04504--cbgrashut3-dng--ee8c34fc\Civilian - Civilian Building - Grass Hut 03 - CBGrasHut3_DNG.gif,False
93,04520--cbgrashut4-ng--a10f6fba,ZH_Generals\W3D.big\Art\W3D\CBGrasHut4_NG.w3d,Civilian,Civilian Building,Grass Hut 04,CBGrasHut4_NG,gif,publish,gif,Complete or intelligible subject with useful mechanical motion or a legitimate subtle loop.,C:\Users\Jeff\Documents\Codex\2026-08-18\in\w3d-animation-production\output\04520--cbgrashut4-ng--a10f6fba\Civilian - Civilian Building - Grass Hut 04 - CBGrasHut4_NG.gif,C:\Users\Jeff\Documents\Codex\2026-08-18\in\w3d-animation-production\output\04520--cbgrashut4-ng--a10f6fba\Civilian - Civilian Building - Grass Hut 04 - CBGrasHut4_NG.gif,False
94,02589--cmwalchna4--caf7d028,W3DZH.big\Art\W3D\Great Wall Building - CMWalChna4.w3d,Civilian,Civilian Building,Great Wall Building,CMWalChna4,gif,publish,gif,Complete or intelligible subject with useful mechanical motion or a legitimate subtle loop.,C:\Users\Jeff\Documents\Codex\2026-08-18\in\w3d-animation-production\output\02589--cmwalchna4--caf7d028\Civilian - Civilian Building - Great Wall Building - CMWalChna4.gif,C:\Users\Jeff\Documents\Codex\2026-08-18\in\w3d-animation-production\output\02589--cmwalchna4--caf7d028\Civilian - Civilian Building - Great Wall Building - CMWalChna4.gif,False
95,02590--cmwalchna5--87e7c56a,W3DZH.big\Art\W3D\Great Wall Corner - CMWalChna5.w3d,Civilian,Civilian Building,Great Wall Corner,CMWalChna5,gif,publish,gif,Complete or intelligible subject with useful mechanical motion or a legitimate subtle loop.,C:\Users\Jeff\Documents\Codex\2026-08-18\in\w3d-animation-production\output\02590--cmwalchna5--87e7c56a\Civilian - Civilian Building - Great Wall Corner - CMWalChna5.gif,C:\Users\Jeff\Documents\Codex\2026-08-18\in\w3d-animation-production\output\02590--cmwalchna5--87e7c56a\Civilian - Civilian Building - Great Wall Corner - CMWalChna5.gif,False
96,05538--cbtower2-dg--ba0689f8,ZH_Generals\W3D.big\Art\W3D\CBTower2_DG.w3d,Civilian,Civilian Building,Guard Tower,CBTower2_DG,gif,publish,gif,Complete or intelligible subject with useful mechanical motion or a legitimate subtle loop.,C:\Users\Jeff\Documents\Codex\2026-08-18\in\w3d-animation-production\output\05538--cbtower2-dg--ba0689f8\Civilian - Civilian Building - Guard Tower - CBTower2_DG.gif,C:\Users\Jeff\Documents\Codex\2026-08-18\in\w3d-animation-production\output\05538--cbtower2-dg--ba0689f8\Civilian - Civilian Building - Guard Tower - CBTower2_DG.gif,False
97,05731--cbvhanger1-dg--b4108d86,ZH_Generals\W3D.big\Art\W3D\CBVHanger1_DG.w3d,Civilian,Civilian Building,Hanger 01,CBVHanger1_DG,gif,publish,gif,Complete or intelligible subject with useful mechanical motion or a legitimate subtle loop.,C:\Users\Jeff\Documents\Codex\2026-08-18\in\w3d-animation-production\output\05731--cbvhanger1-dg--b4108d86\Civilian - Civilian Building - Hanger 01 - CBVHanger1_DG.gif,C:\Users\Jeff\Documents\Codex\2026-08-18\in\w3d-animation-production\output\05731--cbvhanger1-dg--b4108d86\Civilian - Civilian Building - Hanger 01 - CBVHanger1_DG.gif,False
98,04573--cbhigh01-g--4d9fadb2,ZH_Generals\W3D.big\Art\W3D\CBHigh01_G.w3d,Civilian,Civilian Building,Highrise 01,CBHigh01_G,gif,publish,gif,Complete or intelligible subject with useful mechanical motion or a legitimate subtle loop.,C:\Users\Jeff\Documents\Codex\2026-08-18\in\w3d-animation-production\output\04573--cbhigh01-g--4d9fadb2\Civilian - Civilian Building - Highrise 01 - CBHigh01_G.gif,C:\Users\Jeff\Documents\Codex\2026-08-18\in\w3d-animation-production\output\04573--cbhigh01-g--4d9fadb2\Civilian - Civilian Building - Highrise 01 - CBHigh01_G.gif,False
99,04584--cbhigh02-g--442d5b80,ZH_Generals\W3D.big\Art\W3D\CBHigh02_G.w3d,Civilian,Civilian Building,Highrise 02,CBHigh02_G,gif,publish,gif,Complete or intelligible subject with useful mechanical motion or a legitimate subtle loop.,C:\Users\Jeff\Documents\Codex\2026-08-18\in\w3d-animation-production\output\04584--cbhigh02-g--442d5b80\Civilian - Civilian Building - Highrise 02 - CBHigh02_G.gif,C:\Users\Jeff\Documents\Codex\2026-08-18\in\w3d-animation-production\output\04584--cbhigh02-g--442d5b80\Civilian - Civilian Building - Highrise 02 - CBHigh02_G.gif,False
100,04593--cbindwhs01-g--2f1686ad,ZH_Generals\W3D.big\Art\W3D\CBIndWhs01_G.w3d,Civilian,Civilian Building,Industrial Building 01,CBIndWhs01_G,gif,publish,gif,Complete or intelligible subject with useful mechanical motion or a legitimate subtle loop.,C:\Users\Jeff\Documents\Codex\2026-08-18\in\w3d-animation-production\output\04593--cbindwhs01-g--2f1686ad\Civilian - Civilian Building - Industrial Building 01 - CBIndWhs01_G.gif,C:\Users\Jeff\Documents\Codex\2026-08-18\in\w3d-animation-production\output\04593--cbindwhs01-g--2f1686ad\Civilian - Civilian Building - Industrial Building 01 - CBIndWhs01_G.gif,False
101,04602--cbindwhs02-g--5c79258e,ZH_Generals\W3D.big\Art\W3D\CBIndWhs02_g.w3d,Civilian,Civilian Building,Industrial Building 02,CBIndWhs02_g,gif,publish,gif,Complete or intelligible subject with useful mechanical motion or a legitimate subtle loop.,C:\Users\Jeff\Documents\Codex\2026-08-18\in\w3d-animation-production\output\04602--cbindwhs02-g--5c79258e\Civilian - Civilian Building - Industrial Building 02 - CBIndWhs02_g.gif,C:\Users\Jeff\Documents\Codex\2026-08-18\in\w3d-animation-production\output\04602--cbindwhs02-g--5c79258e\Civilian - Civilian Building - Industrial Building 02 - CBIndWhs02_g.gif,False
102,05247--cbtdome-g--57551ed1,ZH_Generals\W3D.big\Art\W3D\CBTDome_G.w3d,Civilian,Civilian Building,Mogadishu Dome,CBTDome_G,gif,publish,gif,Complete or intelligible subject with useful mechanical motion or a legitimate subtle loop.,C:\Users\Jeff\Documents\Codex\2026-08-18\in\w3d-animation-production\output\05247--cbtdome-g--57551ed1\Civilian - Civilian Building - Mogadishu Dome - CBTDome_G.gif,C:\Users\Jeff\Documents\Codex\2026-08-18\in\w3d-animation-production\output\05247--cbtdome-g--57551ed1\Civilian - Civilian Building - Mogadishu Dome - CBTDome_G.gif,False
103,01005--cbmogdis02-dsng--8335cdbc,W3DZH.big\Art\W3D\CBMogdis02_DSNG.w3d,Civilian,Civilian Building,Mogadishu Garage,CBMogdis02_DSNG,gif,publish,gif,Complete or intelligible subject with useful mechanical motion or a legitimate subtle loop.,C:\Users\Jeff\Documents\Codex\2026-08-18\in\w3d-animation-production\output\01005--cbmogdis02-dsng--8335cdbc\Civilian - Civilian Building - Mogadishu Garage - CBMogdis02_DSNG.gif,C:\Users\Jeff\Documents\Codex\2026-08-18\in\w3d-animation-production\output\01005--cbmogdis02-dsng--8335cdbc\Civilian - Civilian Building - Mogadishu Garage - CBMogdis02_DSNG.gif,False
104,04681--cbmogdis05-dg--e4ccc0a7,ZH_Generals\W3D.big\Art\W3D\CBMogdis05_dg.w3d,Civilian,Civilian Building,Mogadishu Garage 02,CBMogdis05_dg,gif,publish,gif,Complete or intelligible subject with useful mechanical motion or a legitimate subtle loop.,C:\Users\Jeff\Documents\Codex\2026-08-18\in\w3d-animation-production\output\04681--cbmogdis05-dg--e4ccc0a7\Civilian - Civilian Building - Mogadishu Garage 02 - CBMogdis05_dg.gif,C:\Users\Jeff\Documents\Codex\2026-08-18\in\w3d-animation-production\output\04681--cbmogdis05-dg--e4ccc0a7\Civilian - Civilian Building - Mogadishu Garage 02 - CBMogdis05_dg.gif,False
105,04630--cbmogdis01-g--092b4ae8,ZH_Generals\W3D.big\Art\W3D\CBMogdis01_G.w3d,Civilian,Civilian Building,Mogadishu Highrise 01,CBMogdis01_G,gif,publish,gif,Complete or intelligible subject with useful mechanical motion or a legitimate subtle loop.,C:\Users\Jeff\Documents\Codex\2026-08-18\in\w3d-animation-production\output\04630--cbmogdis01-g--092b4ae8\Civilian - Civilian Building - Mogadishu Highrise 01 - CBMogdis01_G.gif,C:\Users\Jeff\Documents\Codex\2026-08-18\in\w3d-animation-production\output\04630--cbmogdis01-g--092b4ae8\Civilian - Civilian Building - Mogadishu Highrise 01 - CBMogdis01_G.gif,False
106,04692--cbmogdis06-dg--2794b38c,ZH_Generals\W3D.big\Art\W3D\CBMogdis06_dg.w3d,Civilian,Civilian Building,Mogadishu Highrise 02,CBMogdis06_dg,gif,publish,gif,Complete or intelligible subject with useful mechanical motion or a legitimate subtle loop.,C:\Users\Jeff\Documents\Codex\2026-08-18\in\w3d-animation-production\output\04692--cbmogdis06-dg--2794b38c\Civilian - Civilian Building - Mogadishu Highrise 02 - CBMogdis06_dg.gif,C:\Users\Jeff\Documents\Codex\2026-08-18\in\w3d-animation-production\output\04692--cbmogdis06-dg--2794b38c\Civilian - Civilian Building - Mogadishu Highrise 02 - CBMogdis06_dg.gif,False
107,04709--cbmogdis07-dg--5a24fde5,ZH_Generals\W3D.big\Art\W3D\CBMogdis07_DG.w3d,Civilian,Civilian Building,Mogadishu Highrise 03,CBMogdis07_DG,gif,publish,gif,Complete or intelligible subject with useful mechanical motion or a legitimate subtle loop.,C:\Users\Jeff\Documents\Codex\2026-08-18\in\w3d-animation-production\output\04709--cbmogdis07-dg--5a24fde5\Civilian - Civilian Building - Mogadishu Highrise 03 - CBMogdis07_DG.gif,C:\Users\Jeff\Documents\Codex\2026-08-18\in\w3d-animation-production\output\04709--cbmogdis07-dg--5a24fde5\Civilian - Civilian Building - Mogadishu Highrise 03 - CBMogdis07_DG.gif,False
108,05524--cbtower04-g--9768c8eb,ZH_Generals\W3D.big\Art\W3D\CBTower04_G.w3d,Civilian,Civilian Building,Mogadishu Tower 04,CBTower04_G,gif,publish,gif,Complete or intelligible subject with useful mechanical motion or a legitimate subtle loop.,C:\Users\Jeff\Documents\Codex\2026-08-18\in\w3d-animation-production\output\05524--cbtower04-g--9768c8eb\Civilian - Civilian Building - Mogadishu Tower 04 - CBTower04_G.gif,C:\Users\Jeff\Documents\Codex\2026-08-18\in\w3d-animation-production\output\05524--cbtower04-g--9768c8eb\Civilian - Civilian Building - Mogadishu Tower 04 - CBTower04_G.gif,False
109,05533--cbtower05-g--5e0a170f,ZH_Generals\W3D.big\Art\W3D\CBTower05_G.w3d,Civilian,Civilian Building,Mogadishu Tower 05,CBTower05_G,gif,publish,gif,Complete or intelligible subject with useful mechanical motion or a legitimate subtle loop.,C:\Users\Jeff\Documents\Codex\2026-08-18\in\w3d-animation-production\output\05533--cbtower05-g--5e0a170f\Civilian - Civilian Building - Mogadishu Tower 05 - CBTower05_G.gif,C:\Users\Jeff\Documents\Codex\2026-08-18\in\w3d-animation-production\output\05533--cbtower05-g--5e0a170f\Civilian - Civilian Building - Mogadishu Tower 05 - CBTower05_G.gif,False
110,01072--cbmonoffce--8110aa40,W3DZH.big\Art\W3D\CBMonOffce.w3d,Civilian,Civilian Building,Mon Offce,CBMonOffce,gif,publish,gif,Complete or intelligible subject with useful mechanical motion or a legitimate subtle loop.,C:\Users\Jeff\Documents\Codex\2026-08-18\in\w3d-animation-production\output\01072--cbmonoffce--8110aa40\Civilian - Civilian Building - Mon Offce - CBMonOffce.gif,C:\Users\Jeff\Documents\Codex\2026-08-18\in\w3d-animation-production\output\01072--cbmonoffce--8110aa40\Civilian - Civilian Building - Mon Offce - CBMonOffce.gif,False
111,01329--cbnoffice-dg--69c02cad,W3DZH.big\Art\W3D\CBNOffice_dg.w3d,Civilian,Civilian Building,N Office dg,CBNOffice_dg,gif,publish,gif,Complete or intelligible subject with useful mechanical motion or a legitimate subtle loop.,C:\Users\Jeff\Documents\Codex\2026-08-18\in\w3d-animation-production\output\01329--cbnoffice-dg--69c02cad\Civilian - Civilian Building - N Office dg - CBNOffice_dg.gif,C:\Users\Jeff\Documents\Codex\2026-08-18\in\w3d-animation-production\output\01329--cbnoffice-dg--69c02cad\Civilian - Civilian Building - N Office dg - CBNOffice_dg.gif,False
112,01457--cbntemple-dg--8e702a6c,W3DZH.big\Art\W3D\CBNTemple_dg.w3d,Civilian,Civilian Building,N Temple dg,CBNTemple_dg,gif,publish,gif,Complete or intelligible subject with useful mechanical motion or a legitimate subtle loop.,C:\Users\Jeff\Documents\Codex\2026-08-18\in\w3d-animation-production\output\01457--cbntemple-dg--8e702a6c\Civilian - Civilian Building - N Temple dg - CBNTemple_dg.gif,C:\Users\Jeff\Documents\Codex\2026-08-18\in\w3d-animation-production\output\01457--cbntemple-dg--8e702a6c\Civilian - Civilian Building - N Temple dg - CBNTemple_dg.gif,False
113,01459--cbntemple-dng--af6b4b93,W3DZH.big\Art\W3D\CBNTemple_dng.w3d,Civilian,Civilian Building,N Temple dng,CBNTemple_dng,gif,publish,gif,Complete or intelligible subject with useful mechanical motion or a legitimate subtle loop.,C:\Users\Jeff\Documents\Codex\2026-08-18\in\w3d-animation-production\output\01459--cbntemple-dng--af6b4b93\Civilian - Civilian Building - N Temple dng - CBNTemple_dng.gif,C:\Users\Jeff\Documents\Codex\2026-08-18\in\w3d-animation-production\output\01459--cbntemple-dng--af6b4b93\Civilian - Civilian Building - N Temple dng - CBNTemple_dng.gif,False
114,01461--cbntemple-dsg--2ad27a46,W3DZH.big\Art\W3D\CBNTemple_dsg.w3d,Civilian,Civilian Building,N Temple dsg,CBNTemple_dsg,gif,publish,gif,Complete or intelligible subject with useful mechanical motion or a legitimate subtle loop.,C:\Users\Jeff\Documents\Codex\2026-08-18\in\w3d-animation-production\output\01461--cbntemple-dsg--2ad27a46\Civilian - Civilian Building - N Temple dsg - CBNTemple_dsg.gif,C:\Users\Jeff\Documents\Codex\2026-08-18\in\w3d-animation-production\output\01461--cbntemple-dsg--2ad27a46\Civilian - Civilian Building - N Temple dsg - CBNTemple_dsg.gif,False
115,01463--cbntemple-dsng--ea2a9e8a,W3DZH.big\Art\W3D\CBNTemple_dsng.w3d,Civilian,Civilian Building,N Temple dsng,CBNTemple_dsng,gif,publish,gif,Complete or intelligible subject with useful mechanical motion or a legitimate subtle loop.,C:\Users\Jeff\Documents\Codex\2026-08-18\in\w3d-animation-production\output\01463--cbntemple-dsng--ea2a9e8a\Civilian - Civilian Building - N Temple dsng - CBNTemple_dsng.gif,C:\Users\Jeff\Documents\Codex\2026-08-18\in\w3d-animation-production\output\01463--cbntemple-dsng--ea2a9e8a\Civilian - Civilian Building - N Temple dsng - CBNTemple_dsng.gif,False
116,01468--cbntemple-g--7447e8b0,W3DZH.big\Art\W3D\CBNTemple_g.w3d,Civilian,Civilian Building,N Temple g,CBNTemple_g,gif,publish,gif,Complete or intelligible subject with useful mechanical motion or a legitimate subtle loop.,C:\Users\Jeff\Documents\Codex\2026-08-18\in\w3d-animation-production\output\01468--cbntemple-g--7447e8b0\Civilian - Civilian Building - N Temple g - CBNTemple_g.gif,C:\Users\Jeff\Documents\Codex\2026-08-18\in\w3d-animation-production\output\01468--cbntemple-g--7447e8b0\Civilian - Civilian Building - N Temple g - CBNTemple_g.gif,False
117,01470--cbntemple-ng--8738e477,W3DZH.big\Art\W3D\CBNTemple_ng.w3d,Civilian,Civilian Building,N Temple ng,CBNTemple_ng,gif,publish,gif,Complete or intelligible subject with useful mechanical motion or a legitimate subtle loop.,C:\Users\Jeff\Documents\Codex\2026-08-18\in\w3d-animation-production\output\01470--cbntemple-ng--8738e477\Civilian - Civilian Building - N Temple ng - CBNTemple_ng.gif,C:\Users\Jeff\Documents\Codex\2026-08-18\in\w3d-animation-production\output\01470--cbntemple-ng--8738e477\Civilian - Civilian Building - N Temple ng - CBNTemple_ng.gif,False
118,01477--cbntemple-sg--c6ac8d18,W3DZH.big\Art\W3D\CBNTemple_sg.w3d,Civilian,Civilian Building,N Temple sg,CBNTemple_sg,gif,publish,gif,Complete or intelligible subject with useful mechanical motion or a legitimate subtle loop.,C:\Users\Jeff\Documents\Codex\2026-08-18\in\w3d-animation-production\output\01477--cbntemple-sg--c6ac8d18\Civilian - Civilian Building - N Temple sg - CBNTemple_sg.gif,C:\Users\Jeff\Documents\Codex\2026-08-18\in\w3d-animation-production\output\01477--cbntemple-sg--c6ac8d18\Civilian - Civilian Building - N Temple sg - CBNTemple_sg.gif,False
119,01479--cbntemple-sng--f5da97c9,W3DZH.big\Art\W3D\CBNTemple_sng.w3d,Civilian,Civilian Building,N Temple sng,CBNTemple_sng,gif,publish,gif,Complete or intelligible subject with useful mechanical motion or a legitimate subtle loop.,C:\Users\Jeff\Documents\Codex\2026-08-18\in\w3d-animation-production\output\01479--cbntemple-sng--f5da97c9\Civilian - Civilian Building - N Temple sng - CBNTemple_sng.gif,C:\Users\Jeff\Documents\Codex\2026-08-18\in\w3d-animation-production\output\01479--cbntemple-sng--f5da97c9\Civilian - Civilian Building - N Temple sng - CBNTemple_sng.gif,False
120,01480--cbntmhv-fh-gs--f8060c2a,W3DZH.big\Art\W3D\CBNTmHv_FH_GS.w3d,Civilian,Civilian Building,N Tm Hv FH GS,CBNTmHv_FH_GS,gif,publish,gif,Complete or intelligible subject with useful mechanical motion or a legitimate subtle loop.,C:\Users\Jeff\Documents\Codex\2026-08-18\in\w3d-animation-production\output\01480--cbntmhv-fh-gs--f8060c2a\Civilian - Civilian Building - N Tm Hv FH GS - CBNTmHv_FH_GS.gif,C:\Users\Jeff\Documents\Codex\2026-08-18\in\w3d-animation-production\output\01480--cbntmhv-fh-gs--f8060c2a\Civilian - Civilian Building - N Tm Hv FH GS - CBNTmHv_FH_GS.gif,False
121,06515--cbnukebunk2--09b1c81f,ZH_Generals\W3D.big\Art\W3D\Nuclear Bunker - CBNukeBunk2.w3d,Civilian,Civilian Building,Nuclear Bunker,CBNukeBunk2,gif,reject,,no useful visible motion,C:\Users\Jeff\Documents\Codex\2026-08-18\in\w3d-animation-production\output\06515--cbnukebunk2--09b1c81f\Civilian - Civilian Building - Nuclear Bunker - CBNukeBunk2.gif,,False
122,05850--cmoceancen-g--514ae90d,ZH_Generals\W3D.big\Art\W3D\CMOceanCen_G.w3d,Civilian,Civilian Building,Ocean Convention Center,CMOceanCen_G,gif,reject,,no useful visible motion,C:\Users\Jeff\Documents\Codex\2026-08-18\in\w3d-animation-production\output\05850--cmoceancen-g--514ae90d\Civilian - Civilian Building - Ocean Convention Center - CMOceanCen_G.gif,,False
123,05074--cboilrfny-g--9339a918,ZH_Generals\W3D.big\Art\W3D\CBOilRfny_G.w3d,Civilian,Civilian Building,Oil Refinery,CBOilRfny_G,gif,publish,gif,Complete or intelligible subject with useful mechanical motion or a legitimate subtle loop.,C:\Users\Jeff\Documents\Codex\2026-08-18\in\w3d-animation-production\output\05074--cboilrfny-g--9339a918\Civilian - Civilian Building - Oil Refinery - CBOilRfny_G.gif,C:\Users\Jeff\Documents\Codex\2026-08-18\in\w3d-animation-production\output\05074--cboilrfny-g--9339a918\Civilian - Civilian Building - Oil Refinery - CBOilRfny_G.gif,False
124,05093--cbquonset1-g--cdcad5ad,ZH_Generals\W3D.big\Art\W3D\CBQuonset1_G.w3d,Civilian,Civilian Building,Quonset Hut 01,CBQuonset1_G,gif,publish,gif,Complete or intelligible subject with useful mechanical motion or a legitimate subtle loop.,C:\Users\Jeff\Documents\Codex\2026-08-18\in\w3d-animation-production\output\05093--cbquonset1-g--cdcad5ad\Civilian - Civilian Building - Quonset Hut 01 - CBQuonset1_G.gif,C:\Users\Jeff\Documents\Codex\2026-08-18\in\w3d-animation-production\output\05093--cbquonset1-g--cdcad5ad\Civilian - Civilian Building - Quonset Hut 01 - CBQuonset1_G.gif,False
125,01645--cbsecrtlab-g--88845ee2,W3DZH.big\Art\W3D\CBSecrtLab_G.w3d,Civilian,Civilian Building,Secret Lab,CBSecrtLab_G,gif,publish,gif,Complete or intelligible subject with useful mechanical motion or a legitimate subtle loop.,C:\Users\Jeff\Documents\Codex\2026-08-18\in\w3d-animation-production\output\01645--cbsecrtlab-g--88845ee2\Civilian - Civilian Building - Secret Lab - CBSecrtLab_G.gif,C:\Users\Jeff\Documents\Codex\2026-08-18\in\w3d-animation-production\output\01645--cbsecrtlab-g--88845ee2\Civilian - Civilian Building - Secret Lab - CBSecrtLab_G.gif,False
126,05019--cbnshack-g--badd3e62,ZH_Generals\W3D.big\Art\W3D\CBNShack_g.w3d,Civilian,Civilian Building,Shack,CBNShack_g,gif,publish,gif,Complete or intelligible subject with useful mechanical motion or a legitimate subtle loop.,C:\Users\Jeff\Documents\Codex\2026-08-18\in\w3d-animation-production\output\05019--cbnshack-g--badd3e62\Civilian - Civilian Building - Shack - CBNShack_g.gif,C:\Users\Jeff\Documents\Codex\2026-08-18\in\w3d-animation-production\output\05019--cbnshack-g--badd3e62\Civilian - Civilian Building - Shack - CBNShack_g.gif,False
127,05122--cbsovbldg-g--b9308fc4,ZH_Generals\W3D.big\Art\W3D\CBSovBldg_G.w3d,Civilian,Civilian Building,Soviet Building,CBSovBldg_G,gif,publish,gif,Complete or intelligible subject with useful mechanical motion or a legitimate subtle loop.,C:\Users\Jeff\Documents\Codex\2026-08-18\in\w3d-animation-production\output\05122--cbsovbldg-g--b9308fc4\Civilian - Civilian Building - Soviet Building - CBSovBldg_G.gif,C:\Users\Jeff\Documents\Codex\2026-08-18\in\w3d-animation-production\output\05122--cbsovbldg-g--b9308fc4\Civilian - Civilian Building - Soviet Building - CBSovBldg_G.gif,False
128,05134--cbsovrdio-g--0aad82b3,ZH_Generals\W3D.big\Art\W3D\CBSovRdio_G.w3d,Civilian,Civilian Building,Soviet Radio Building,CBSovRdio_G,gif,publish,gif,Complete or intelligible subject with useful mechanical motion or a legitimate subtle loop.,C:\Users\Jeff\Documents\Codex\2026-08-18\in\w3d-animation-production\output\05134--cbsovrdio-g--0aad82b3\Civilian - Civilian Building - Soviet Radio Building - CBSovRdio_G.gif,C:\Users\Jeff\Documents\Codex\2026-08-18\in\w3d-animation-production\output\05134--cbsovrdio-g--0aad82b3\Civilian - Civilian Building - Soviet Radio Building - CBSovRdio_G.gif,False
129,05213--cbtconvst1-g--30bb37b5,ZH_Generals\W3D.big\Art\W3D\CBTConvSt1_g.w3d,Civilian,Civilian Building,Stan Convenience Store 01,CBTConvSt1_g,gif,publish,gif,Complete or intelligible subject with useful mechanical motion or a legitimate subtle loop.,C:\Users\Jeff\Documents\Codex\2026-08-18\in\w3d-animation-production\output\05213--cbtconvst1-g--30bb37b5\Civilian - Civilian Building - Stan Convenience Store 01 - CBTConvSt1_g.gif,C:\Users\Jeff\Documents\Codex\2026-08-18\in\w3d-animation-production\output\05213--cbtconvst1-g--30bb37b5\Civilian - Civilian Building - Stan Convenience Store 01 - CBTConvSt1_g.gif,False
130,05233--cbtconvst2-g--be23cafd,ZH_Generals\W3D.big\Art\W3D\CBTConvSt2_g.w3d,Civilian,Civilian Building,Stan Convenience Store 02,CBTConvSt2_g,gif,publish,gif,Complete or intelligible subject with useful mechanical motion or a legitimate subtle loop.,C:\Users\Jeff\Documents\Codex\2026-08-18\in\w3d-animation-production\output\05233--cbtconvst2-g--be23cafd\Civilian - Civilian Building - Stan Convenience Store 02 - CBTConvSt2_g.gif,C:\Users\Jeff\Documents\Codex\2026-08-18\in\w3d-animation-production\output\05233--cbtconvst2-g--be23cafd\Civilian - Civilian Building - Stan Convenience Store 02 - CBTConvSt2_g.gif,False
131,05276--cbthanger1-g--6ca30e2e,ZH_Generals\W3D.big\Art\W3D\CBTHanger1_g.w3d,Civilian,Civilian Building,Stan Hanger 01,CBTHanger1_g,gif,publish,gif,Complete or intelligible subject with useful mechanical motion or a legitimate subtle loop.,C:\Users\Jeff\Documents\Codex\2026-08-18\in\w3d-animation-production\output\05276--cbthanger1-g--6ca30e2e\Civilian - Civilian Building - Stan Hanger 01 - CBTHanger1_g.gif,C:\Users\Jeff\Documents\Codex\2026-08-18\in\w3d-animation-production\output\05276--cbthanger1-g--6ca30e2e\Civilian - Civilian Building - Stan Hanger 01 - CBTHanger1_g.gif,False
132,05287--cbthanger2-g--3d055c65,ZH_Generals\W3D.big\Art\W3D\CBTHanger2_g.w3d,Civilian,Civilian Building,Stan Hanger 02,CBTHanger2_g,gif,publish,gif,Complete or intelligible subject with useful mechanical motion or a legitimate subtle loop.,C:\Users\Jeff\Documents\Codex\2026-08-18\in\w3d-animation-production\output\05287--cbthanger2-g--3d055c65\Civilian - Civilian Building - Stan Hanger 02 - CBTHanger2_g.gif,C:\Users\Jeff\Documents\Codex\2026-08-18\in\w3d-animation-production\output\05287--cbthanger2-g--3d055c65\Civilian - Civilian Building - Stan Hanger 02 - CBTHanger2_g.gif,False
133,05682--cbtsvtofc1-g--0743ee49,ZH_Generals\W3D.big\Art\W3D\CBTSvtOfc1_g.w3d,Civilian,Civilian Building,Stan Soviet Office 01,CBTSvtOfc1_g,gif,publish,gif,Complete or intelligible subject with useful mechanical motion or a legitimate subtle loop.,C:\Users\Jeff\Documents\Codex\2026-08-18\in\w3d-animation-production\output\05682--cbtsvtofc1-g--0743ee49\Civilian - Civilian Building - Stan Soviet Office 01 - CBTSvtOfc1_g.gif,C:\Users\Jeff\Documents\Codex\2026-08-18\in\w3d-animation-production\output\05682--cbtsvtofc1-g--0743ee49\Civilian - Civilian Building - Stan Soviet Office 01 - CBTSvtOfc1_g.gif,False
134,05693--cbtsvtofc2-g--0e4861e9,ZH_Generals\W3D.big\Art\W3D\CBTSvtOfc2_g.w3d,Civilian,Civilian Building,Stan Soviet Office 02,CBTSvtOfc2_g,gif,publish,gif,Complete or intelligible subject with useful mechanical motion or a legitimate subtle loop.,C:\Users\Jeff\Documents\Codex\2026-08-18\in\w3d-animation-production\output\05693--cbtsvtofc2-g--0e4861e9\Civilian - Civilian Building - Stan Soviet Office 02 - CBTSvtOfc2_g.gif,C:\Users\Jeff\Documents\Codex\2026-08-18\in\w3d-animation-production\output\05693--cbtsvtofc2-g--0e4861e9\Civilian - Civilian Building - Stan Soviet Office 02 - CBTSvtOfc2_g.gif,False
135,05157--cbtaltower-g--248e4e5e,ZH_Generals\W3D.big\Art\W3D\CBTalTower_G.w3d,Civilian,Civilian Building,Stan Tall Tower,CBTalTower_G,gif,publish,gif,Complete or intelligible subject with useful mechanical motion or a legitimate subtle loop.,C:\Users\Jeff\Documents\Codex\2026-08-18\in\w3d-animation-production\output\05157--cbtaltower-g--248e4e5e\Civilian - Civilian Building - Stan Tall Tower - CBTalTower_G.gif,C:\Users\Jeff\Documents\Codex\2026-08-18\in\w3d-animation-production\output\05157--cbtaltower-g--248e4e5e\Civilian - Civilian Building - Stan Tall Tower - CBTalTower_G.gif,False
136,04614--cbmectdrl1-g--0ce7936b,ZH_Generals\W3D.big\Art\W3D\CBMeCtdrl1_g.w3d,Civilian,Civilian Building,Stan Town Hall 01,CBMeCtdrl1_g,gif,publish,gif,Complete or intelligible subject with useful mechanical motion or a legitimate subtle loop.,C:\Users\Jeff\Documents\Codex\2026-08-18\in\w3d-animation-production\output\04614--cbmectdrl1-g--0ce7936b\Civilian - Civilian Building - Stan Town Hall 01 - CBMeCtdrl1_g.gif,C:\Users\Jeff\Documents\Codex\2026-08-18\in\w3d-animation-production\output\04614--cbmectdrl1-g--0ce7936b\Civilian - Civilian Building - Stan Town Hall 01 - CBMeCtdrl1_g.gif,False
137,04622--cbmectdrl2-g--99a7599e,ZH_Generals\W3D.big\Art\W3D\CBMeCtdrl2_g.w3d,Civilian,Civilian Building,Stan Town Hall 02,CBMeCtdrl2_g,gif,publish,gif,Complete or intelligible subject with useful mechanical motion or a legitimate subtle loop.,C:\Users\Jeff\Documents\Codex\2026-08-18\in\w3d-animation-production\output\04622--cbmectdrl2-g--99a7599e\Civilian - Civilian Building - Stan Town Hall 02 - CBMeCtdrl2_g.gif,C:\Users\Jeff\Documents\Codex\2026-08-18\in\w3d-animation-production\output\04622--cbmectdrl2-g--99a7599e\Civilian - Civilian Building - Stan Town Hall 02 - CBMeCtdrl2_g.gif,False
138,05854--cmtgovbuil-dng--611a5e9e,ZH_Generals\W3D.big\Art\W3D\CMTGovBuil_DNG.w3d,Civilian,Civilian Building,Stan Town Hall 03,CMTGovBuil_DNG,gif,publish,gif,Complete or intelligible subject with useful mechanical motion or a legitimate subtle loop.,C:\Users\Jeff\Documents\Codex\2026-08-18\in\w3d-animation-production\output\05854--cmtgovbuil-dng--611a5e9e\Civilian - Civilian Building - Stan Town Hall 03 - CMTGovBuil_DNG.gif,C:\Users\Jeff\Documents\Codex\2026-08-18\in\w3d-animation-production\output\05854--cmtgovbuil-dng--611a5e9e\Civilian - Civilian Building - Stan Town Hall 03 - CMTGovBuil_DNG.gif,False
139,05504--cbtower01-ng--a9994b08,ZH_Generals\W3D.big\Art\W3D\CBTower01_NG.w3d,Civilian,Civilian Building,Stan Watch Tower Tall,CBTower01_NG,gif,publish,gif,Complete or intelligible subject with useful mechanical motion or a legitimate subtle loop.,C:\Users\Jeff\Documents\Codex\2026-08-18\in\w3d-animation-production\output\05504--cbtower01-ng--a9994b08\Civilian - Civilian Building - Stan Watch Tower Tall - CBTower01_NG.gif,C:\Users\Jeff\Documents\Codex\2026-08-18\in\w3d-animation-production\output\05504--cbtower01-ng--a9994b08\Civilian - Civilian Building - Stan Watch Tower Tall - CBTower01_NG.gif,False
140,05027--cbnsubst-g--9fa05560,ZH_Generals\W3D.big\Art\W3D\CBNSubSt_G.w3d,Civilian,Civilian Building,Subway 01,CBNSubSt_G,gif,publish,gif,Complete or intelligible subject with useful mechanical motion or a legitimate subtle loop.,C:\Users\Jeff\Documents\Codex\2026-08-18\in\w3d-animation-production\output\05027--cbnsubst-g--9fa05560\Civilian - Civilian Building - Subway 01 - CBNSubSt_G.gif,C:\Users\Jeff\Documents\Codex\2026-08-18\in\w3d-animation-production\output\05027--cbnsubst-g--9fa05560\Civilian - Civilian Building - Subway 01 - CBNSubSt_G.gif,False
141,01722--cbtaprtmnt01--7b84b839,W3DZH.big\Art\W3D\CBTAprtmnt01.w3d,Civilian,Civilian Building,T Aprtmnt 01,CBTAprtmnt01,gif,reject,,no useful visible motion,C:\Users\Jeff\Documents\Codex\2026-08-18\in\w3d-animation-production\output\01722--cbtaprtmnt01--7b84b839\Civilian - Civilian Building - T Aprtmnt 01 - CBTAprtmnt01.gif,,False
142,05471--cbtoildepo-dng--f623f271,ZH_Generals\W3D.big\Art\W3D\CBTOilDepo_DNG.w3d,Civilian,Civilian Building,TER Oil Depot,CBTOilDepo_DNG,gif,publish,gif,Complete or intelligible subject with useful mechanical motion or a legitimate subtle loop.,C:\Users\Jeff\Documents\Codex\2026-08-18\in\w3d-animation-production\output\05471--cbtoildepo-dng--f623f271\Civilian - Civilian Building - TER Oil Depot - CBTOilDepo_DNG.gif,C:\Users\Jeff\Documents\Codex\2026-08-18\in\w3d-animation-production\output\05471--cbtoildepo-dng--f623f271\Civilian - Civilian Building - TER Oil Depot - CBTOilDepo_DNG.gif,False
143,05494--cbtoutpost-g--cecff54b,ZH_Generals\W3D.big\Art\W3D\CBTOutpost_g.w3d,Civilian,Civilian Building,TER Out Post,CBTOutpost_g,gif,publish,gif,Complete or intelligible subject with useful mechanical motion or a legitimate subtle loop.,C:\Users\Jeff\Documents\Codex\2026-08-18\in\w3d-animation-production\output\05494--cbtoutpost-g--cecff54b\Civilian - Civilian Building - TER Out Post - CBTOutpost_g.gif,C:\Users\Jeff\Documents\Codex\2026-08-18\in\w3d-animation-production\output\05494--cbtoutpost-g--cecff54b\Civilian - Civilian Building - TER Out Post - CBTOutpost_g.gif,False
144,02258--cbtusabldng01--d7900d43,W3DZH.big\Art\W3D\CBTUSABldng01.w3d,Civilian,Civilian Building,TUSA Bldng 01,CBTUSABldng01,gif,publish,gif,Complete or intelligible subject with useful mechanical motion or a legitimate subtle loop.,C:\Users\Jeff\Documents\Codex\2026-08-18\in\w3d-animation-production\output\02258--cbtusabldng01--d7900d43\Civilian - Civilian Building - TUSA Bldng 01 - CBTUSABldng01.gif,C:\Users\Jeff\Documents\Codex\2026-08-18\in\w3d-animation-production\output\02258--cbtusabldng01--d7900d43\Civilian - Civilian Building - TUSA Bldng 01 - CBTUSABldng01.gif,False
145,02035--cbtower02-ng--6cb385f6,W3DZH.big\Art\W3D\CBTower02_NG.w3d,Civilian,Civilian Building,Tall Tower 02,CBTower02_NG,gif,publish,gif,Complete or intelligible subject with useful mechanical motion or a legitimate subtle loop.,C:\Users\Jeff\Documents\Codex\2026-08-18\in\w3d-animation-production\output\02035--cbtower02-ng--6cb385f6\Civilian - Civilian Building - Tall Tower 02 - CBTower02_NG.gif,C:\Users\Jeff\Documents\Codex\2026-08-18\in\w3d-animation-production\output\02035--cbtower02-ng--6cb385f6\Civilian - Civilian Building - Tall Tower 02 - CBTower02_NG.gif,False
146,01496--cbntmhvmn-g--75c90673,W3DZH.big\Art\W3D\CBNTmHvMN_G.w3d,Civilian,Civilian Building,Temple Of Heaven Main Temple,CBNTmHvMN_G,gif,publish,gif,Complete or intelligible subject with useful mechanical motion or a legitimate subtle loop.,C:\Users\Jeff\Documents\Codex\2026-08-18\in\w3d-animation-production\output\01496--cbntmhvmn-g--75c90673\Civilian - Civilian Building - Temple Of Heaven Main Temple - CBNTmHvMN_G.gif,C:\Users\Jeff\Documents\Codex\2026-08-18\in\w3d-animation-production\output\01496--cbntmhvmn-g--75c90673\Civilian - Civilian Building - Temple Of Heaven Main Temple - CBNTmHvMN_G.gif,False
147,05699--cbttent01-dg--45a6c2eb,ZH_Generals\W3D.big\Art\W3D\CBTTent01_DG.w3d,Civilian,Civilian Building,Tent 01,CBTTent01_DG,gif,publish,gif,Complete or intelligible subject with useful mechanical motion or a legitimate subtle loop.,C:\Users\Jeff\Documents\Codex\2026-08-18\in\w3d-animation-production\output\05699--cbttent01-dg--45a6c2eb\Civilian - Civilian Building - Tent 01 - CBTTent01_DG.gif,C:\Users\Jeff\Documents\Codex\2026-08-18\in\w3d-animation-production\output\05699--cbttent01-dg--45a6c2eb\Civilian - Civilian Building - Tent 01 - CBTTent01_DG.gif,False
148,05704--cbttent02-dg--3aafeba1,ZH_Generals\W3D.big\Art\W3D\CBTTent02_DG.w3d,Civilian,Civilian Building,Tent 02,CBTTent02_DG,gif,publish,gif,Complete or intelligible subject with useful mechanical motion or a legitimate subtle loop.,C:\Users\Jeff\Documents\Codex\2026-08-18\in\w3d-animation-production\output\05704--cbttent02-dg--3aafeba1\Civilian - Civilian Building - Tent 02 - CBTTent02_DG.gif,C:\Users\Jeff\Documents\Codex\2026-08-18\in\w3d-animation-production\output\05704--cbttent02-dg--3aafeba1\Civilian - Civilian Building - Tent 02 - CBTTent02_DG.gif,False
149,05715--cbttent03-dg--9ade88d4,ZH_Generals\W3D.big\Art\W3D\CBTTent03_DG.w3d,Civilian,Civilian Building,Tent 03,CBTTent03_DG,gif,publish,gif,Complete or intelligible subject with useful mechanical motion or a legitimate subtle loop.,C:\Users\Jeff\Documents\Codex\2026-08-18\in\w3d-animation-production\output\05715--cbttent03-dg--9ade88d4\Civilian - Civilian Building - Tent 03 - CBTTent03_DG.gif,C:\Users\Jeff\Documents\Codex\2026-08-18\in\w3d-animation-production\output\05715--cbttent03-dg--9ade88d4\Civilian - Civilian Building - Tent 03 - CBTTent03_DG.gif,False
150,05720--cbttent04-dg--28cb76ba,ZH_Generals\W3D.big\Art\W3D\CBTTent04_DG.w3d,Civilian,Civilian Building,Tent 04,CBTTent04_DG,gif,publish,gif,Complete or intelligible subject with useful mechanical motion or a legitimate subtle loop.,C:\Users\Jeff\Documents\Codex\2026-08-18\in\w3d-animation-production\output\05720--cbttent04-dg--28cb76ba\Civilian - Civilian Building - Tent 04 - CBTTent04_DG.gif,C:\Users\Jeff\Documents\Codex\2026-08-18\in\w3d-animation-production\output\05720--cbttent04-dg--28cb76ba\Civilian - Civilian Building - Tent 04 - CBTTent04_DG.gif,False
151,05859--cmtiangate-e--8eb74131,ZH_Generals\W3D.big\Art\W3D\CMTianGate_E.w3d,Civilian,Civilian Building,Tiananmen Gate,CMTianGate_E,gif,reject,,no useful visible motion,C:\Users\Jeff\Documents\Codex\2026-08-18\in\w3d-animation-production\output\05859--cmtiangate-e--8eb74131\Civilian - Civilian Building - Tiananmen Gate - CMTianGate_E.gif,,False
152,02366--cine-bbus--e7ec7d1f,W3DZH.big\Art\W3D\CINE U 06 B Bus - CINE_BBus.w3d,Civilian,Civilian Building,U 06 B Bus,CINE_BBus,gif,publish,mp4,Cinematic vehicle tumble is substantial narrative motion.,C:\Users\Jeff\Documents\Codex\2026-08-18\in\w3d-animation-production\output\02366--cine-bbus--e7ec7d1f\Civilian - Civilian Building - U 06 B Bus - CINE_BBus.gif,C:\Users\Jeff\Documents\Codex\2026-08-18\in\w3d-animation-production\output\02366--cine-bbus--e7ec7d1f\Civilian - Civilian Building - U 06 B Bus - CINE_BBus.mp4,False
153,05519--cbtower03-g--7c3ee3d5,ZH_Generals\W3D.big\Art\W3D\CBTower03_G.w3d,Civilian,Civilian Building,Watch Tower 03,CBTower03_G,gif,publish,gif,Complete or intelligible subject with useful mechanical motion or a legitimate subtle loop.,C:\Users\Jeff\Documents\Codex\2026-08-18\in\w3d-animation-production\output\05519--cbtower03-g--7c3ee3d5\Civilian - Civilian Building - Watch Tower 03 - CBTower03_G.gif,C:\Users\Jeff\Documents\Codex\2026-08-18\in\w3d-animation-production\output\05519--cbtower03-g--7c3ee3d5\Civilian - Civilian Building - Watch Tower 03 - CBTower03_G.gif,False
154,04560--cbh2oplnt-g--270a162a,ZH_Generals\W3D.big\Art\W3D\CBH2oPlnt_G.w3d,Civilian,Civilian Building,Water Plant,CBH2oPlnt_G,gif,publish,gif,Complete or intelligible subject with useful mechanical motion or a legitimate subtle loop.,C:\Users\Jeff\Documents\Codex\2026-08-18\in\w3d-animation-production\output\04560--cbh2oplnt-g--270a162a\Civilian - Civilian Building - Water Plant - CBH2oPlnt_G.gif,C:\Users\Jeff\Documents\Codex\2026-08-18\in\w3d-animation-production\output\04560--cbh2oplnt-g--270a162a\Civilian - Civilian Building - Water Plant - CBH2oPlnt_G.gif,False
155,02074--cbtower-dng--8ced4f92,W3DZH.big\Art\W3D\CBTower_dng.w3d,Civilian,Civilian Building,Wood Tower,CBTower_dng,gif,reject,,component only or contextless subassembly,C:\Users\Jeff\Documents\Codex\2026-08-18\in\w3d-animation-production\output\02074--cbtower-dng--8ced4f92\Civilian - Civilian Building - Wood Tower - CBTower_dng.gif,,False
156,02336--cine-akstature--3751059e,W3DZH.big\Art\W3D\CINE ak Stature - CINE_akStature.w3d,Civilian,Civilian Building,ak Stature,CINE_akStature,gif,reject,,component only or contextless subassembly,C:\Users\Jeff\Documents\Codex\2026-08-18\in\w3d-animation-production\output\02336--cine-akstature--3751059e\Civilian - Civilian Building - ak Stature - CINE_akStature.gif,,False
157,01573--cboffice01-dg--225ae396,W3DZH.big\Art\W3D\CBoffice01_DG.w3d,Civilian,Civilian Building,office 01 DG,CBoffice01_DG,gif,publish,gif,Complete or intelligible subject with useful mechanical motion or a legitimate subtle loop.,C:\Users\Jeff\Documents\Codex\2026-08-18\in\w3d-animation-production\output\01573--cboffice01-dg--225ae396\Civilian - Civilian Building - office 01 DG - CBoffice01_DG.gif,C:\Users\Jeff\Documents\Codex\2026-08-18\in\w3d-animation-production\output\01573--cboffice01-dg--225ae396\Civilian - Civilian Building - office 01 DG - CBoffice01_DG.gif,False
158,01575--cboffice01-dng--8c4a1320,W3DZH.big\Art\W3D\CBoffice01_DNG.w3d,Civilian,Civilian Building,office 01 DNG,CBoffice01_DNG,gif,publish,gif,Complete or intelligible subject with useful mechanical motion or a legitimate subtle loop.,C:\Users\Jeff\Documents\Codex\2026-08-18\in\w3d-animation-production\output\01575--cboffice01-dng--8c4a1320\Civilian - Civilian Building - office 01 DNG - CBoffice01_DNG.gif,C:\Users\Jeff\Documents\Codex\2026-08-18\in\w3d-animation-production\output\01575--cboffice01-dng--8c4a1320\Civilian - Civilian Building - office 01 DNG - CBoffice01_DNG.gif,False
159,01577--cboffice01-dsg--c65e4c4c,W3DZH.big\Art\W3D\CBoffice01_DSG.w3d,Civilian,Civilian Building,office 01 DSG,CBoffice01_DSG,gif,publish,gif,Complete or intelligible subject with useful mechanical motion or a legitimate subtle loop.,C:\Users\Jeff\Documents\Codex\2026-08-18\in\w3d-animation-production\output\01577--cboffice01-dsg--c65e4c4c\Civilian - Civilian Building - office 01 DSG - CBoffice01_DSG.gif,C:\Users\Jeff\Documents\Codex\2026-08-18\in\w3d-animation-production\output\01577--cboffice01-dsg--c65e4c4c\Civilian - Civilian Building - office 01 DSG - CBoffice01_DSG.gif,False
160,01579--cboffice01-dsng--15d9d73d,W3DZH.big\Art\W3D\CBoffice01_DSNG.w3d,Civilian,Civilian Building,office 01 DSNG,CBoffice01_DSNG,gif,publish,gif,Complete or intelligible subject with useful mechanical motion or a legitimate subtle loop.,C:\Users\Jeff\Documents\Codex\2026-08-18\in\w3d-animation-production\output\01579--cboffice01-dsng--15d9d73d\Civilian - Civilian Building - office 01 DSNG - CBoffice01_DSNG.gif,C:\Users\Jeff\Documents\Codex\2026-08-18\in\w3d-animation-production\output\01579--cboffice01-dsng--15d9d73d\Civilian - Civilian Building - office 01 DSNG - CBoffice01_DSNG.gif,False
161,01584--cboffice01-g--d662f874,W3DZH.big\Art\W3D\CBoffice01_G.w3d,Civilian,Civilian Building,office 01 G,CBoffice01_G,gif,publish,gif,Complete or intelligible subject with useful mechanical motion or a legitimate subtle loop.,C:\Users\Jeff\Documents\Codex\2026-08-18\in\w3d-animation-production\output\01584--cboffice01-g--d662f874\Civilian - Civilian Building - office 01 G - CBoffice01_G.gif,C:\Users\Jeff\Documents\Codex\2026-08-18\in\w3d-animation-production\output\01584--cboffice01-g--d662f874\Civilian - Civilian Building - office 01 G - CBoffice01_G.gif,False
162,01586--cboffice01-ng--0faf6a85,W3DZH.big\Art\W3D\CBoffice01_NG.w3d,Civilian,Civilian Building,office 01 NG,CBoffice01_NG,gif,publish,gif,Complete or intelligible subject with useful mechanical motion or a legitimate subtle loop.,C:\Users\Jeff\Documents\Codex\2026-08-18\in\w3d-animation-production\output\01586--cboffice01-ng--0faf6a85\Civilian - Civilian Building - office 01 NG - CBoffice01_NG.gif,C:\Users\Jeff\Documents\Codex\2026-08-18\in\w3d-animation-production\output\01586--cboffice01-ng--0faf6a85\Civilian - Civilian Building - office 01 NG - CBoffice01_NG.gif,False
163,01592--cboffice01-sg--83a463be,W3DZH.big\Art\W3D\CBoffice01_SG.w3d,Civilian,Civilian Building,office 01 SG,CBoffice01_SG,gif,publish,gif,Complete or intelligible subject with useful mechanical motion or a legitimate subtle loop.,C:\Users\Jeff\Documents\Codex\2026-08-18\in\w3d-animation-production\output\01592--cboffice01-sg--83a463be\Civilian - Civilian Building - office 01 SG - CBoffice01_SG.gif,C:\Users\Jeff\Documents\Codex\2026-08-18\in\w3d-animation-production\output\01592--cboffice01-sg--83a463be\Civilian - Civilian Building - office 01 SG - CBoffice01_SG.gif,False
164,01594--cboffice01-sng--da923da1,W3DZH.big\Art\W3D\CBoffice01_SNG.w3d,Civilian,Civilian Building,office 01 SNG,CBoffice01_SNG,gif,publish,gif,Complete or intelligible subject with useful mechanical motion or a legitimate subtle loop.,C:\Users\Jeff\Documents\Codex\2026-08-18\in\w3d-animation-production\output\01594--cboffice01-sng--da923da1\Civilian - Civilian Building - office 01 SNG - CBoffice01_SNG.gif,C:\Users\Jeff\Documents\Codex\2026-08-18\in\w3d-animation-production\output\01594--cboffice01-sng--da923da1\Civilian - Civilian Building - office 01 SNG - CBoffice01_SNG.gif,False
165,04791--cbnbank-g--74de42c7,ZH_Generals\W3D.big\Art\W3D\CBNBank_G.w3d,Civilian,Commercial Building,Asian Bank,CBNBank_G,gif,publish,gif,Complete or intelligible subject with useful mechanical motion or a legitimate subtle loop.,C:\Users\Jeff\Documents\Codex\2026-08-18\in\w3d-animation-production\output\04791--cbnbank-g--74de42c7\Civilian - Commercial Building - Asian Bank - CBNBank_G.gif,C:\Users\Jeff\Documents\Codex\2026-08-18\in\w3d-animation-production\output\04791--cbnbank-g--74de42c7\Civilian - Commercial Building - Asian Bank - CBNBank_G.gif,False
166,04866--cbnelecrtl-g--8d43126b,ZH_Generals\W3D.big\Art\W3D\CBNElecRtl_G.w3d,Civilian,Commercial Building,Asian Electric Retail,CBNElecRtl_G,gif,publish,gif,Complete or intelligible subject with useful mechanical motion or a legitimate subtle loop.,C:\Users\Jeff\Documents\Codex\2026-08-18\in\w3d-animation-production\output\04866--cbnelecrtl-g--8d43126b\Civilian - Commercial Building - Asian Electric Retail - CBNElecRtl_G.gif,C:\Users\Jeff\Documents\Codex\2026-08-18\in\w3d-animation-production\output\04866--cbnelecrtl-g--8d43126b\Civilian - Commercial Building - Asian Electric Retail - CBNElecRtl_G.gif,False
167,04925--cbnhotel01-g--df5a4a02,ZH_Generals\W3D.big\Art\W3D\CBNHotel01_G.w3d,Civilian,Commercial Building,Asian Hotel 01,CBNHotel01_G,gif,publish,gif,Complete or intelligible subject with useful mechanical motion or a legitimate subtle loop.,C:\Users\Jeff\Documents\Codex\2026-08-18\in\w3d-animation-production\output\04925--cbnhotel01-g--df5a4a02\Civilian - Commercial Building - Asian Hotel 01 - CBNHotel01_G.gif,C:\Users\Jeff\Documents\Codex\2026-08-18\in\w3d-animation-production\output\04925--cbnhotel01-g--df5a4a02\Civilian - Commercial Building - Asian Hotel 01 - CBNHotel01_G.gif,False
168,04911--cbnhongk02-g--f02b2ed5,ZH_Generals\W3D.big\Art\W3D\CBNHongK02_G.w3d,Civilian,Commercial Building,Asian Mega Hotel 01,CBNHongK02_G,gif,reject,,component only or contextless subassembly,C:\Users\Jeff\Documents\Codex\2026-08-18\in\w3d-animation-production\output\04911--cbnhongk02-g--f02b2ed5\Civilian - Commercial Building - Asian Mega Hotel 01 - CBNHongK02_G.gif,,False
169,04944--cbnmegamal-g--d79994cb,ZH_Generals\W3D.big\Art\W3D\CBNMegaMal_G.w3d,Civilian,Commercial Building,Asian Mega Mall 01,CBNMegaMal_G,gif,publish,gif,Complete or intelligible subject with useful mechanical motion or a legitimate subtle loop.,C:\Users\Jeff\Documents\Codex\2026-08-18\in\w3d-animation-production\output\04944--cbnmegamal-g--d79994cb\Civilian - Commercial Building - Asian Mega Mall 01 - CBNMegaMal_G.gif,C:\Users\Jeff\Documents\Codex\2026-08-18\in\w3d-animation-production\output\04944--cbnmegamal-g--d79994cb\Civilian - Commercial Building - Asian Mega Mall 01 - CBNMegaMal_G.gif,False
170,04963--cbnretal01-g--1bf30f04,ZH_Generals\W3D.big\Art\W3D\CBNRetal01_G.w3d,Civilian,Commercial Building,Asian Retail Store 01,CBNRetal01_G,gif,publish,gif,Complete or intelligible subject with useful mechanical motion or a legitimate subtle loop.,C:\Users\Jeff\Documents\Codex\2026-08-18\in\w3d-animation-production\output\04963--cbnretal01-g--1bf30f04\Civilian - Commercial Building - Asian Retail Store 01 - CBNRetal01_G.gif,C:\Users\Jeff\Documents\Codex\2026-08-18\in\w3d-animation-production\output\04963--cbnretal01-g--1bf30f04\Civilian - Commercial Building - Asian Retail Store 01 - CBNRetal01_G.gif,False
171,04969--cbnretal02-dg--992a397e,ZH_Generals\W3D.big\Art\W3D\CBNRetal02_DG.w3d,Civilian,Commercial Building,Asian Retail Store 02,CBNRetal02_DG,gif,publish,gif,Complete or intelligible subject with useful mechanical motion or a legitimate subtle loop.,C:\Users\Jeff\Documents\Codex\2026-08-18\in\w3d-animation-production\output\04969--cbnretal02-dg--992a397e\Civilian - Commercial Building - Asian Retail Store 02 - CBNRetal02_DG.gif,C:\Users\Jeff\Documents\Codex\2026-08-18\in\w3d-animation-production\output\04969--cbnretal02-dg--992a397e\Civilian - Commercial Building - Asian Retail Store 02 - CBNRetal02_DG.gif,False
172,02404--cmfastfoo-g--23b3e446,W3DZH.big\Art\W3D\CMFastFoo_G.w3d,Civilian,Commercial Building,Fast Food,CMFastFoo_G,gif,publish,gif,Complete or intelligible subject with useful mechanical motion or a legitimate subtle loop.,C:\Users\Jeff\Documents\Codex\2026-08-18\in\w3d-animation-production\output\02404--cmfastfoo-g--23b3e446\Civilian - Commercial Building - Fast Food - CMFastFoo_G.gif,C:\Users\Jeff\Documents\Codex\2026-08-18\in\w3d-animation-production\output\02404--cmfastfoo-g--23b3e446\Civilian - Commercial Building - Fast Food - CMFastFoo_G.gif,False
173,04441--cbgassttn-g--678da136,ZH_Generals\W3D.big\Art\W3D\CBGasSttn_G.w3d,Civilian,Commercial Building,Gas Station,CBGasSttn_G,gif,publish,gif,Complete or intelligible subject with useful mechanical motion or a legitimate subtle loop.,C:\Users\Jeff\Documents\Codex\2026-08-18\in\w3d-animation-production\output\04441--cbgassttn-g--678da136\Civilian - Commercial Building - Gas Station - CBGasSttn_G.gif,C:\Users\Jeff\Documents\Codex\2026-08-18\in\w3d-animation-production\output\04441--cbgassttn-g--678da136\Civilian - Commercial Building - Gas Station - CBGasSttn_G.gif,False
174,04894--cbngasst-g--e69d01d3,ZH_Generals\W3D.big\Art\W3D\CBNGasSt_g.w3d,Civilian,Commercial Building,Gas Station 03,CBNGasSt_g,gif,publish,gif,Complete or intelligible subject with useful mechanical motion or a legitimate subtle loop.,C:\Users\Jeff\Documents\Codex\2026-08-18\in\w3d-animation-production\output\04894--cbngasst-g--e69d01d3\Civilian - Commercial Building - Gas Station 03 - CBNGasSt_g.gif,C:\Users\Jeff\Documents\Codex\2026-08-18\in\w3d-animation-production\output\04894--cbngasst-g--e69d01d3\Civilian - Commercial Building - Gas Station 03 - CBNGasSt_g.gif,False
175,04524--cbgshop-dg--d276b65b,ZH_Generals\W3D.big\Art\W3D\CBGShop_DG.w3d,Civilian,Commercial Building,German Pub 01,CBGShop_DG,gif,publish,gif,Complete or intelligible subject with useful mechanical motion or a legitimate subtle loop.,C:\Users\Jeff\Documents\Codex\2026-08-18\in\w3d-animation-production\output\04524--cbgshop-dg--d276b65b\Civilian - Commercial Building - German Pub 01 - CBGShop_DG.gif,C:\Users\Jeff\Documents\Codex\2026-08-18\in\w3d-animation-production\output\04524--cbgshop-dg--d276b65b\Civilian - Commercial Building - German Pub 01 - CBGShop_DG.gif,False
176,00831--cbgreshop-g--69b36d99,W3DZH.big\Art\W3D\CBGRESHOP_G.w3d,Civilian,Commercial Building,Greek Shop,CBGRESHOP_G,gif,publish,gif,Complete or intelligible subject with useful mechanical motion or a legitimate subtle loop.,C:\Users\Jeff\Documents\Codex\2026-08-18\in\w3d-animation-production\output\00831--cbgreshop-g--69b36d99\Civilian - Commercial Building - Greek Shop - CBGRESHOP_G.gif,C:\Users\Jeff\Documents\Codex\2026-08-18\in\w3d-animation-production\output\00831--cbgreshop-g--69b36d99\Civilian - Commercial Building - Greek Shop - CBGRESHOP_G.gif,False
177,05310--cbthotel03-g--f8a709cd,ZH_Generals\W3D.big\Art\W3D\CBTHotel03_G.w3d,Civilian,Commercial Building,International Hotel 01,CBTHotel03_G,gif,publish,gif,Complete or intelligible subject with useful mechanical motion or a legitimate subtle loop.,C:\Users\Jeff\Documents\Codex\2026-08-18\in\w3d-animation-production\output\05310--cbthotel03-g--f8a709cd\Civilian - Commercial Building - International Hotel 01 - CBTHotel03_G.gif,C:\Users\Jeff\Documents\Codex\2026-08-18\in\w3d-animation-production\output\05310--cbthotel03-g--f8a709cd\Civilian - Commercial Building - International Hotel 01 - CBTHotel03_G.gif,False
178,04653--cbmogdis03-dg--c53bcf7c,ZH_Generals\W3D.big\Art\W3D\CBMogdis03_DG.w3d,Civilian,Commercial Building,Mogadishu Shop 01,CBMogdis03_DG,gif,publish,gif,Complete or intelligible subject with useful mechanical motion or a legitimate subtle loop.,C:\Users\Jeff\Documents\Codex\2026-08-18\in\w3d-animation-production\output\04653--cbmogdis03-dg--c53bcf7c\Civilian - Commercial Building - Mogadishu Shop 01 - CBMogdis03_DG.gif,C:\Users\Jeff\Documents\Codex\2026-08-18\in\w3d-animation-production\output\04653--cbmogdis03-dg--c53bcf7c\Civilian - Commercial Building - Mogadishu Shop 01 - CBMogdis03_DG.gif,False
179,04670--cbmogdis04-dg--444367b0,ZH_Generals\W3D.big\Art\W3D\CBMogdis04_DG.w3d,Civilian,Commercial Building,Mogadishu Shop 02,CBMogdis04_DG,gif,publish,gif,Complete or intelligible subject with useful mechanical motion or a legitimate subtle loop.,C:\Users\Jeff\Documents\Codex\2026-08-18\in\w3d-animation-production\output\04670--cbmogdis04-dg--444367b0\Civilian - Commercial Building - Mogadishu Shop 02 - CBMogdis04_DG.gif,C:\Users\Jeff\Documents\Codex\2026-08-18\in\w3d-animation-production\output\04670--cbmogdis04-dg--444367b0\Civilian - Commercial Building - Mogadishu Shop 02 - CBMogdis04_DG.gif,False
180,05631--cbtsmlapt-gd--d93af5f7,ZH_Generals\W3D.big\Art\W3D\CBTSmlApt_GD.w3d,Civilian,Commercial Building,Mogadishu Small Apartment,CBTSmlApt_GD,gif,publish,gif,Complete or intelligible subject with useful mechanical motion or a legitimate subtle loop.,C:\Users\Jeff\Documents\Codex\2026-08-18\in\w3d-animation-production\output\05631--cbtsmlapt-gd--d93af5f7\Civilian - Commercial Building - Mogadishu Small Apartment - CBTSmlApt_GD.gif,C:\Users\Jeff\Documents\Codex\2026-08-18\in\w3d-animation-production\output\05631--cbtsmlapt-gd--d93af5f7\Civilian - Commercial Building - Mogadishu Small Apartment - CBTSmlApt_GD.gif,False
181,04982--cbnretal03-g--968f9078,ZH_Generals\W3D.big\Art\W3D\CBNRetal03_G.w3d,Civilian,Commercial Building,Retail 01,CBNRetal03_G,gif,publish,gif,Complete or intelligible subject with useful mechanical motion or a legitimate subtle loop.,C:\Users\Jeff\Documents\Codex\2026-08-18\in\w3d-animation-production\output\04982--cbnretal03-g--968f9078\Civilian - Commercial Building - Retail 01 - CBNRetal03_G.gif,C:\Users\Jeff\Documents\Codex\2026-08-18\in\w3d-animation-production\output\04982--cbnretal03-g--968f9078\Civilian - Commercial Building - Retail 01 - CBNRetal03_G.gif,False
182,04992--cbnretal05-g--43ef8692,ZH_Generals\W3D.big\Art\W3D\CBNRetal05_G.w3d,Civilian,Commercial Building,Retail 03,CBNRetal05_G,gif,publish,gif,Complete or intelligible subject with useful mechanical motion or a legitimate subtle loop.,C:\Users\Jeff\Documents\Codex\2026-08-18\in\w3d-animation-production\output\04992--cbnretal05-g--43ef8692\Civilian - Commercial Building - Retail 03 - CBNRetal05_G.gif,C:\Users\Jeff\Documents\Codex\2026-08-18\in\w3d-animation-production\output\04992--cbnretal05-g--43ef8692\Civilian - Commercial Building - Retail 03 - CBNRetal05_G.gif,False
183,00332--cbamershp1-g--deef7452,W3DZH.big\Art\W3D\CBAmerShp1_G.w3d,Civilian,Commercial Building,Shop 01,CBAmerShp1_G,gif,publish,gif,"Complete or intelligible subject with subtle, short, or continuously looping motion.",C:\Users\Jeff\Documents\Codex\2026-08-18\in\w3d-animation-production\output\00332--cbamershp1-g--deef7452\Civilian - Commercial Building - Shop 01 - CBAmerShp1_G.gif,C:\Users\Jeff\Documents\Codex\2026-08-18\in\w3d-animation-production\output\00332--cbamershp1-g--deef7452\Civilian - Commercial Building - Shop 01 - CBAmerShp1_G.gif,True
184,00337--cbamershp2-g--b71472cf,W3DZH.big\Art\W3D\CBAmerShp2_G.w3d,Civilian,Commercial Building,Shop 02,CBAmerShp2_G,gif,publish,gif,"Complete or intelligible subject with subtle, short, or continuously looping motion.",C:\Users\Jeff\Documents\Codex\2026-08-18\in\w3d-animation-production\output\00337--cbamershp2-g--b71472cf\Civilian - Commercial Building - Shop 02 - CBAmerShp2_G.gif,C:\Users\Jeff\Documents\Codex\2026-08-18\in\w3d-animation-production\output\00337--cbamershp2-g--b71472cf\Civilian - Commercial Building - Shop 02 - CBAmerShp2_G.gif,True
185,05111--cbsovbld2-g--1259e0af,ZH_Generals\W3D.big\Art\W3D\CBsovbld2_G.w3d,Civilian,Commercial Building,Soviet Government Building Small,CBsovbld2_G,gif,publish,gif,Complete or intelligible subject with useful mechanical motion or a legitimate subtle loop.,C:\Users\Jeff\Documents\Codex\2026-08-18\in\w3d-animation-production\output\05111--cbsovbld2-g--1259e0af\Civilian - Commercial Building - Soviet Government Building Small - CBsovbld2_G.gif,C:\Users\Jeff\Documents\Codex\2026-08-18\in\w3d-animation-production\output\05111--cbsovbld2-g--1259e0af\Civilian - Commercial Building - Soviet Government Building Small - CBsovbld2_G.gif,False
186,05262--cbtgasstn-g--37a8f230,ZH_Generals\W3D.big\Art\W3D\CBTGasStn_G.w3d,Civilian,Commercial Building,Stan Gas Station,CBTGasStn_G,gif,publish,gif,Complete or intelligible subject with useful mechanical motion or a legitimate subtle loop.,C:\Users\Jeff\Documents\Codex\2026-08-18\in\w3d-animation-production\output\05262--cbtgasstn-g--37a8f230\Civilian - Commercial Building - Stan Gas Station - CBTGasStn_G.gif,C:\Users\Jeff\Documents\Codex\2026-08-18\in\w3d-animation-production\output\05262--cbtgasstn-g--37a8f230\Civilian - Commercial Building - Stan Gas Station - CBTGasStn_G.gif,False
187,05293--cbthotel01-dg--19a846ff,ZH_Generals\W3D.big\Art\W3D\CBThotel01_dg.w3d,Civilian,Commercial Building,Stan Hotel 01,CBThotel01_dg,gif,publish,gif,Complete or intelligible subject with useful mechanical motion or a legitimate subtle loop.,C:\Users\Jeff\Documents\Codex\2026-08-18\in\w3d-animation-production\output\05293--cbthotel01-dg--19a846ff\Civilian - Commercial Building - Stan Hotel 01 - CBThotel01_dg.gif,C:\Users\Jeff\Documents\Codex\2026-08-18\in\w3d-animation-production\output\05293--cbthotel01-dg--19a846ff\Civilian - Commercial Building - Stan Hotel 01 - CBThotel01_dg.gif,False
188,01781--cbthotel02-dng--070a576e,W3DZH.big\Art\W3D\CBTHotel02_dng.w3d,Civilian,Commercial Building,Stan Hotel 02,CBTHotel02_dng,gif,publish,gif,Complete or intelligible subject with useful mechanical motion or a legitimate subtle loop.,C:\Users\Jeff\Documents\Codex\2026-08-18\in\w3d-animation-production\output\01781--cbthotel02-dng--070a576e\Civilian - Commercial Building - Stan Hotel 02 - CBTHotel02_dng.gif,C:\Users\Jeff\Documents\Codex\2026-08-18\in\w3d-animation-production\output\01781--cbthotel02-dng--070a576e\Civilian - Commercial Building - Stan Hotel 02 - CBTHotel02_dng.gif,False
189,05604--cbtrestrn1-g--5dcd9427,ZH_Generals\W3D.big\Art\W3D\CBTRestrn1_G.w3d,Civilian,Commercial Building,Stan Restaurant 01,CBTRestrn1_G,gif,publish,gif,Complete or intelligible subject with useful mechanical motion or a legitimate subtle loop.,C:\Users\Jeff\Documents\Codex\2026-08-18\in\w3d-animation-production\output\05604--cbtrestrn1-g--5dcd9427\Civilian - Commercial Building - Stan Restaurant 01 - CBTRestrn1_G.gif,C:\Users\Jeff\Documents\Codex\2026-08-18\in\w3d-animation-production\output\05604--cbtrestrn1-g--5dcd9427\Civilian - Commercial Building - Stan Restaurant 01 - CBTRestrn1_G.gif,False
190,05615--cbtrestrn2-g--86149d75,ZH_Generals\W3D.big\Art\W3D\CBTRestrn2_G.w3d,Civilian,Commercial Building,Stan Restaurant 02,CBTRestrn2_G,gif,publish,gif,Complete or intelligible subject with useful mechanical motion or a legitimate subtle loop.,C:\Users\Jeff\Documents\Codex\2026-08-18\in\w3d-animation-production\output\05615--cbtrestrn2-g--86149d75\Civilian - Commercial Building - Stan Restaurant 02 - CBTRestrn2_G.gif,C:\Users\Jeff\Documents\Codex\2026-08-18\in\w3d-animation-production\output\05615--cbtrestrn2-g--86149d75\Civilian - Commercial Building - Stan Restaurant 02 - CBTRestrn2_G.gif,False
191,05651--cbtsmlrtl1-g--66b71729,ZH_Generals\W3D.big\Art\W3D\CBTsmlrtl1_G.w3d,Civilian,Commercial Building,Stan Small Retail 01,CBTsmlrtl1_G,gif,reject,,component only or contextless subassembly,C:\Users\Jeff\Documents\Codex\2026-08-18\in\w3d-animation-production\output\05651--cbtsmlrtl1-g--66b71729\Civilian - Commercial Building - Stan Small Retail 01 - CBTsmlrtl1_G.gif,,False
192,05668--cbtsmlrtl2-g--5d7fbcf4,ZH_Generals\W3D.big\Art\W3D\CBTsmlrtl2_G.w3d,Civilian,Commercial Building,Stan Small Retail 02,CBTsmlrtl2_G,gif,publish,gif,Complete or intelligible subject with useful mechanical motion or a legitimate subtle loop.,C:\Users\Jeff\Documents\Codex\2026-08-18\in\w3d-animation-production\output\05668--cbtsmlrtl2-g--5d7fbcf4\Civilian - Commercial Building - Stan Small Retail 02 - CBTsmlrtl2_G.gif,C:\Users\Jeff\Documents\Codex\2026-08-18\in\w3d-animation-production\output\05668--cbtsmlrtl2-g--5d7fbcf4\Civilian - Commercial Building - Stan Small Retail 02 - CBTsmlrtl2_G.gif,False
193,02157--cbtsmlrtl03-sg--b1c713b5,W3DZH.big\Art\W3D\CBTsmlrtl03_SG.w3d,Civilian,Commercial Building,Stan Small Retail 03,CBTsmlrtl03_SG,gif,publish,gif,Complete or intelligible subject with useful mechanical motion or a legitimate subtle loop.,C:\Users\Jeff\Documents\Codex\2026-08-18\in\w3d-animation-production\output\02157--cbtsmlrtl03-sg--b1c713b5\Civilian - Commercial Building - Stan Small Retail 03 - CBTsmlrtl03_SG.gif,C:\Users\Jeff\Documents\Codex\2026-08-18\in\w3d-animation-production\output\02157--cbtsmlrtl03-sg--b1c713b5\Civilian - Commercial Building - Stan Small Retail 03 - CBTsmlrtl03_SG.gif,False
194,04284--cbapt01-g--a85ca883,ZH_Generals\W3D.big\Art\W3D\CBApt01_G.w3d,Civilian,Residential Building,Asia Apartment 02,CBApt01_G,gif,publish,gif,Complete or intelligible subject with useful mechanical motion or a legitimate subtle loop.,C:\Users\Jeff\Documents\Codex\2026-08-18\in\w3d-animation-production\output\04284--cbapt01-g--a85ca883\Civilian - Residential Building - Asia Apartment 02 - CBApt01_G.gif,C:\Users\Jeff\Documents\Codex\2026-08-18\in\w3d-animation-production\output\04284--cbapt01-g--a85ca883\Civilian - Residential Building - Asia Apartment 02 - CBApt01_G.gif,False
195,01074--cbnapart01-dsg--8d41864e,W3DZH.big\Art\W3D\CBNApart01_DSG.w3d,Civilian,Residential Building,Asian Apartment 01,CBNApart01_DSG,gif,publish,gif,Complete or intelligible subject with useful mechanical motion or a legitimate subtle loop.,C:\Users\Jeff\Documents\Codex\2026-08-18\in\w3d-animation-production\output\01074--cbnapart01-dsg--8d41864e\Civilian - Residential Building - Asian Apartment 01 - CBNApart01_DSG.gif,C:\Users\Jeff\Documents\Codex\2026-08-18\in\w3d-animation-production\output\01074--cbnapart01-dsg--8d41864e\Civilian - Residential Building - Asian Apartment 01 - CBNApart01_DSG.gif,False
196,04755--cbnaptcom-g--eaf70e3c,ZH_Generals\W3D.big\Art\W3D\CBNAptCom_G.w3d,Civilian,Residential Building,Asian Apartment Complex,CBNAptCom_G,gif,publish,gif,Complete or intelligible subject with useful mechanical motion or a legitimate subtle loop.,C:\Users\Jeff\Documents\Codex\2026-08-18\in\w3d-animation-production\output\04755--cbnaptcom-g--eaf70e3c\Civilian - Residential Building - Asian Apartment Complex - CBNAptCom_G.gif,C:\Users\Jeff\Documents\Codex\2026-08-18\in\w3d-animation-production\output\04755--cbnaptcom-g--eaf70e3c\Civilian - Residential Building - Asian Apartment Complex - CBNAptCom_G.gif,False
197,04761--cbnaptsingle-g--746f6bff,ZH_Generals\W3D.big\Art\W3D\CBNAptSingle_G.w3d,Civilian,Residential Building,Asian Apartment Single 01,CBNAptSingle_G,gif,publish,gif,Complete or intelligible subject with useful mechanical motion or a legitimate subtle loop.,C:\Users\Jeff\Documents\Codex\2026-08-18\in\w3d-animation-production\output\04761--cbnaptsingle-g--746f6bff\Civilian - Residential Building - Asian Apartment Single 01 - CBNAptSingle_G.gif,C:\Users\Jeff\Documents\Codex\2026-08-18\in\w3d-animation-production\output\04761--cbnaptsingle-g--746f6bff\Civilian - Residential Building - Asian Apartment Single 01 - CBNAptSingle_G.gif,False
198,04769--cbnaptunit-g--b85eaa4a,ZH_Generals\W3D.big\Art\W3D\CBNAptUnit_G.w3d,Civilian,Residential Building,Asian Apartment Unit,CBNAptUnit_G,gif,publish,gif,Complete or intelligible subject with useful mechanical motion or a legitimate subtle loop.,C:\Users\Jeff\Documents\Codex\2026-08-18\in\w3d-animation-production\output\04769--cbnaptunit-g--b85eaa4a\Civilian - Residential Building - Asian Apartment Unit - CBNAptUnit_G.gif,C:\Users\Jeff\Documents\Codex\2026-08-18\in\w3d-animation-production\output\04769--cbnaptunit-g--b85eaa4a\Civilian - Residential Building - Asian Apartment Unit - CBNAptUnit_G.gif,False
199,04869--cbnfarmhse-dg--b5e52642,ZH_Generals\W3D.big\Art\W3D\CBNFarmHse_dg.w3d,Civilian,Residential Building,Farm House,CBNFarmHse_dg,gif,publish,gif,Complete or intelligible subject with useful mechanical motion or a legitimate subtle loop.,C:\Users\Jeff\Documents\Codex\2026-08-18\in\w3d-animation-production\output\04869--cbnfarmhse-dg--b5e52642\Civilian - Residential Building - Farm House - CBNFarmHse_dg.gif,C:\Users\Jeff\Documents\Codex\2026-08-18\in\w3d-animation-production\output\04869--cbnfarmhse-dg--b5e52642\Civilian - Residential Building - Farm House - CBNFarmHse_dg.gif,False
200,05578--cbtownhs01-g--c5bd66ad,ZH_Generals\W3D.big\Art\W3D\CBTownHs01_G.w3d,Civilian,Residential Building,German Town House 1,CBTownHs01_G,gif,publish,gif,Complete or intelligible subject with useful mechanical motion or a legitimate subtle loop.,C:\Users\Jeff\Documents\Codex\2026-08-18\in\w3d-animation-production\output\05578--cbtownhs01-g--c5bd66ad\Civilian - Residential Building - German Town House 1 - CBTownHs01_G.gif,C:\Users\Jeff\Documents\Codex\2026-08-18\in\w3d-animation-production\output\05578--cbtownhs01-g--c5bd66ad\Civilian - Residential Building - German Town House 1 - CBTownHs01_G.gif,False
201,05592--cbtownhs02-g--726f42db,ZH_Generals\W3D.big\Art\W3D\CBTownHs02_G.w3d,Civilian,Residential Building,German Town House 2,CBTownHs02_G,gif,publish,gif,Complete or intelligible subject with useful mechanical motion or a legitimate subtle loop.,C:\Users\Jeff\Documents\Codex\2026-08-18\in\w3d-animation-production\output\05592--cbtownhs02-g--726f42db\Civilian - Residential Building - German Town House 2 - CBTownHs02_G.gif,C:\Users\Jeff\Documents\Codex\2026-08-18\in\w3d-animation-production\output\05592--cbtownhs02-g--726f42db\Civilian - Residential Building - German Town House 2 - CBTownHs02_G.gif,False
202,00816--cbgreek1-g--b11242ad,W3DZH.big\Art\W3D\CBGREEK1_G.w3d,Civilian,Residential Building,Greek House 1,CBGREEK1_G,gif,publish,gif,Complete or intelligible subject with useful mechanical motion or a legitimate subtle loop.,C:\Users\Jeff\Documents\Codex\2026-08-18\in\w3d-animation-production\output\00816--cbgreek1-g--b11242ad\Civilian - Residential Building - Greek House 1 - CBGREEK1_G.gif,C:\Users\Jeff\Documents\Codex\2026-08-18\in\w3d-animation-production\output\00816--cbgreek1-g--b11242ad\Civilian - Residential Building - Greek House 1 - CBGREEK1_G.gif,False
203,00821--cbgreek2-g--41ba4338,W3DZH.big\Art\W3D\CBGREEK2_G.w3d,Civilian,Residential Building,Greek House 2,CBGREEK2_G,gif,publish,gif,Complete or intelligible subject with useful mechanical motion or a legitimate subtle loop.,C:\Users\Jeff\Documents\Codex\2026-08-18\in\w3d-animation-production\output\00821--cbgreek2-g--41ba4338\Civilian - Residential Building - Greek House 2 - CBGREEK2_G.gif,C:\Users\Jeff\Documents\Codex\2026-08-18\in\w3d-animation-production\output\00821--cbgreek2-g--41ba4338\Civilian - Residential Building - Greek House 2 - CBGREEK2_G.gif,False
204,00826--cbgreek3-g--b329ea0a,W3DZH.big\Art\W3D\CBGREEK3_G.w3d,Civilian,Residential Building,Greek House 3,CBGREEK3_G,gif,publish,gif,Complete or intelligible subject with useful mechanical motion or a legitimate subtle loop.,C:\Users\Jeff\Documents\Codex\2026-08-18\in\w3d-animation-production\output\00826--cbgreek3-g--b329ea0a\Civilian - Residential Building - Greek House 3 - CBGREEK3_G.gif,C:\Users\Jeff\Documents\Codex\2026-08-18\in\w3d-animation-production\output\00826--cbgreek3-g--b329ea0a\Civilian - Residential Building - Greek House 3 - CBGREEK3_G.gif,False
205,02387--cmamhome1-dg--5379c27e,W3DZH.big\Art\W3D\CMAMHOME1_DG.w3d,Civilian,Residential Building,Home 01,CMAMHOME1_DG,gif,publish,gif,Complete or intelligible subject with useful mechanical motion or a legitimate subtle loop.,C:\Users\Jeff\Documents\Codex\2026-08-18\in\w3d-animation-production\output\02387--cmamhome1-dg--5379c27e\Civilian - Residential Building - Home 01 - CMAMHOME1_DG.gif,C:\Users\Jeff\Documents\Codex\2026-08-18\in\w3d-animation-production\output\02387--cmamhome1-dg--5379c27e\Civilian - Residential Building - Home 01 - CMAMHOME1_DG.gif,False
206,02392--cmamhome2-dg--0b7f80fb,W3DZH.big\Art\W3D\CMAMHOME2_DG.w3d,Civilian,Residential Building,Home 02,CMAMHOME2_DG,gif,publish,gif,Complete or intelligible subject with useful mechanical motion or a legitimate subtle loop.,C:\Users\Jeff\Documents\Codex\2026-08-18\in\w3d-animation-production\output\02392--cmamhome2-dg--0b7f80fb\Civilian - Residential Building - Home 02 - CMAMHOME2_DG.gif,C:\Users\Jeff\Documents\Codex\2026-08-18\in\w3d-animation-production\output\02392--cmamhome2-dg--0b7f80fb\Civilian - Residential Building - Home 02 - CMAMHOME2_DG.gif,False
207,05198--cbtarchse-g--d85e4bfb,ZH_Generals\W3D.big\Art\W3D\CBTArcHse_G.w3d,Civilian,Residential Building,Mogadishu Arched House,CBTArcHse_G,gif,publish,gif,Complete or intelligible subject with useful mechanical motion or a legitimate subtle loop.,C:\Users\Jeff\Documents\Codex\2026-08-18\in\w3d-animation-production\output\05198--cbtarchse-g--d85e4bfb\Civilian - Residential Building - Mogadishu Arched House - CBTArcHse_G.gif,C:\Users\Jeff\Documents\Codex\2026-08-18\in\w3d-animation-production\output\05198--cbtarchse-g--d85e4bfb\Civilian - Residential Building - Mogadishu Arched House - CBTArcHse_G.gif,False
208,04726--cbmogdis08-dg--f5aebfe2,ZH_Generals\W3D.big\Art\W3D\CBMogdis08_dg.w3d,Civilian,Residential Building,Mogadishu House 01,CBMogdis08_dg,gif,publish,gif,Complete or intelligible subject with useful mechanical motion or a legitimate subtle loop.,C:\Users\Jeff\Documents\Codex\2026-08-18\in\w3d-animation-production\output\04726--cbmogdis08-dg--f5aebfe2\Civilian - Residential Building - Mogadishu House 01 - CBMogdis08_dg.gif,C:\Users\Jeff\Documents\Codex\2026-08-18\in\w3d-animation-production\output\04726--cbmogdis08-dg--f5aebfe2\Civilian - Residential Building - Mogadishu House 01 - CBMogdis08_dg.gif,False
209,01808--cbthouse01-sg--b293e6fb,W3DZH.big\Art\W3D\CBTHouse01_SG.w3d,Civilian,Residential Building,Mogadishu House 02,CBTHouse01_SG,gif,publish,gif,Complete or intelligible subject with useful mechanical motion or a legitimate subtle loop.,C:\Users\Jeff\Documents\Codex\2026-08-18\in\w3d-animation-production\output\01808--cbthouse01-sg--b293e6fb\Civilian - Residential Building - Mogadishu House 02 - CBTHouse01_SG.gif,C:\Users\Jeff\Documents\Codex\2026-08-18\in\w3d-animation-production\output\01808--cbthouse01-sg--b293e6fb\Civilian - Residential Building - Mogadishu House 02 - CBTHouse01_SG.gif,False
210,05331--cbthouse03-g--66a6eb90,ZH_Generals\W3D.big\Art\W3D\CBTHouse03_G.w3d,Civilian,Residential Building,Mogadishu House 03,CBTHouse03_G,gif,publish,gif,Complete or intelligible subject with useful mechanical motion or a legitimate subtle loop.,C:\Users\Jeff\Documents\Codex\2026-08-18\in\w3d-animation-production\output\05331--cbthouse03-g--66a6eb90\Civilian - Residential Building - Mogadishu House 03 - CBTHouse03_G.gif,C:\Users\Jeff\Documents\Codex\2026-08-18\in\w3d-animation-production\output\05331--cbthouse03-g--66a6eb90\Civilian - Residential Building - Mogadishu House 03 - CBTHouse03_G.gif,False
211,05343--cbthouse04-g--9da97bd7,ZH_Generals\W3D.big\Art\W3D\CBTHouse04_G.w3d,Civilian,Residential Building,Mogadishu House 04,CBTHouse04_G,gif,publish,gif,Complete or intelligible subject with useful mechanical motion or a legitimate subtle loop.,C:\Users\Jeff\Documents\Codex\2026-08-18\in\w3d-animation-production\output\05343--cbthouse04-g--9da97bd7\Civilian - Residential Building - Mogadishu House 04 - CBTHouse04_G.gif,C:\Users\Jeff\Documents\Codex\2026-08-18\in\w3d-animation-production\output\05343--cbthouse04-g--9da97bd7\Civilian - Residential Building - Mogadishu House 04 - CBTHouse04_G.gif,False
212,05358--cbthouse05-g--8d935260,ZH_Generals\W3D.big\Art\W3D\CBTHouse05_G.w3d,Civilian,Residential Building,Mogadishu House 05,CBTHouse05_G,gif,publish,gif,Complete or intelligible subject with useful mechanical motion or a legitimate subtle loop.,C:\Users\Jeff\Documents\Codex\2026-08-18\in\w3d-animation-production\output\05358--cbthouse05-g--8d935260\Civilian - Residential Building - Mogadishu House 05 - CBTHouse05_G.gif,C:\Users\Jeff\Documents\Codex\2026-08-18\in\w3d-animation-production\output\05358--cbthouse05-g--8d935260\Civilian - Residential Building - Mogadishu House 05 - CBTHouse05_G.gif,False
213,05372--cbthouse06-g--1408aac9,ZH_Generals\W3D.big\Art\W3D\CBTHouse06_G.w3d,Civilian,Residential Building,Mogadishu House 06,CBTHouse06_G,gif,publish,gif,Complete or intelligible subject with useful mechanical motion or a legitimate subtle loop.,C:\Users\Jeff\Documents\Codex\2026-08-18\in\w3d-animation-production\output\05372--cbthouse06-g--1408aac9\Civilian - Residential Building - Mogadishu House 06 - CBTHouse06_G.gif,C:\Users\Jeff\Documents\Codex\2026-08-18\in\w3d-animation-production\output\05372--cbthouse06-g--1408aac9\Civilian - Residential Building - Mogadishu House 06 - CBTHouse06_G.gif,False
214,05383--cbthouse07-g--df265d59,ZH_Generals\W3D.big\Art\W3D\CBTHouse07_G.w3d,Civilian,Residential Building,Mogadishu House 07,CBTHouse07_G,gif,publish,gif,Complete or intelligible subject with useful mechanical motion or a legitimate subtle loop.,C:\Users\Jeff\Documents\Codex\2026-08-18\in\w3d-animation-production\output\05383--cbthouse07-g--df265d59\Civilian - Residential Building - Mogadishu House 07 - CBTHouse07_G.gif,C:\Users\Jeff\Documents\Codex\2026-08-18\in\w3d-animation-production\output\05383--cbthouse07-g--df265d59\Civilian - Residential Building - Mogadishu House 07 - CBTHouse07_G.gif,False
215,05391--cbthouse08-g--a8cd5aba,ZH_Generals\W3D.big\Art\W3D\CBTHouse08_G.w3d,Civilian,Residential Building,Mogadishu House 08,CBTHouse08_G,gif,publish,gif,Complete or intelligible subject with useful mechanical motion or a legitimate subtle loop.,C:\Users\Jeff\Documents\Codex\2026-08-18\in\w3d-animation-production\output\05391--cbthouse08-g--a8cd5aba\Civilian - Residential Building - Mogadishu House 08 - CBTHouse08_G.gif,C:\Users\Jeff\Documents\Codex\2026-08-18\in\w3d-animation-production\output\05391--cbthouse08-g--a8cd5aba\Civilian - Residential Building - Mogadishu House 08 - CBTHouse08_G.gif,False
216,01895--cbthouse09-sg--83545370,W3DZH.big\Art\W3D\CBTHouse09_SG.w3d,Civilian,Residential Building,Mogadishu House 09,CBTHouse09_SG,gif,publish,gif,Complete or intelligible subject with useful mechanical motion or a legitimate subtle loop.,C:\Users\Jeff\Documents\Codex\2026-08-18\in\w3d-animation-production\output\01895--cbthouse09-sg--83545370\Civilian - Residential Building - Mogadishu House 09 - CBTHouse09_SG.gif,C:\Users\Jeff\Documents\Codex\2026-08-18\in\w3d-animation-production\output\01895--cbthouse09-sg--83545370\Civilian - Residential Building - Mogadishu House 09 - CBTHouse09_SG.gif,False
217,05410--cbthouse10-g--18ea7e4d,ZH_Generals\W3D.big\Art\W3D\CBTHouse10_G.w3d,Civilian,Residential Building,Mogadishu House 10,CBTHouse10_G,gif,publish,gif,Complete or intelligible subject with useful mechanical motion or a legitimate subtle loop.,C:\Users\Jeff\Documents\Codex\2026-08-18\in\w3d-animation-production\output\05410--cbthouse10-g--18ea7e4d\Civilian - Residential Building - Mogadishu House 10 - CBTHouse10_G.gif,C:\Users\Jeff\Documents\Codex\2026-08-18\in\w3d-animation-production\output\05410--cbthouse10-g--18ea7e4d\Civilian - Residential Building - Mogadishu House 10 - CBTHouse10_G.gif,False
218,01921--cbthouse11-sng--fdfcf84d,W3DZH.big\Art\W3D\CBTHouse11_sng.w3d,Civilian,Residential Building,Mogadishu House 11,CBTHouse11_sng,gif,publish,gif,Complete or intelligible subject with useful mechanical motion or a legitimate subtle loop.,C:\Users\Jeff\Documents\Codex\2026-08-18\in\w3d-animation-production\output\01921--cbthouse11-sng--fdfcf84d\Civilian - Residential Building - Mogadishu House 11 - CBTHouse11_sng.gif,C:\Users\Jeff\Documents\Codex\2026-08-18\in\w3d-animation-production\output\01921--cbthouse11-sng--fdfcf84d\Civilian - Residential Building - Mogadishu House 11 - CBTHouse11_sng.gif,False
219,05432--cbthouse12-g--b997280f,ZH_Generals\W3D.big\Art\W3D\CBTHouse12_G.w3d,Civilian,Residential Building,Mogadishu House 12,CBTHouse12_G,gif,publish,gif,Complete or intelligible subject with useful mechanical motion or a legitimate subtle loop.,C:\Users\Jeff\Documents\Codex\2026-08-18\in\w3d-animation-production\output\05432--cbthouse12-g--b997280f\Civilian - Residential Building - Mogadishu House 12 - CBTHouse12_G.gif,C:\Users\Jeff\Documents\Codex\2026-08-18\in\w3d-animation-production\output\05432--cbthouse12-g--b997280f\Civilian - Residential Building - Mogadishu House 12 - CBTHouse12_G.gif,False
220,05440--cbthouse13-dng--4357306d,ZH_Generals\W3D.big\Art\W3D\CBTHouse13_DNG.w3d,Civilian,Residential Building,Mogadishu House 13,CBTHouse13_DNG,gif,publish,gif,Complete or intelligible subject with useful mechanical motion or a legitimate subtle loop.,C:\Users\Jeff\Documents\Codex\2026-08-18\in\w3d-animation-production\output\05440--cbthouse13-dng--4357306d\Civilian - Residential Building - Mogadishu House 13 - CBTHouse13_DNG.gif,C:\Users\Jeff\Documents\Codex\2026-08-18\in\w3d-animation-production\output\05440--cbthouse13-dng--4357306d\Civilian - Residential Building - Mogadishu House 13 - CBTHouse13_DNG.gif,False
221,05450--cbthouse15-g--b4f81026,ZH_Generals\W3D.big\Art\W3D\CBTHouse15_G.w3d,Civilian,Residential Building,Mogadishu House 15,CBTHouse15_G,gif,publish,gif,Complete or intelligible subject with useful mechanical motion or a legitimate subtle loop.,C:\Users\Jeff\Documents\Codex\2026-08-18\in\w3d-animation-production\output\05450--cbthouse15-g--b4f81026\Civilian - Residential Building - Mogadishu House 15 - CBTHouse15_G.gif,C:\Users\Jeff\Documents\Codex\2026-08-18\in\w3d-animation-production\output\05450--cbthouse15-g--b4f81026\Civilian - Residential Building - Mogadishu House 15 - CBTHouse15_G.gif,False
222,05457--cbthouse16-g--a1c5b84d,ZH_Generals\W3D.big\Art\W3D\CBTHouse16_G.w3d,Civilian,Residential Building,Mogadishu House 16,CBTHouse16_G,gif,publish,gif,Complete or intelligible subject with useful mechanical motion or a legitimate subtle loop.,C:\Users\Jeff\Documents\Codex\2026-08-18\in\w3d-animation-production\output\05457--cbthouse16-g--a1c5b84d\Civilian - Residential Building - Mogadishu House 16 - CBTHouse16_G.gif,C:\Users\Jeff\Documents\Codex\2026-08-18\in\w3d-animation-production\output\05457--cbthouse16-g--a1c5b84d\Civilian - Residential Building - Mogadishu House 16 - CBTHouse16_G.gif,False
223,05465--cbthouse17-g--013711df,ZH_Generals\W3D.big\Art\W3D\CBTHouse17_G.w3d,Civilian,Residential Building,Mogadishu House 17,CBTHouse17_G,gif,publish,gif,Complete or intelligible subject with useful mechanical motion or a legitimate subtle loop.,C:\Users\Jeff\Documents\Codex\2026-08-18\in\w3d-animation-production\output\05465--cbthouse17-g--013711df\Civilian - Residential Building - Mogadishu House 17 - CBTHouse17_G.gif,C:\Users\Jeff\Documents\Codex\2026-08-18\in\w3d-animation-production\output\05465--cbthouse17-g--013711df\Civilian - Residential Building - Mogadishu House 17 - CBTHouse17_G.gif,False
224,05006--cbnriverho-dg--e2611aa2,ZH_Generals\W3D.big\Art\W3D\CBNRiverHo_dg.w3d,Civilian,Residential Building,River House 01,CBNRiverHo_dg,gif,publish,gif,Complete or intelligible subject with useful mechanical motion or a legitimate subtle loop.,C:\Users\Jeff\Documents\Codex\2026-08-18\in\w3d-animation-production\output\05006--cbnriverho-dg--e2611aa2\Civilian - Residential Building - River House 01 - CBNRiverHo_dg.gif,C:\Users\Jeff\Documents\Codex\2026-08-18\in\w3d-animation-production\output\05006--cbnriverho-dg--e2611aa2\Civilian - Residential Building - River House 01 - CBNRiverHo_dg.gif,False
225,01377--cbnriverh2-dsg--68ca7ba4,W3DZH.big\Art\W3D\CBNRiverH2_dsg.w3d,Civilian,Residential Building,River House 02,CBNRiverH2_dsg,gif,publish,gif,Complete or intelligible subject with useful mechanical motion or a legitimate subtle loop.,C:\Users\Jeff\Documents\Codex\2026-08-18\in\w3d-animation-production\output\01377--cbnriverh2-dsg--68ca7ba4\Civilian - Residential Building - River House 02 - CBNRiverH2_dsg.gif,C:\Users\Jeff\Documents\Codex\2026-08-18\in\w3d-animation-production\output\01377--cbnriverh2-dsg--68ca7ba4\Civilian - Residential Building - River House 02 - CBNRiverH2_dsg.gif,False
226,05170--cbtaprtmn1-g--d0444e6d,ZH_Generals\W3D.big\Art\W3D\CBTAprtmn1_G.w3d,Civilian,Residential Building,Stan Apartment 01,CBTAprtmn1_G,gif,publish,gif,Complete or intelligible subject with useful mechanical motion or a legitimate subtle loop.,C:\Users\Jeff\Documents\Codex\2026-08-18\in\w3d-animation-production\output\05170--cbtaprtmn1-g--d0444e6d\Civilian - Residential Building - Stan Apartment 01 - CBTAprtmn1_G.gif,C:\Users\Jeff\Documents\Codex\2026-08-18\in\w3d-animation-production\output\05170--cbtaprtmn1-g--d0444e6d\Civilian - Residential Building - Stan Apartment 01 - CBTAprtmn1_G.gif,False
227,05187--cbtaprtmn2-g--7f155410,ZH_Generals\W3D.big\Art\W3D\CBTAprtmn2_G.w3d,Civilian,Residential Building,Stan Apartment 02,CBTAprtmn2_G,gif,publish,gif,Complete or intelligible subject with useful mechanical motion or a legitimate subtle loop.,C:\Users\Jeff\Documents\Codex\2026-08-18\in\w3d-animation-production\output\05187--cbtaprtmn2-g--7f155410\Civilian - Residential Building - Stan Apartment 02 - CBTAprtmn2_G.gif,C:\Users\Jeff\Documents\Codex\2026-08-18\in\w3d-animation-production\output\05187--cbtaprtmn2-g--7f155410\Civilian - Residential Building - Stan Apartment 02 - CBTAprtmn2_G.gif,False
228,04750--cbnaptbuil-g--4c51931f,ZH_Generals\W3D.big\Art\W3D\CBNAptBuil_G.w3d,Civilian,Residential Building,Stan Apartment Single 01,CBNAptBuil_G,gif,publish,gif,Complete or intelligible subject with useful mechanical motion or a legitimate subtle loop.,C:\Users\Jeff\Documents\Codex\2026-08-18\in\w3d-animation-production\output\04750--cbnaptbuil-g--4c51931f\Civilian - Residential Building - Stan Apartment Single 01 - CBNAptBuil_G.gif,C:\Users\Jeff\Documents\Codex\2026-08-18\in\w3d-animation-production\output\04750--cbnaptbuil-g--4c51931f\Civilian - Residential Building - Stan Apartment Single 01 - CBNAptBuil_G.gif,False
229,05621--cbtschlhs-dg--d91afe44,ZH_Generals\W3D.big\Art\W3D\CBTSchlhs_dg.w3d,Civilian,Residential Building,Stan Schoolhouse 02,CBTSchlhs_dg,gif,publish,gif,Complete or intelligible subject with useful mechanical motion or a legitimate subtle loop.,C:\Users\Jeff\Documents\Codex\2026-08-18\in\w3d-animation-production\output\05621--cbtschlhs-dg--d91afe44\Civilian - Residential Building - Stan Schoolhouse 02 - CBTSchlhs_dg.gif,C:\Users\Jeff\Documents\Codex\2026-08-18\in\w3d-animation-production\output\05621--cbtschlhs-dg--d91afe44\Civilian - Residential Building - Stan Schoolhouse 02 - CBTSchlhs_dg.gif,False
230,01481--cbntmhvfh-g--e02eaa4e,W3DZH.big\Art\W3D\CBNTmHvFH_G.w3d,Civilian,Residential Building,Temple Of Heaven Front House,CBNTmHvFH_G,gif,publish,gif,Complete or intelligible subject with useful mechanical motion or a legitimate subtle loop.,C:\Users\Jeff\Documents\Codex\2026-08-18\in\w3d-animation-production\output\01481--cbntmhvfh-g--e02eaa4e\Civilian - Residential Building - Temple Of Heaven Front House - CBNTmHvFH_G.gif,C:\Users\Jeff\Documents\Codex\2026-08-18\in\w3d-animation-production\output\01481--cbntmhvfh-g--e02eaa4e\Civilian - Residential Building - Temple Of Heaven Front House - CBNTmHvFH_G.gif,False
231,01487--cbntmhvgt-g--32eebc9e,W3DZH.big\Art\W3D\CBNTmHvGT_G.w3d,Civilian,Residential Building,Temple Of Heaven Gate House,CBNTmHvGT_G,gif,publish,gif,Complete or intelligible subject with useful mechanical motion or a legitimate subtle loop.,C:\Users\Jeff\Documents\Codex\2026-08-18\in\w3d-animation-production\output\01487--cbntmhvgt-g--32eebc9e\Civilian - Residential Building - Temple Of Heaven Gate House - CBNTmHvGT_G.gif,C:\Users\Jeff\Documents\Codex\2026-08-18\in\w3d-animation-production\output\01487--cbntmhvgt-g--32eebc9e\Civilian - Residential Building - Temple Of Heaven Gate House - CBNTmHvGT_G.gif,False
232,01501--cbntmhvsh-g--4a57cb08,W3DZH.big\Art\W3D\CBNTmHvSH_G.w3d,Civilian,Residential Building,Temple Of Heaven Side House,CBNTmHvSH_G,gif,publish,gif,Complete or intelligible subject with useful mechanical motion or a legitimate subtle loop.,C:\Users\Jeff\Documents\Codex\2026-08-18\in\w3d-animation-production\output\01501--cbntmhvsh-g--4a57cb08\Civilian - Residential Building - Temple Of Heaven Side House - CBNTmHvSH_G.gif,C:\Users\Jeff\Documents\Codex\2026-08-18\in\w3d-animation-production\output\01501--cbntmhvsh-g--4a57cb08\Civilian - Residential Building - Temple Of Heaven Side House - CBNTmHvSH_G.gif,False
233,05761--cbwrfwhrs1-dg--ebf83957,ZH_Generals\W3D.big\Art\W3D\CBWrFWhrs1_dg.w3d,Civilian,Residential Building,Waterfront Wherehouse 01,CBWrFWhrs1_dg,gif,publish,gif,Complete or intelligible subject with useful mechanical motion or a legitimate subtle loop.,C:\Users\Jeff\Documents\Codex\2026-08-18\in\w3d-animation-production\output\05761--cbwrfwhrs1-dg--ebf83957\Civilian - Residential Building - Waterfront Wherehouse 01 - CBWrFWhrs1_dg.gif,C:\Users\Jeff\Documents\Codex\2026-08-18\in\w3d-animation-production\output\05761--cbwrfwhrs1-dg--ebf83957\Civilian - Residential Building - Waterfront Wherehouse 01 - CBWrFWhrs1_dg.gif,False
234,05750--cbwfrwhrs2-dg--382d8c50,ZH_Generals\W3D.big\Art\W3D\CBWFrWhrs2_DG.w3d,Civilian,Residential Building,Waterfront Wherehouse 02,CBWFrWhrs2_DG,gif,publish,gif,Complete or intelligible subject with useful mechanical motion or a legitimate subtle loop.,C:\Users\Jeff\Documents\Codex\2026-08-18\in\w3d-animation-production\output\05750--cbwfrwhrs2-dg--382d8c50\Civilian - Residential Building - Waterfront Wherehouse 02 - CBWFrWhrs2_DG.gif,C:\Users\Jeff\Documents\Codex\2026-08-18\in\w3d-animation-production\output\05750--cbwfrwhrs2-dg--382d8c50\Civilian - Residential Building - Waterfront Wherehouse 02 - CBWFrWhrs2_DG.gif,False
235,03017--pmouthouse01-g--f2f365d2,W3DZH.big\Art\W3D\pmouthouse01_g.w3d,Environment,Base Building,Outhouse 01,pmouthouse01_g,gif,publish,gif,Complete or intelligible subject with useful mechanical motion or a legitimate subtle loop.,C:\Users\Jeff\Documents\Codex\2026-08-18\in\w3d-animation-production\output\03017--pmouthouse01-g--f2f365d2\Environment - Base Building - Outhouse 01 - pmouthouse01_g.gif,C:\Users\Jeff\Documents\Codex\2026-08-18\in\w3d-animation-production\output\03017--pmouthouse01-g--f2f365d2\Environment - Base Building - Outhouse 01 - pmouthouse01_g.gif,False
236,03020--pmouthouse02-g--afde52eb,W3DZH.big\Art\W3D\pmouthouse02_g.w3d,Environment,Base Building,Outhouse 02,pmouthouse02_g,gif,publish,gif,Complete or intelligible subject with useful mechanical motion or a legitimate subtle loop.,C:\Users\Jeff\Documents\Codex\2026-08-18\in\w3d-animation-production\output\03020--pmouthouse02-g--afde52eb\Environment - Base Building - Outhouse 02 - pmouthouse02_g.gif,C:\Users\Jeff\Documents\Codex\2026-08-18\in\w3d-animation-production\output\03020--pmouthouse02-g--afde52eb\Environment - Base Building - Outhouse 02 - pmouthouse02_g.gif,False
237,04263--pmcrane--fc9740bb,ZH_Generals\W3D.big\Art\W3D\Cargo Loading Cranes - PMCrane.w3d,Environment,Prop,Cargo Loading Cranes,PMCrane,gif,reject,,component only or contextless subassembly,C:\Users\Jeff\Documents\Codex\2026-08-18\in\w3d-animation-production\output\04263--pmcrane--fc9740bb\Environment - Prop - Cargo Loading Cranes - PMCrane.gif,,False
238,06628--pmchkpnt02-d--bf359356,ZH_Generals\W3D.big\Art\W3D\PMChkPnt02_D.w3d,Environment,Prop,Check Point Crossing Guard,PMChkPnt02_D,gif,publish,gif,"Complete or intelligible subject with subtle, short, or continuously looping motion.",C:\Users\Jeff\Documents\Codex\2026-08-18\in\w3d-animation-production\output\06628--pmchkpnt02-d--bf359356\Environment - Prop - Check Point Crossing Guard - PMChkPnt02_D.gif,C:\Users\Jeff\Documents\Codex\2026-08-18\in\w3d-animation-production\output\06628--pmchkpnt02-d--bf359356\Environment - Prop - Check Point Crossing Guard - PMChkPnt02_D.gif,True
239,05841--pmclthln--17c264cb,ZH_Generals\W3D.big\Art\W3D\Clothes Line - PMClthLn.w3d,Environment,Prop,Clothes Line,PMClthLn,gif,publish,gif,"Complete or intelligible subject with subtle, short, or continuously looping motion.",C:\Users\Jeff\Documents\Codex\2026-08-18\in\w3d-animation-production\output\05841--pmclthln--17c264cb\Environment - Prop - Clothes Line - PMClthLn.gif,C:\Users\Jeff\Documents\Codex\2026-08-18\in\w3d-animation-production\output\05841--pmclthln--17c264cb\Environment - Prop - Clothes Line - PMClthLn.gif,True
240,06896--pmrrsign--8617d215,ZH_Generals\W3D.big\Art\W3D\RR Sign - PMRRSign.w3d,Environment,Prop,RR Sign,PMRRSign,gif,publish,gif,"Complete or intelligible subject with subtle, short, or continuously looping motion.",C:\Users\Jeff\Documents\Codex\2026-08-18\in\w3d-animation-production\output\06896--pmrrsign--8617d215\Environment - Prop - RR Sign - PMRRSign.gif,C:\Users\Jeff\Documents\Codex\2026-08-18\in\w3d-animation-production\output\06896--pmrrsign--8617d215\Environment - Prop - RR Sign - PMRRSign.gif,True
241,03041--pmsprinklr-d--3ef504cc,W3DZH.big\Art\W3D\PMSprinklr_d.w3d,Environment,Prop,Sprinkler,PMSprinklr_d,gif,publish,gif,"Complete or intelligible subject with subtle, short, or continuously looping motion.",C:\Users\Jeff\Documents\Codex\2026-08-18\in\w3d-animation-production\output\03041--pmsprinklr-d--3ef504cc\Environment - Prop - Sprinkler - PMSprinklr_d.gif,C:\Users\Jeff\Documents\Codex\2026-08-18\in\w3d-animation-production\output\03041--pmsprinklr-d--3ef504cc\Environment - Prop - Sprinkler - PMSprinklr_d.gif,True
242,06975--pmswing--a3933006,ZH_Generals\W3D.big\Art\W3D\Swing - PMSwing.w3d,Environment,Prop,Swing,PMSwing,gif,publish,gif,"Complete or intelligible subject with subtle, short, or continuously looping motion.",C:\Users\Jeff\Documents\Codex\2026-08-18\in\w3d-animation-production\output\06975--pmswing--a3933006\Environment - Prop - Swing - PMSwing.gif,C:\Users\Jeff\Documents\Codex\2026-08-18\in\w3d-animation-production\output\06975--pmswing--a3933006\Environment - Prop - Swing - PMSwing.gif,True
243,03058--pmtorch-n--ef136a40,W3DZH.big\Art\W3D\PMTORCH_N.w3d,Environment,Prop,Torches,PMTORCH_N,gif,publish,gif,"Complete or intelligible subject with subtle, short, or continuously looping motion.",C:\Users\Jeff\Documents\Codex\2026-08-18\in\w3d-animation-production\output\03058--pmtorch-n--ef136a40\Environment - Prop - Torches - PMTORCH_N.gif,C:\Users\Jeff\Documents\Codex\2026-08-18\in\w3d-animation-production\output\03058--pmtorch-n--ef136a40\Environment - Prop - Torches - PMTORCH_N.gif,True
244,03095--pmtrnfrmer2-d--c1cc922f,W3DZH.big\Art\W3D\PMTrnfrmer2_d.w3d,Environment,Prop,Trnfrmer 2,PMTrnfrmer2_d,gif,publish,gif,"Complete or intelligible subject with subtle, short, or continuously looping motion.",C:\Users\Jeff\Documents\Codex\2026-08-18\in\w3d-animation-production\output\03095--pmtrnfrmer2-d--c1cc922f\Environment - Prop - Trnfrmer 2 - PMTrnfrmer2_d.gif,C:\Users\Jeff\Documents\Codex\2026-08-18\in\w3d-animation-production\output\03095--pmtrnfrmer2-d--c1cc922f\Environment - Prop - Trnfrmer 2 - PMTrnfrmer2_d.gif,True
245,03098--pmuncrate--fad3af0b,W3DZH.big\Art\W3D\PMUNCrate.w3d,Environment,Prop,UN Crate,PMUNCrate,gif,publish,gif,Complete or intelligible subject with useful mechanical motion or a legitimate subtle loop.,C:\Users\Jeff\Documents\Codex\2026-08-18\in\w3d-animation-production\output\03098--pmuncrate--fad3af0b\Environment - Prop - UN Crate - PMUNCrate.gif,C:\Users\Jeff\Documents\Codex\2026-08-18\in\w3d-animation-production\output\03098--pmuncrate--fad3af0b\Environment - Prop - UN Crate - PMUNCrate.gif,False
246,03099--pmuncrate02--2787f814,W3DZH.big\Art\W3D\PMUNCrate02.w3d,Environment,Prop,UN Crate 02,PMUNCrate02,gif,publish,gif,Complete or intelligible subject with useful mechanical motion or a legitimate subtle loop.,C:\Users\Jeff\Documents\Codex\2026-08-18\in\w3d-animation-production\output\03099--pmuncrate02--2787f814\Environment - Prop - UN Crate 02 - PMUNCrate02.gif,C:\Users\Jeff\Documents\Codex\2026-08-18\in\w3d-animation-production\output\03099--pmuncrate02--2787f814\Environment - Prop - UN Crate 02 - PMUNCrate02.gif,False
247,06099--uvcargopln--ef932146,ZH_Generals\W3D.big\Art\W3D\GLA Jet Cargo Plane - UVCargoPln.w3d,GLA,Aviation,Cargo Plane,UVCargoPln,gif,publish,gif,"Complete or intelligible subject with subtle, short, or continuously looping motion.",C:\Users\Jeff\Documents\Codex\2026-08-18\in\w3d-animation-production\output\06099--uvcargopln--ef932146\GLA - Aviation - Cargo Plane - UVCargoPln.gif,C:\Users\Jeff\Documents\Codex\2026-08-18\in\w3d-animation-production\output\06099--uvcargopln--ef932146\GLA - Aviation - Cargo Plane - UVCargoPln.gif,True
248,07261--uvcargopln-d--cf903085,ZH_Generals\W3D.big\Art\W3D\UVCargoPln_d.w3d,GLA,Aviation,Cargo Plane,UVCargoPln_d,gif,publish,gif,"Complete or intelligible subject with subtle, short, or continuously looping motion.",C:\Users\Jeff\Documents\Codex\2026-08-18\in\w3d-animation-production\output\07261--uvcargopln-d--cf903085\GLA - Aviation - Cargo Plane - UVCargoPln_d.gif,C:\Users\Jeff\Documents\Codex\2026-08-18\in\w3d-animation-production\output\07261--uvcargopln-d--cf903085\GLA - Aviation - Cargo Plane - UVCargoPln_d.gif,True
249,03223--ubarfrccmd--96ad834b,W3DZH.big\Art\W3D\UBArFrcCmd.w3d,GLA,Base Building,Ar Frc Cmd,UBArFrcCmd,gif,publish,gif,"Complete or intelligible subject with subtle, short, or continuously looping motion.",C:\Users\Jeff\Documents\Codex\2026-08-18\in\w3d-animation-production\output\03223--ubarfrccmd--96ad834b\GLA - Base Building - Ar Frc Cmd - UBArFrcCmd.gif,C:\Users\Jeff\Documents\Codex\2026-08-18\in\w3d-animation-production\output\03223--ubarfrccmd--96ad834b\GLA - Base Building - Ar Frc Cmd - UBArFrcCmd.gif,True
250,03224--ubarfrccmd-a2--645006ec,W3DZH.big\Art\W3D\UBArFrcCmd_A2.w3d,GLA,Base Building,Ar Frc Cmd A 2,UBArFrcCmd_A2,gif,reject,,component only or contextless subassembly,C:\Users\Jeff\Documents\Codex\2026-08-18\in\w3d-animation-production\output\03224--ubarfrccmd-a2--645006ec\GLA - Base Building - Ar Frc Cmd A 2 - UBArFrcCmd_A2.gif,,False
251,03225--ubarfrccmd-a3--15bff804,W3DZH.big\Art\W3D\UBArFrcCmd_A3.w3d,GLA,Base Building,Ar Frc Cmd A 3,UBArFrcCmd_A3,gif,reject,,component only or contextless subassembly,C:\Users\Jeff\Documents\Codex\2026-08-18\in\w3d-animation-production\output\03225--ubarfrccmd-a3--15bff804\GLA - Base Building - Ar Frc Cmd A 3 - UBArFrcCmd_A3.gif,,False
252,03235--ubarmdealf--e8a0334d,W3DZH.big\Art\W3D\UBArmDealF.w3d,GLA,Base Building,Arm Deal F,UBArmDealF,gif,publish,gif,Complete or intelligible subject with useful mechanical motion or a legitimate subtle loop.,C:\Users\Jeff\Documents\Codex\2026-08-18\in\w3d-animation-production\output\03235--ubarmdealf--e8a0334d\GLA - Base Building - Arm Deal F - UBArmDealF.gif,C:\Users\Jeff\Documents\Codex\2026-08-18\in\w3d-animation-production\output\03235--ubarmdealf--e8a0334d\GLA - Base Building - Arm Deal F - UBArmDealF.gif,False
253,03237--ubarmdealf-ns--322be28e,W3DZH.big\Art\W3D\UBArmDealF_NS.w3d,GLA,Base Building,Arm Deal F NS,UBArmDealF_NS,gif,publish,gif,Complete or intelligible subject with useful mechanical motion or a legitimate subtle loop.,C:\Users\Jeff\Documents\Codex\2026-08-18\in\w3d-animation-production\output\03237--ubarmdealf-ns--322be28e\GLA - Base Building - Arm Deal F NS - UBArmDealF_NS.gif,C:\Users\Jeff\Documents\Codex\2026-08-18\in\w3d-animation-production\output\03237--ubarmdealf-ns--322be28e\GLA - Base Building - Arm Deal F NS - UBArmDealF_NS.gif,False
254,03275--ubblackmktf--30bb65ea,W3DZH.big\Art\W3D\UBBlackMktF.w3d,GLA,Base Building,Black Mkt F,UBBlackMktF,gif,publish,gif,Complete or intelligible subject with useful mechanical motion or a legitimate subtle loop.,C:\Users\Jeff\Documents\Codex\2026-08-18\in\w3d-animation-production\output\03275--ubblackmktf--30bb65ea\GLA - Base Building - Black Mkt F - UBBlackMktF.gif,C:\Users\Jeff\Documents\Codex\2026-08-18\in\w3d-animation-production\output\03275--ubblackmktf--30bb65ea\GLA - Base Building - Black Mkt F - UBBlackMktF.gif,False
255,03277--ubblackmktf-ns--7535ea57,W3DZH.big\Art\W3D\UBBlackMktF_NS.w3d,GLA,Base Building,Black Mkt F NS,UBBlackMktF_NS,gif,publish,gif,Complete or intelligible subject with useful mechanical motion or a legitimate subtle loop.,C:\Users\Jeff\Documents\Codex\2026-08-18\in\w3d-animation-production\output\03277--ubblackmktf-ns--7535ea57\GLA - Base Building - Black Mkt F NS - UBBlackMktF_NS.gif,C:\Users\Jeff\Documents\Codex\2026-08-18\in\w3d-animation-production\output\03277--ubblackmktf-ns--7535ea57\GLA - Base Building - Black Mkt F NS - UBBlackMktF_NS.gif,False
256,03296--ubcmdcg--5dcc6174,W3DZH.big\Art\W3D\UBCmdCG.w3d,GLA,Base Building,Cmd CG,UBCmdCG,gif,publish,gif,Complete or intelligible subject with useful mechanical motion or a legitimate subtle loop.,C:\Users\Jeff\Documents\Codex\2026-08-18\in\w3d-animation-production\output\03296--ubcmdcg--5dcc6174\GLA - Base Building - Cmd CG - UBCmdCG.gif,C:\Users\Jeff\Documents\Codex\2026-08-18\in\w3d-animation-production\output\03296--ubcmdcg--5dcc6174\GLA - Base Building - Cmd CG - UBCmdCG.gif,False
257,03297--ubcmdexg--b1268fba,W3DZH.big\Art\W3D\UBCmdEXG.w3d,GLA,Base Building,Cmd EXG,UBCmdEXG,gif,publish,gif,Complete or intelligible subject with useful mechanical motion or a legitimate subtle loop.,C:\Users\Jeff\Documents\Codex\2026-08-18\in\w3d-animation-production\output\03297--ubcmdexg--b1268fba\GLA - Base Building - Cmd EXG - UBCmdEXG.gif,C:\Users\Jeff\Documents\Codex\2026-08-18\in\w3d-animation-production\output\03297--ubcmdexg--b1268fba\GLA - Base Building - Cmd EXG - UBCmdEXG.gif,False
258,03362--ubcmdhqf--9a7763bc,W3DZH.big\Art\W3D\UBCmdHQF.w3d,GLA,Base Building,Cmd HQF,UBCmdHQF,gif,publish,gif,Complete or intelligible subject with useful mechanical motion or a legitimate subtle loop.,C:\Users\Jeff\Documents\Codex\2026-08-18\in\w3d-animation-production\output\03362--ubcmdhqf--9a7763bc\GLA - Base Building - Cmd HQF - UBCmdHQF.gif,C:\Users\Jeff\Documents\Codex\2026-08-18\in\w3d-animation-production\output\03362--ubcmdhqf--9a7763bc\GLA - Base Building - Cmd HQF - UBCmdHQF.gif,False
259,03364--ubcmdhqf-ns--f015dff8,W3DZH.big\Art\W3D\UBCmdHQF_NS.w3d,GLA,Base Building,Cmd HQF NS,UBCmdHQF_NS,gif,publish,gif,Complete or intelligible subject with useful mechanical motion or a legitimate subtle loop.,C:\Users\Jeff\Documents\Codex\2026-08-18\in\w3d-animation-production\output\03364--ubcmdhqf-ns--f015dff8\GLA - Base Building - Cmd HQF NS - UBCmdHQF_NS.gif,C:\Users\Jeff\Documents\Codex\2026-08-18\in\w3d-animation-production\output\03364--ubcmdhqf-ns--f015dff8\GLA - Base Building - Cmd HQF NS - UBCmdHQF_NS.gif,False
260,03391--ubcmdvg--0461740c,W3DZH.big\Art\W3D\UBCmdVG.w3d,GLA,Base Building,Cmd VG,UBCmdVG,gif,publish,gif,Complete or intelligible subject with useful mechanical motion or a legitimate subtle loop.,C:\Users\Jeff\Documents\Codex\2026-08-18\in\w3d-animation-production\output\03391--ubcmdvg--0461740c\GLA - Base Building - Cmd VG - UBCmdVG.gif,C:\Users\Jeff\Documents\Codex\2026-08-18\in\w3d-animation-production\output\03391--ubcmdvg--0461740c\GLA - Base Building - Cmd VG - UBCmdVG.gif,False
261,03393--ubdemotrap--bfc9b9ba,W3DZH.big\Art\W3D\UBDemoTrap.w3d,GLA,Base Building,Demo Trap,UBDemoTrap,gif,reject,,component only or contextless subassembly,C:\Users\Jeff\Documents\Codex\2026-08-18\in\w3d-animation-production\output\03393--ubdemotrap--bfc9b9ba\GLA - Base Building - Demo Trap - UBDemoTrap.gif,,False
262,03395--ubhole-a1--360e4bcf,W3DZH.big\Art\W3D\UBHole_A1.w3d,GLA,Base Building,Hole,UBHole_A1,gif,publish,gif,Complete or intelligible subject with useful mechanical motion or a legitimate subtle loop.,C:\Users\Jeff\Documents\Codex\2026-08-18\in\w3d-animation-production\output\03395--ubhole-a1--360e4bcf\GLA - Base Building - Hole - UBHole_A1.gif,C:\Users\Jeff\Documents\Codex\2026-08-18\in\w3d-animation-production\output\03395--ubhole-a1--360e4bcf\GLA - Base Building - Hole - UBHole_A1.gif,False
263,03449--ubprison-e--7dcec24e,W3DZH.big\Art\W3D\UBPrison_E.w3d,GLA,Base Building,Prison,UBPrison_E,gif,publish,gif,Complete or intelligible subject with useful mechanical motion or a legitimate subtle loop.,C:\Users\Jeff\Documents\Codex\2026-08-18\in\w3d-animation-production\output\03449--ubprison-e--7dcec24e\GLA - Base Building - Prison - UBPrison_E.gif,C:\Users\Jeff\Documents\Codex\2026-08-18\in\w3d-animation-production\output\03449--ubprison-e--7dcec24e\GLA - Base Building - Prison - UBPrison_E.gif,False
264,03437--ubprison-a4sn--3022d5a0,W3DZH.big\Art\W3D\UBPrison_A4SN.w3d,GLA,Base Building,Prison A 4 SN,UBPrison_A4SN,gif,reject,,component only or contextless subassembly,C:\Users\Jeff\Documents\Codex\2026-08-18\in\w3d-animation-production\output\03437--ubprison-a4sn--3022d5a0\GLA - Base Building - Prison A 4 SN - UBPrison_A4SN.gif,,False
265,03441--ubprison-a6sn--abaff1da,W3DZH.big\Art\W3D\UBPrison_A6SN.w3d,GLA,Base Building,Prison A 6 SN,UBPrison_A6SN,gif,reject,,component only or contextless subassembly,C:\Users\Jeff\Documents\Codex\2026-08-18\in\w3d-animation-production\output\03441--ubprison-a6sn--abaff1da\GLA - Base Building - Prison A 6 SN - UBPrison_A6SN.gif,,False
266,03443--ubprison-a7d--ca7be91e,W3DZH.big\Art\W3D\UBPrison_A7D.w3d,GLA,Base Building,Prison A 7 D,UBPrison_A7D,gif,reject,,component only or contextless subassembly,C:\Users\Jeff\Documents\Codex\2026-08-18\in\w3d-animation-production\output\03443--ubprison-a7d--ca7be91e\GLA - Base Building - Prison A 7 D - UBPrison_A7D.gif,,False
267,03444--ubprison-a7e--d699e199,W3DZH.big\Art\W3D\UBPrison_A7E.w3d,GLA,Base Building,Prison A 7 E,UBPrison_A7E,gif,reject,,component only or contextless subassembly,C:\Users\Jeff\Documents\Codex\2026-08-18\in\w3d-animation-production\output\03444--ubprison-a7e--d699e199\GLA - Base Building - Prison A 7 E - UBPrison_A7E.gif,,False
268,03446--ubprison-af--3fd3782d,W3DZH.big\Art\W3D\UBPrison_AF.w3d,GLA,Base Building,Prison AF,UBPrison_AF,gif,reject,,component only or contextless subassembly,C:\Users\Jeff\Documents\Codex\2026-08-18\in\w3d-animation-production\output\03446--ubprison-af--3fd3782d\GLA - Base Building - Prison AF - UBPrison_AF.gif,,False
269,03459--ubpwrplant-en--f5cc3a40,W3DZH.big\Art\W3D\UBPwrPlant_EN.w3d,GLA,Base Building,Pwr Plant,UBPwrPlant_EN,gif,reject,,no useful visible motion,C:\Users\Jeff\Documents\Codex\2026-08-18\in\w3d-animation-production\output\03459--ubpwrplant-en--f5cc3a40\GLA - Base Building - Pwr Plant - UBPwrPlant_EN.gif,,False
270,03191--ubrsrchlb--1a5cec09,W3DZH.big\Art\W3D\Secret Research Lab - UBRsrchLb.w3d,GLA,Base Building,Secret Research Lab,UBRsrchLb,gif,reject,,no useful visible motion,C:\Users\Jeff\Documents\Codex\2026-08-18\in\w3d-animation-production\output\03191--ubrsrchlb--1a5cec09\GLA - Base Building - Secret Research Lab - UBRsrchLb.gif,,False
271,03494--ubsnatk-sanm--8b5bb3f8,W3DZH.big\Art\W3D\UBSnAtk_Sanm.w3d,GLA,Base Building,Sneak Attack Tunnel Network Start,UBSnAtk_Sanm,gif,publish,mp4,Tunnel opening is a coherent deployment sequence.,C:\Users\Jeff\Documents\Codex\2026-08-18\in\w3d-animation-production\output\03494--ubsnatk-sanm--8b5bb3f8\GLA - Base Building - Sneak Attack Tunnel Network Start - UBSnAtk_Sanm.gif,C:\Users\Jeff\Documents\Codex\2026-08-18\in\w3d-animation-production\output\03494--ubsnatk-sanm--8b5bb3f8\GLA - Base Building - Sneak Attack Tunnel Network Start - UBSnAtk_Sanm.mp4,False
272,03523--ubsupplyf--887263f0,W3DZH.big\Art\W3D\UBSupplyF.w3d,GLA,Base Building,Supply F,UBSupplyF,gif,publish,gif,Complete or intelligible subject with useful mechanical motion or a legitimate subtle loop.,C:\Users\Jeff\Documents\Codex\2026-08-18\in\w3d-animation-production\output\03523--ubsupplyf--887263f0\GLA - Base Building - Supply F - UBSupplyF.gif,C:\Users\Jeff\Documents\Codex\2026-08-18\in\w3d-animation-production\output\03523--ubsupplyf--887263f0\GLA - Base Building - Supply F - UBSupplyF.gif,False
273,03525--ubsupplyf-ns--674879eb,W3DZH.big\Art\W3D\UBSupplyF_NS.w3d,GLA,Base Building,Supply F NS,UBSupplyF_NS,gif,publish,gif,Complete or intelligible subject with useful mechanical motion or a legitimate subtle loop.,C:\Users\Jeff\Documents\Codex\2026-08-18\in\w3d-animation-production\output\03525--ubsupplyf-ns--674879eb\GLA - Base Building - Supply F NS - UBSupplyF_NS.gif,C:\Users\Jeff\Documents\Codex\2026-08-18\in\w3d-animation-production\output\03525--ubsupplyf-ns--674879eb\GLA - Base Building - Supply F NS - UBSupplyF_NS.gif,False
274,07219--ubsupply-a4sn--f7856880,ZH_Generals\W3D.big\Art\W3D\UBSupply_A4SN.w3d,GLA,Base Building,Supply Stash,UBSupply_A4SN,gif,reject,,component only or contextless subassembly,C:\Users\Jeff\Documents\Codex\2026-08-18\in\w3d-animation-production\output\07219--ubsupply-a4sn--f7856880\GLA - Base Building - Supply Stash - UBSupply_A4SN.gif,,False
275,07243--ubundtunn-a6sn--95f68ca1,ZH_Generals\W3D.big\Art\W3D\UBUndTunn_A6SN.w3d,GLA,Base Building,Tunnel Network,UBUndTunn_A6SN,gif,reject,,component only or contextless subassembly,C:\Users\Jeff\Documents\Codex\2026-08-18\in\w3d-animation-production\output\07243--ubundtunn-a6sn--95f68ca1\GLA - Base Building - Tunnel Network - UBUndTunn_A6SN.gif,,False
276,07203--ubstingers-a6sn--e737437d,ZH_Generals\W3D.big\Art\W3D\UBStingerS_A6SN.w3d,GLA,Base Defense,Stinger Site,UBStingerS_A6SN,mp4,reject,,incomplete construction state or placeholder material,C:\Users\Jeff\Documents\Codex\2026-08-18\in\w3d-animation-production\output\07203--ubstingers-a6sn--e737437d\GLA - Base Defense - Stinger Site - UBStingerS_A6SN.mp4,,False
277,02308--ubcmdhqc--55903bdc,"W3DZH.big\Art\W3D\Chem Fake GLA Command Center, Chem GLA Command Center, GC Chem GLA Command Center - UBCmdHQC.w3d",GLA,Base Infrastructure,Command Center,UBCmdHQC,gif,publish,gif,"Complete or intelligible subject with subtle, short, or continuously looping motion.",C:\Users\Jeff\Documents\Codex\2026-08-18\in\w3d-animation-production\output\02308--ubcmdhqc--55903bdc\GLA - Base Infrastructure - Command Center - UBCmdHQC.gif,C:\Users\Jeff\Documents\Codex\2026-08-18\in\w3d-animation-production\output\02308--ubcmdhqc--55903bdc\GLA - Base Infrastructure - Command Center - UBCmdHQC.gif,True
278,03350--ubcmdhqeg--752830d8,W3DZH.big\Art\W3D\UBCmdHqEG.w3d,GLA,Base Infrastructure,Fake GLA Command Center,UBCmdHqEG,gif,publish,gif,"Complete or intelligible subject with subtle, short, or continuously looping motion.",C:\Users\Jeff\Documents\Codex\2026-08-18\in\w3d-animation-production\output\03350--ubcmdhqeg--752830d8\GLA - Base Infrastructure - Fake GLA Command Center - UBCmdHqEG.gif,C:\Users\Jeff\Documents\Codex\2026-08-18\in\w3d-animation-production\output\03350--ubcmdhqeg--752830d8\GLA - Base Infrastructure - Fake GLA Command Center - UBCmdHqEG.gif,True
279,02586--uvbattbushd--987c0a07,W3DZH.big\Art\W3D\GLA Vehicle Battle Bus High Def - UVBattBusHD.w3d,GLA,Ground Vehicles,Battle Bus High Def,UVBattBusHD,mp4,reject,,no useful visible motion,C:\Users\Jeff\Documents\Codex\2026-08-18\in\w3d-animation-production\output\02586--uvbattbushd--987c0a07\GLA - Ground Vehicles - Battle Bus High Def - UVBattBusHD.mp4,,False
280,03579--uvcombikejacker--b00a5886,W3DZH.big\Art\W3D\UVComBikeJacker.w3d,GLA,Ground Vehicles,Com Bike Jacker,UVComBikeJacker,mp4,publish,mp4,Complete recognizable subject with substantial or narratively useful mechanical motion.,C:\Users\Jeff\Documents\Codex\2026-08-18\in\w3d-animation-production\output\03579--uvcombikejacker--b00a5886\GLA - Ground Vehicles - Com Bike Jacker - UVComBikeJacker.mp4,C:\Users\Jeff\Documents\Codex\2026-08-18\in\w3d-animation-production\output\03579--uvcombikejacker--b00a5886\GLA - Ground Vehicles - Com Bike Jacker - UVComBikeJacker.mp4,True
281,03581--uvcombikejacker-r--8f7194c3,W3DZH.big\Art\W3D\UVComBikeJacker_r.w3d,GLA,Ground Vehicles,Com Bike Jacker r,UVComBikeJacker_r,mp4,publish,mp4,Complete or intelligible subject with useful mechanical motion or a legitimate subtle loop.,C:\Users\Jeff\Documents\Codex\2026-08-18\in\w3d-animation-production\output\03581--uvcombikejacker-r--8f7194c3\GLA - Ground Vehicles - Com Bike Jacker r - UVComBikeJacker_r.mp4,C:\Users\Jeff\Documents\Codex\2026-08-18\in\w3d-animation-production\output\03581--uvcombikejacker-r--8f7194c3\GLA - Ground Vehicles - Com Bike Jacker r - UVComBikeJacker_r.mp4,False
282,03582--uvcombiketer--1799fd75,W3DZH.big\Art\W3D\UVComBikeTer.w3d,GLA,Ground Vehicles,Com Bike Ter,UVComBikeTer,mp4,publish,mp4,Complete recognizable subject with substantial or narratively useful mechanical motion.,C:\Users\Jeff\Documents\Codex\2026-08-18\in\w3d-animation-production\output\03582--uvcombiketer--1799fd75\GLA - Ground Vehicles - Com Bike Ter - UVComBikeTer.mp4,C:\Users\Jeff\Documents\Codex\2026-08-18\in\w3d-animation-production\output\03582--uvcombiketer--1799fd75\GLA - Ground Vehicles - Com Bike Ter - UVComBikeTer.mp4,True
283,03584--uvcombiketer-r--d51d0cb9,W3DZH.big\Art\W3D\UVComBikeTer_r.w3d,GLA,Ground Vehicles,Com Bike Ter r,UVComBikeTer_r,mp4,publish,mp4,Complete or intelligible subject with useful mechanical motion or a legitimate subtle loop.,C:\Users\Jeff\Documents\Codex\2026-08-18\in\w3d-animation-production\output\03584--uvcombiketer-r--d51d0cb9\GLA - Ground Vehicles - Com Bike Ter r - UVComBikeTer_r.mp4,C:\Users\Jeff\Documents\Codex\2026-08-18\in\w3d-animation-production\output\03584--uvcombiketer-r--d51d0cb9\GLA - Ground Vehicles - Com Bike Ter r - UVComBikeTer_r.mp4,False
284,03591--uvcombiketunfan--c18f8081,W3DZH.big\Art\W3D\UVComBikeTunFan.w3d,GLA,Ground Vehicles,Com Bike Tun Fan,UVComBikeTunFan,mp4,publish,mp4,Complete or intelligible subject with useful mechanical motion or a legitimate subtle loop.,C:\Users\Jeff\Documents\Codex\2026-08-18\in\w3d-animation-production\output\03591--uvcombiketunfan--c18f8081\GLA - Ground Vehicles - Com Bike Tun Fan - UVComBikeTunFan.mp4,C:\Users\Jeff\Documents\Codex\2026-08-18\in\w3d-animation-production\output\03591--uvcombiketunfan--c18f8081\GLA - Ground Vehicles - Com Bike Tun Fan - UVComBikeTunFan.mp4,False
285,03593--uvcombiketunfan-r--7e13c6bf,W3DZH.big\Art\W3D\UVComBikeTunFan_r.w3d,GLA,Ground Vehicles,Com Bike Tun Fan r,UVComBikeTunFan_r,mp4,publish,mp4,Complete or intelligible subject with useful mechanical motion or a legitimate subtle loop.,C:\Users\Jeff\Documents\Codex\2026-08-18\in\w3d-animation-production\output\03593--uvcombiketunfan-r--7e13c6bf\GLA - Ground Vehicles - Com Bike Tun Fan r - UVComBikeTunFan_r.mp4,C:\Users\Jeff\Documents\Codex\2026-08-18\in\w3d-animation-production\output\03593--uvcombiketunfan-r--7e13c6bf\GLA - Ground Vehicles - Com Bike Tun Fan r - UVComBikeTunFan_r.mp4,False
286,03586--uvcombiketn-a1--b2268cbc,W3DZH.big\Art\W3D\UVComBikeTn_A1.w3d,GLA,Ground Vehicles,Combat Bike,UVComBikeTn_A1,mp4,publish,mp4,Complete or intelligible subject with useful mechanical motion or a legitimate subtle loop.,C:\Users\Jeff\Documents\Codex\2026-08-18\in\w3d-animation-production\output\03586--uvcombiketn-a1--b2268cbc\GLA - Ground Vehicles - Combat Bike - UVComBikeTn_A1.mp4,C:\Users\Jeff\Documents\Codex\2026-08-18\in\w3d-animation-production\output\03586--uvcombiketn-a1--b2268cbc\GLA - Ground Vehicles - Combat Bike - UVComBikeTn_A1.mp4,False
287,05785--uvquadcann--9c410ec0,"ZH_Generals\W3D.big\Art\W3D\Chem GLA Vehicle Quad Cannon, CINE GLA Vehicle Quad Cannon, Demo GLA Vehicle Quad Cannon, GC Chem GLA Vehicle Quad Cannon, GC Slth GLA Vehicle Quad - UVQuadCann.w3d",GLA,Ground Vehicles,Quad Cannon,UVQuadCann,mp4,publish,mp4,Complete or intelligible subject with useful mechanical motion or a legitimate subtle loop.,C:\Users\Jeff\Documents\Codex\2026-08-18\in\w3d-animation-production\output\05785--uvquadcann--9c410ec0\GLA - Ground Vehicles - Quad Cannon - UVQuadCann.mp4,C:\Users\Jeff\Documents\Codex\2026-08-18\in\w3d-animation-production\output\05785--uvquadcann--9c410ec0\GLA - Ground Vehicles - Quad Cannon - UVQuadCann.mp4,False
288,05786--uvradarvan--f750bcf7,"ZH_Generals\W3D.big\Art\W3D\Chem GLA Vehicle Radar Van, Demo GLA Vehicle Radar Van, GC Chem GLA Vehicle Radar Van, GC Slth GLA Vehicle Radar Van, GLA Vehicle Radar Van, Slth G - UVRadarVan.w3d",GLA,Ground Vehicles,Radar Van,UVRadarVan,gif,publish,gif,"Complete or intelligible subject with subtle, short, or continuously looping motion.",C:\Users\Jeff\Documents\Codex\2026-08-18\in\w3d-animation-production\output\05786--uvradarvan--f750bcf7\GLA - Ground Vehicles - Radar Van - UVRadarVan.gif,C:\Users\Jeff\Documents\Codex\2026-08-18\in\w3d-animation-production\output\05786--uvradarvan--f750bcf7\GLA - Ground Vehicles - Radar Van - UVRadarVan.gif,True
289,07077--ubbarracks-r--fc5bd15c,ZH_Generals\W3D.big\Art\W3D\UBBarracks_R.w3d,GLA,Production Building,=,UBBarracks_R,gif,reject,,incomplete construction state or placeholder material,C:\Users\Jeff\Documents\Codex\2026-08-18\in\w3d-animation-production\output\07077--ubbarracks-r--fc5bd15c\GLA - Production Building - = - UBBarracks_R.gif,,False
290,05775--ubarmdeal--d8da7ade,"ZH_Generals\W3D.big\Art\W3D\Chem Fake GLA Arms Dealer, Chem GLA Arms Dealer, Demo Fake GLA Arms Dealer, Demo GLA Arms Dealer, Fake GLA Arms Dealer, GC Chem GLA Arms Dealer, GC - UBArmDeal.w3d",GLA,Production Building,Arms Dealer,UBArmDeal,gif,publish,gif,"Complete or intelligible subject with subtle, short, or continuously looping motion.",C:\Users\Jeff\Documents\Codex\2026-08-18\in\w3d-animation-production\output\05775--ubarmdeal--d8da7ade\GLA - Production Building - Arms Dealer - UBArmDeal.gif,C:\Users\Jeff\Documents\Codex\2026-08-18\in\w3d-animation-production\output\05775--ubarmdeal--d8da7ade\GLA - Production Building - Arms Dealer - UBArmDeal.gif,True
291,03259--ubbarrkseg--5b89109d,W3DZH.big\Art\W3D\UBBarrksEG.w3d,GLA,Production Building,Barracks,UBBarrksEG,gif,publish,gif,"Complete or intelligible subject with subtle, short, or continuously looping motion.",C:\Users\Jeff\Documents\Codex\2026-08-18\in\w3d-animation-production\output\03259--ubbarrkseg--5b89109d\GLA - Production Building - Barracks - UBBarrksEG.gif,C:\Users\Jeff\Documents\Codex\2026-08-18\in\w3d-animation-production\output\03259--ubbarrkseg--5b89109d\GLA - Production Building - Barracks - UBBarrksEG.gif,True
292,03255--ubbarracksf--94330a3a,W3DZH.big\Art\W3D\UBBarracksF.w3d,GLA,Production Building,Barracks F,UBBarracksF,gif,publish,gif,"Complete or intelligible subject with subtle, short, or continuously looping motion.",C:\Users\Jeff\Documents\Codex\2026-08-18\in\w3d-animation-production\output\03255--ubbarracksf--94330a3a\GLA - Production Building - Barracks F - UBBarracksF.gif,C:\Users\Jeff\Documents\Codex\2026-08-18\in\w3d-animation-production\output\03255--ubbarracksf--94330a3a\GLA - Production Building - Barracks F - UBBarracksF.gif,True
293,07174--ubscudstrm-acs--544d6fce,ZH_Generals\W3D.big\Art\W3D\UBScudStrm_ACS.w3d,GLA,Superweapon,SCUD Storm,UBScudStrm_ACS,mp4,reject,,incomplete construction state or placeholder material,C:\Users\Jeff\Documents\Codex\2026-08-18\in\w3d-animation-production\output\07174--ubscudstrm-acs--544d6fce\GLA - Superweapon - SCUD Storm - UBScudStrm_ACS.mp4,,False
294,03280--ubblkmkteg-d--09917430,W3DZH.big\Art\W3D\UBBlkMktEG_D.w3d,GLA,Technology Building,Black Market,UBBlkMktEG_D,gif,publish,gif,"Complete or intelligible subject with subtle, short, or continuously looping motion.",C:\Users\Jeff\Documents\Codex\2026-08-18\in\w3d-animation-production\output\03280--ubblkmkteg-d--09917430\GLA - Technology Building - Black Market - UBBlkMktEG_D.gif,C:\Users\Jeff\Documents\Codex\2026-08-18\in\w3d-animation-production\output\03280--ubblkmkteg-d--09917430\GLA - Technology Building - Black Market - UBBlkMktEG_D.gif,True
295,05780--ubpalace--339f709f,"ZH_Generals\W3D.big\Art\W3D\Chem GLA Palace, Demo GLA Palace, GC Chem GLA Palace, GC Slth GLA Palace, GLA Palace, Slth GLA Palace - UBPalace.w3d",GLA,Technology Building,Palace,UBPalace,gif,publish,gif,"Complete or intelligible subject with subtle, short, or continuously looping motion.",C:\Users\Jeff\Documents\Codex\2026-08-18\in\w3d-animation-production\output\05780--ubpalace--339f709f\GLA - Technology Building - Palace - UBPalace.gif,C:\Users\Jeff\Documents\Codex\2026-08-18\in\w3d-animation-production\output\05780--ubpalace--339f709f\GLA - Technology Building - Palace - UBPalace.gif,True
296,03405--ubpalaceeg--72225459,W3DZH.big\Art\W3D\UBPalaceEG.w3d,GLA,Technology Building,Palace,UBPalaceEG,gif,publish,gif,"Complete or intelligible subject with subtle, short, or continuously looping motion.",C:\Users\Jeff\Documents\Codex\2026-08-18\in\w3d-animation-production\output\03405--ubpalaceeg--72225459\GLA - Technology Building - Palace - UBPalaceEG.gif,C:\Users\Jeff\Documents\Codex\2026-08-18\in\w3d-animation-production\output\03405--ubpalaceeg--72225459\GLA - Technology Building - Palace - UBPalaceEG.gif,True
297,00144--cvcdtpln--7e9ede61,W3DZH.big\Art\W3D\Aircraft Crop Duster - CVCdtpln.w3d,Shared,Aviation,Aircraft Crop Duster,CVCdtpln,gif,publish,gif,"Complete or intelligible subject with subtle, short, or continuously looping motion.",C:\Users\Jeff\Documents\Codex\2026-08-18\in\w3d-animation-production\output\00144--cvcdtpln--7e9ede61\Shared - Aviation - Aircraft Crop Duster - CVCdtpln.gif,C:\Users\Jeff\Documents\Codex\2026-08-18\in\w3d-animation-production\output\00144--cvcdtpln--7e9ede61\Shared - Aviation - Aircraft Crop Duster - CVCdtpln.gif,True
298,02603--nvhelix-prop--ca85d5ea,"W3DZH.big\Art\W3D\Helix Blades, Tank Helix Blades - NVHelix_Prop.w3d",Shared,Aviation,Helix Blades,NVHelix_Prop,mp4,reject,,component only or contextless subassembly,C:\Users\Jeff\Documents\Codex\2026-08-18\in\w3d-animation-production\output\02603--nvhelix-prop--ca85d5ea\Shared - Aviation - Helix Blades - NVHelix_Prop.mp4,,False
299,06972--zbsupplydk-a1--a6a526bf,ZH_Generals\W3D.big\Art\W3D\Supply Pile - ZBSupplyDk_A1.w3d,Shared,Base Building,Supply Pile,ZBSupplyDk_A1,gif,reject,,blank or effectively invisible,C:\Users\Jeff\Documents\Codex\2026-08-18\in\w3d-animation-production\output\06972--zbsupplydk-a1--a6a526bf\Shared - Base Building - Supply Pile - ZBSupplyDk_A1.gif,,False
300,03711--zbsupplywh-af--a852c6c6,W3DZH.big\Art\W3D\ZBSupplyWH_AF.w3d,Shared,Base Building,Supply Warehouse,ZBSupplyWH_AF,gif,reject,,component only or contextless subassembly,C:\Users\Jeff\Documents\Codex\2026-08-18\in\w3d-animation-production\output\03711--zbsupplywh-af--a852c6c6\Shared - Base Building - Supply Warehouse - ZBSupplyWH_AF.gif,,False
301,07312--zbhospital-a1--1ff33427,ZH_Generals\W3D.big\Art\W3D\ZBHospital_A1.w3d,Shared,Base Building,Tech Hospital,ZBHospital_A1,gif,reject,,blank or effectively invisible,C:\Users\Jeff\Documents\Codex\2026-08-18\in\w3d-animation-production\output\07312--zbhospital-a1--1ff33427\Shared - Base Building - Tech Hospital - ZBHospital_A1.gif,,False
302,06980--zboderrick--7b2e9703,ZH_Generals\W3D.big\Art\W3D\Tech Oil Derrick - ZBODerrick.w3d,Shared,Base Building,Tech Oil Derrick,ZBODerrick,gif,publish,gif,Complete or intelligible subject with useful mechanical motion or a legitimate subtle loop.,C:\Users\Jeff\Documents\Codex\2026-08-18\in\w3d-animation-production\output\06980--zboderrick--7b2e9703\Shared - Base Building - Tech Oil Derrick - ZBODerrick.gif,C:\Users\Jeff\Documents\Codex\2026-08-18\in\w3d-animation-production\output\06980--zboderrick--7b2e9703\Shared - Base Building - Tech Oil Derrick - ZBODerrick.gif,False
303,03680--zbrefinery-en--04ea4d4a,W3DZH.big\Art\W3D\ZBRefinery_EN.w3d,Shared,Base Building,Tech Oil Refinery,ZBRefinery_EN,gif,publish,gif,Complete or intelligible subject with useful mechanical motion or a legitimate subtle loop.,C:\Users\Jeff\Documents\Codex\2026-08-18\in\w3d-animation-production\output\03680--zbrefinery-en--04ea4d4a\Shared - Base Building - Tech Oil Refinery - ZBRefinery_EN.gif,C:\Users\Jeff\Documents\Codex\2026-08-18\in\w3d-animation-production\output\03680--zbrefinery-en--04ea4d4a\Shared - Base Building - Tech Oil Refinery - ZBRefinery_EN.gif,False
304,03663--zblndbay-en--4ed00f17,W3DZH.big\Art\W3D\ZBLndBay_EN.w3d,Shared,Base Building,Tech Reinforcement Pad,ZBLndBay_EN,gif,reject,,blank or effectively invisible,C:\Users\Jeff\Documents\Codex\2026-08-18\in\w3d-animation-production\output\03663--zblndbay-en--4ed00f17\Shared - Base Building - Tech Reinforcement Pad - ZBLndBay_EN.gif,,False
305,03694--zbrprbay-es--aa103d75,W3DZH.big\Art\W3D\ZBRprBay_ES.w3d,Shared,Base Building,Tech Repairbay,ZBRprBay_ES,gif,publish,gif,Complete or intelligible subject with useful mechanical motion or a legitimate subtle loop.,C:\Users\Jeff\Documents\Codex\2026-08-18\in\w3d-animation-production\output\03694--zbrprbay-es--aa103d75\Shared - Base Building - Tech Repairbay - ZBRprBay_ES.gif,C:\Users\Jeff\Documents\Codex\2026-08-18\in\w3d-animation-production\output\03694--zbrprbay-es--aa103d75\Shared - Base Building - Tech Repairbay - ZBRprBay_ES.gif,False
306,03716--zbvalvstat-g--bcafd4c7,W3DZH.big\Art\W3D\ZBValvStat_G.w3d,Shared,Base Building,Valve Station,ZBValvStat_G,gif,publish,gif,Complete or intelligible subject with useful mechanical motion or a legitimate subtle loop.,C:\Users\Jeff\Documents\Codex\2026-08-18\in\w3d-animation-production\output\03716--zbvalvstat-g--bcafd4c7\Shared - Base Building - Valve Station - ZBValvStat_G.gif,C:\Users\Jeff\Documents\Codex\2026-08-18\in\w3d-animation-production\output\03716--zbvalvstat-g--bcafd4c7\Shared - Base Building - Valve Station - ZBValvStat_G.gif,False
307,02533--cvtraincrsh01sm--ecb37077,W3DZH.big\Art\W3D\CVTrainCRSH01SM.w3d,Shared,Ground Vehicles,CV Train CRSH 01 SM,CVTrainCRSH01SM,mp4,publish,mp4,Complete recognizable subject with substantial or narratively useful mechanical motion.,C:\Users\Jeff\Documents\Codex\2026-08-18\in\w3d-animation-production\output\02533--cvtraincrsh01sm--ecb37077\Shared - Ground Vehicles - CV Train CRSH 01 SM - CVTrainCRSH01SM.mp4,C:\Users\Jeff\Documents\Codex\2026-08-18\in\w3d-animation-production\output\02533--cvtraincrsh01sm--ecb37077\Shared - Ground Vehicles - CV Train CRSH 01 SM - CVTrainCRSH01SM.mp4,True
308,04240--cveurovan3--e7c3e402,ZH_Generals\W3D.big\Art\W3D\Car Euro Police Van - CVEuroVan3.w3d,Shared,Ground Vehicles,Car Euro Police Van,CVEuroVan3,mp4,reject,,no useful visible motion,C:\Users\Jeff\Documents\Codex\2026-08-18\in\w3d-animation-production\output\04240--cveurovan3--e7c3e402\Shared - Ground Vehicles - Car Euro Police Van - CVEuroVan3.mp4,,False
309,05825--cvpolicecar2--c828aa93,ZH_Generals\W3D.big\Art\W3D\CINE Police Car - CVPoliceCar2.w3d,Shared,Ground Vehicles,Police Car,CVPoliceCar2,mp4,publish,gif,Police-light animation is a short subtle loop.,C:\Users\Jeff\Documents\Codex\2026-08-18\in\w3d-animation-production\output\05825--cvpolicecar2--c828aa93\Shared - Ground Vehicles - Police Car - CVPoliceCar2.mp4,C:\Users\Jeff\Documents\Codex\2026-08-18\in\w3d-animation-production\output\05825--cvpolicecar2--c828aa93\Shared - Ground Vehicles - Police Car - CVPoliceCar2.gif,False
310,06319--nbnmissle-a2dns--6457e3ff,ZH_Generals\W3D.big\Art\W3D\NBNMissle_A2DNS.w3d,Shared,Superweapon,Nuclear Missile Launcher,NBNMissle_A2DNS,mp4,publish,mp4,Complete recognizable subject with substantial or narratively useful mechanical motion.,C:\Users\Jeff\Documents\Codex\2026-08-18\in\w3d-animation-production\output\06319--nbnmissle-a2dns--6457e3ff\Shared - Superweapon - Nuclear Missile Launcher - NBNMissle_A2DNS.mp4,C:\Users\Jeff\Documents\Codex\2026-08-18\in\w3d-animation-production\output\06319--nbnmissle-a2dns--6457e3ff\Shared - Superweapon - Nuclear Missile Launcher - NBNMissle_A2DNS.mp4,True
311,06320--nbnmissle-a2ds--e80e2fab,ZH_Generals\W3D.big\Art\W3D\NBNMissle_A2DS.w3d,Shared,Superweapon,Nuclear Missile Launcher,NBNMissle_A2DS,mp4,publish,mp4,Complete recognizable subject with substantial or narratively useful mechanical motion.,C:\Users\Jeff\Documents\Codex\2026-08-18\in\w3d-animation-production\output\06320--nbnmissle-a2ds--e80e2fab\Shared - Superweapon - Nuclear Missile Launcher - NBNMissle_A2DS.mp4,C:\Users\Jeff\Documents\Codex\2026-08-18\in\w3d-animation-production\output\06320--nbnmissle-a2ds--e80e2fab\Shared - Superweapon - Nuclear Missile Launcher - NBNMissle_A2DS.mp4,True
312,00219--avcrusader-a--a4959b5d,W3DZH.big\Art\W3D\AVCrusader_A.w3d,USA,Armor,Crusader A,AVCrusader_A,mp4,publish,mp4,Complete recognizable subject with substantial or narratively useful mechanical motion.,C:\Users\Jeff\Documents\Codex\2026-08-18\in\w3d-animation-production\output\00219--avcrusader-a--a4959b5d\USA - Armor - Crusader A - AVCrusader_A.mp4,C:\Users\Jeff\Documents\Codex\2026-08-18\in\w3d-animation-production\output\00219--avcrusader-a--a4959b5d\USA - Armor - Crusader A - AVCrusader_A.mp4,True
313,04043--avcargopln--fcefb84c,"ZH_Generals\W3D.big\Art\W3D\Air F America Jet Cargo Plane, America Jet Cargo Plane, CINE U 04 America Jet Cargo Plane HIGH, CINE U 04 America Jet Cargo Plane LOW, CINE U 04 Am - AvCargoPln.w3d",USA,Aviation,Cargo Plane,AvCargoPln,gif,publish,gif,"Complete or intelligible subject with subtle, short, or continuously looping motion.",C:\Users\Jeff\Documents\Codex\2026-08-18\in\w3d-animation-production\output\04043--avcargopln--fcefb84c\USA - Aviation - Cargo Plane - AvCargoPln.gif,C:\Users\Jeff\Documents\Codex\2026-08-18\in\w3d-animation-production\output\04043--avcargopln--fcefb84c\USA - Aviation - Cargo Plane - AvCargoPln.gif,True
314,00128--avchinook--8447c341,"W3DZH.big\Art\W3D\AFG America Vehicle Chinook, America Vehicle Chinook, CINE America Vehicle Chinook, Lazr America Vehicle Chinook, Sup W America Vehicle Chinook - AVChinook.w3d",USA,Aviation,Chinook Transport Helicopter,AVChinook,mp4,publish,mp4,Complete recognizable subject with substantial or narratively useful mechanical motion.,C:\Users\Jeff\Documents\Codex\2026-08-18\in\w3d-animation-production\output\00128--avchinook--8447c341\USA - Aviation - Chinook Transport Helicopter - AVChinook.mp4,C:\Users\Jeff\Documents\Codex\2026-08-18\in\w3d-animation-production\output\00128--avchinook--8447c341\USA - Aviation - Chinook Transport Helicopter - AVChinook.mp4,True
315,00138--avchinookag--348351b1,W3DZH.big\Art\W3D\Air F America Vehicle Chinook - AVChinookAG.w3d,USA,Aviation,Chinook Transport Helicopter,AVChinookAG,mp4,publish,mp4,Complete recognizable subject with substantial or narratively useful mechanical motion.,C:\Users\Jeff\Documents\Codex\2026-08-18\in\w3d-animation-production\output\00138--avchinookag--348351b1\USA - Aviation - Chinook Transport Helicopter - AVChinookAG.mp4,C:\Users\Jeff\Documents\Codex\2026-08-18\in\w3d-animation-production\output\00138--avchinookag--348351b1\USA - Aviation - Chinook Transport Helicopter - AVChinookAG.mp4,True
316,04080--avcomanche--01d791cf,"ZH_Generals\W3D.big\Art\W3D\America Vehicle Comanche, CINE America Vehicle Comanche, CINE America Vehicle Comanche 02, CINE USA 08 America Vehicle Comanche, Lazr America Vehic - AVComanche.w3d",USA,Aviation,Comanche Attack Helicopter,AVComanche,mp4,publish,mp4,Complete recognizable subject with substantial or narratively useful mechanical motion.,C:\Users\Jeff\Documents\Codex\2026-08-18\in\w3d-animation-production\output\04080--avcomanche--01d791cf\USA - Aviation - Comanche Attack Helicopter - AVComanche.mp4,C:\Users\Jeff\Documents\Codex\2026-08-18\in\w3d-animation-production\output\04080--avcomanche--01d791cf\USA - Aviation - Comanche Attack Helicopter - AVComanche.mp4,True
317,00139--avcomancheag--238d0b22,W3DZH.big\Art\W3D\Air F America Vehicle Comanche - AVComancheAG.w3d,USA,Aviation,Comanche Attack Helicopter,AVComancheAG,mp4,publish,mp4,Complete recognizable subject with substantial or narratively useful mechanical motion.,C:\Users\Jeff\Documents\Codex\2026-08-18\in\w3d-animation-production\output\00139--avcomancheag--238d0b22\USA - Aviation - Comanche Attack Helicopter - AVComancheAG.mp4,C:\Users\Jeff\Documents\Codex\2026-08-18\in\w3d-animation-production\output\00139--avcomancheag--238d0b22\USA - Aviation - Comanche Attack Helicopter - AVComancheAG.mp4,True
318,00142--avcomanche-d2--538a5659,"W3DZH.big\Art\W3D\Air F Comanche Blades, Comanche Blades - AVComanche_D2.w3d",USA,Aviation,Comanche Blades,AVComanche_D2,mp4,reject,,component only or contextless subassembly,C:\Users\Jeff\Documents\Codex\2026-08-18\in\w3d-animation-production\output\00142--avcomanche-d2--538a5659\USA - Aviation - Comanche Blades - AVComanche_D2.mp4,,False
319,00134--avsgunship--52af7893,"W3DZH.big\Art\W3D\Air F America Jet Spectre Gunship 1, Air F America Jet Spectre Gunship 2, Air F America Jet Spectre Gunship 3, America Jet Spectre Gunship, Boss Jet Spectre - AVSGunship.w3d",USA,Aviation,Spectre Gunship,AVSGunship,gif,publish,gif,"Complete or intelligible subject with subtle, short, or continuously looping motion.",C:\Users\Jeff\Documents\Codex\2026-08-18\in\w3d-animation-production\output\00134--avsgunship--52af7893\USA - Aviation - Spectre Gunship - AVSGunship.gif,C:\Users\Jeff\Documents\Codex\2026-08-18\in\w3d-animation-production\output\00134--avsgunship--52af7893\USA - Aviation - Spectre Gunship - AVSGunship.gif,True
320,00158--cbairport2--9741f823,W3DZH.big\Art\W3D\American Airport 02 - CBAIRPORT2.w3d,USA,Base Building,Airport 02,CBAIRPORT2,gif,reject,,no useful visible motion,C:\Users\Jeff\Documents\Codex\2026-08-18\in\w3d-animation-production\output\00158--cbairport2--9741f823\USA - Base Building - Airport 02 - CBAIRPORT2.gif,,False
321,00044--abbtcmdswg--41855822,W3DZH.big\Art\W3D\ABBtCmdSWG.w3d,USA,Base Building,Bt Cmd SWG,ABBtCmdSWG,gif,publish,gif,"Complete or intelligible subject with subtle, short, or continuously looping motion.",C:\Users\Jeff\Documents\Codex\2026-08-18\in\w3d-animation-production\output\00044--abbtcmdswg--41855822\USA - Base Building - Bt Cmd SWG - ABBtCmdSWG.gif,C:\Users\Jeff\Documents\Codex\2026-08-18\in\w3d-animation-production\output\00044--abbtcmdswg--41855822\USA - Base Building - Bt Cmd SWG - ABBtCmdSWG.gif,True
322,04065--pmchkpnt02--dd117935,"ZH_Generals\W3D.big\Art\W3D\America Checkpoint, Check Point Crossing Guard - PMChkPnt02.w3d",USA,Base Building,Checkpoint,PMChkPnt02,gif,publish,gif,Complete or intelligible subject with useful mechanical motion or a legitimate subtle loop.,C:\Users\Jeff\Documents\Codex\2026-08-18\in\w3d-animation-production\output\04065--pmchkpnt02--dd117935\USA - Base Building - Checkpoint - PMChkPnt02.gif,C:\Users\Jeff\Documents\Codex\2026-08-18\in\w3d-animation-production\output\04065--pmchkpnt02--dd117935\USA - Base Building - Checkpoint - PMChkPnt02.gif,False
323,03854--abprison-a6sn--2943495c,ZH_Generals\W3D.big\Art\W3D\ABPrison_A6SN.w3d,USA,Base Building,Detention Camp,ABPrison_A6SN,gif,reject,,incomplete construction state or placeholder material,C:\Users\Jeff\Documents\Codex\2026-08-18\in\w3d-animation-production\output\03854--abprison-a6sn--2943495c\USA - Base Building - Detention Camp - ABPrison_A6SN.gif,,False
324,00162--cbdriveins--30ffef67,W3DZH.big\Art\W3D\American Drive In Snacks - CBDriveInS.w3d,USA,Base Building,Drive In Snacks,CBDriveInS,gif,publish,gif,Complete or intelligible subject with useful mechanical motion or a legitimate subtle loop.,C:\Users\Jeff\Documents\Codex\2026-08-18\in\w3d-animation-production\output\00162--cbdriveins--30ffef67\USA - Base Building - Drive In Snacks - CBDriveInS.gif,C:\Users\Jeff\Documents\Codex\2026-08-18\in\w3d-animation-production\output\00162--cbdriveins--30ffef67\USA - Base Building - Drive In Snacks - CBDriveInS.gif,False
325,00164--cmfastfoo--d5fe0216,W3DZH.big\Art\W3D\American Fast Food - CMFastFoo.w3d,USA,Base Building,Fast Food,CMFastFoo,gif,publish,gif,Complete or intelligible subject with useful mechanical motion or a legitimate subtle loop.,C:\Users\Jeff\Documents\Codex\2026-08-18\in\w3d-animation-production\output\00164--cmfastfoo--d5fe0216\USA - Base Building - Fast Food - CMFastFoo.gif,C:\Users\Jeff\Documents\Codex\2026-08-18\in\w3d-animation-production\output\00164--cmfastfoo--d5fe0216\USA - Base Building - Fast Food - CMFastFoo.gif,False
326,00052--abgdctower--a3b02160,W3DZH.big\Art\W3D\ABGDCTower.w3d,USA,Base Building,GDC Tower,ABGDCTower,gif,publish,gif,Complete or intelligible subject with useful mechanical motion or a legitimate subtle loop.,C:\Users\Jeff\Documents\Codex\2026-08-18\in\w3d-animation-production\output\00052--abgdctower--a3b02160\USA - Base Building - GDC Tower - ABGDCTower.gif,C:\Users\Jeff\Documents\Codex\2026-08-18\in\w3d-animation-production\output\00052--abgdctower--a3b02160\USA - Base Building - GDC Tower - ABGDCTower.gif,False
327,00166--cbhangr03--2d72e597,W3DZH.big\Art\W3D\American Hangar 03 - CBHangr03.w3d,USA,Base Building,Hangar 03,CBHangr03,gif,reject,,no useful visible motion,C:\Users\Jeff\Documents\Codex\2026-08-18\in\w3d-animation-production\output\00166--cbhangr03--2d72e597\USA - Base Building - Hangar 03 - CBHangr03.gif,,False
328,00095--absdlnksw--6763765a,W3DZH.big\Art\W3D\ABSDLnkSW.w3d,USA,Base Building,SD Lnk SW,ABSDLnkSW,gif,publish,gif,Complete or intelligible subject with useful mechanical motion or a legitimate subtle loop.,C:\Users\Jeff\Documents\Codex\2026-08-18\in\w3d-animation-production\output\00095--absdlnksw--6763765a\USA - Base Building - SD Lnk SW - ABSDLnkSW.gif,C:\Users\Jeff\Documents\Codex\2026-08-18\in\w3d-animation-production\output\00095--absdlnksw--6763765a\USA - Base Building - SD Lnk SW - ABSDLnkSW.gif,False
329,00099--absecuwall--bde04725,W3DZH.big\Art\W3D\ABSECUWALL.w3d,USA,Base Building,SECUWALL,ABSECUWALL,gif,publish,gif,Complete or intelligible subject with useful mechanical motion or a legitimate subtle loop.,C:\Users\Jeff\Documents\Codex\2026-08-18\in\w3d-animation-production\output\00099--absecuwall--bde04725\USA - Base Building - SECUWALL - ABSECUWALL.gif,C:\Users\Jeff\Documents\Codex\2026-08-18\in\w3d-animation-production\output\00099--absecuwall--bde04725\USA - Base Building - SECUWALL - ABSECUWALL.gif,False
330,00102--absecuwall-e--0705949c,W3DZH.big\Art\W3D\ABSecuWall_E.w3d,USA,Base Building,Secu Wall,ABSecuWall_E,gif,publish,gif,Complete or intelligible subject with useful mechanical motion or a legitimate subtle loop.,C:\Users\Jeff\Documents\Codex\2026-08-18\in\w3d-animation-production\output\00102--absecuwall-e--0705949c\USA - Base Building - Secu Wall - ABSecuWall_E.gif,C:\Users\Jeff\Documents\Codex\2026-08-18\in\w3d-animation-production\output\00102--absecuwall-e--0705949c\USA - Base Building - Secu Wall - ABSecuWall_E.gif,False
331,03962--absupdrop-ens--beb75bc0,ZH_Generals\W3D.big\Art\W3D\ABSupDrop_ENS.w3d,USA,Base Building,Supply Drop Zone,ABSupDrop_ENS,gif,reject,,component only or contextless subassembly,C:\Users\Jeff\Documents\Codex\2026-08-18\in\w3d-animation-production\output\03962--absupdrop-ens--beb75bc0\USA - Base Building - Supply Drop Zone - ABSupDrop_ENS.gif,,False
332,00114--abtmhkstmsw-a1--d7689cb0,W3DZH.big\Art\W3D\ABTmHkStmSW_A1.w3d,USA,Base Building,Tm Hk Stm SW A 1,ABTmHkStmSW_A1,gif,publish,gif,Complete or intelligible subject with useful mechanical motion or a legitimate subtle loop.,C:\Users\Jeff\Documents\Codex\2026-08-18\in\w3d-animation-production\output\00114--abtmhkstmsw-a1--d7689cb0\USA - Base Building - Tm Hk Stm SW A 1 - ABTmHkStmSW_A1.gif,C:\Users\Jeff\Documents\Codex\2026-08-18\in\w3d-animation-production\output\00114--abtmhkstmsw-a1--d7689cb0\USA - Base Building - Tm Hk Stm SW A 1 - ABTmHkStmSW_A1.gif,False
333,00115--abtmhkstmsw-a2--988338d0,W3DZH.big\Art\W3D\ABTmHkStmSW_A2.w3d,USA,Base Building,Tm Hk Stm SW A 2,ABTmHkStmSW_A2,gif,publish,gif,Complete or intelligible subject with useful mechanical motion or a legitimate subtle loop.,C:\Users\Jeff\Documents\Codex\2026-08-18\in\w3d-animation-production\output\00115--abtmhkstmsw-a2--988338d0\USA - Base Building - Tm Hk Stm SW A 2 - ABTmHkStmSW_A2.gif,C:\Users\Jeff\Documents\Codex\2026-08-18\in\w3d-animation-production\output\00115--abtmhkstmsw-a2--988338d0\USA - Base Building - Tm Hk Stm SW A 2 - ABTmHkStmSW_A2.gif,False
334,00116--abtmhkstmsw-a3--fe5c08d3,W3DZH.big\Art\W3D\ABTmHkStmSW_A3.w3d,USA,Base Building,Tm Hk Stm SW A 3,ABTmHkStmSW_A3,gif,publish,gif,Complete or intelligible subject with useful mechanical motion or a legitimate subtle loop.,C:\Users\Jeff\Documents\Codex\2026-08-18\in\w3d-animation-production\output\00116--abtmhkstmsw-a3--fe5c08d3\USA - Base Building - Tm Hk Stm SW A 3 - ABTmHkStmSW_A3.gif,C:\Users\Jeff\Documents\Codex\2026-08-18\in\w3d-animation-production\output\00116--abtmhkstmsw-a3--fe5c08d3\USA - Base Building - Tm Hk Stm SW A 3 - ABTmHkStmSW_A3.gif,False
335,00118--abtmhkstmsw-da1--588ce65a,W3DZH.big\Art\W3D\ABTmHkStmSW_DA1.w3d,USA,Base Building,Tm Hk Stm SW DA 1,ABTmHkStmSW_DA1,gif,publish,gif,Complete or intelligible subject with useful mechanical motion or a legitimate subtle loop.,C:\Users\Jeff\Documents\Codex\2026-08-18\in\w3d-animation-production\output\00118--abtmhkstmsw-da1--588ce65a\USA - Base Building - Tm Hk Stm SW DA 1 - ABTmHkStmSW_DA1.gif,C:\Users\Jeff\Documents\Codex\2026-08-18\in\w3d-animation-production\output\00118--abtmhkstmsw-da1--588ce65a\USA - Base Building - Tm Hk Stm SW DA 1 - ABTmHkStmSW_DA1.gif,False
336,00119--abtmhkstmsw-da2--3036e064,W3DZH.big\Art\W3D\ABTmHkStmSW_DA2.w3d,USA,Base Building,Tm Hk Stm SW DA 2,ABTmHkStmSW_DA2,gif,publish,gif,Complete or intelligible subject with useful mechanical motion or a legitimate subtle loop.,C:\Users\Jeff\Documents\Codex\2026-08-18\in\w3d-animation-production\output\00119--abtmhkstmsw-da2--3036e064\USA - Base Building - Tm Hk Stm SW DA 2 - ABTmHkStmSW_DA2.gif,C:\Users\Jeff\Documents\Codex\2026-08-18\in\w3d-animation-production\output\00119--abtmhkstmsw-da2--3036e064\USA - Base Building - Tm Hk Stm SW DA 2 - ABTmHkStmSW_DA2.gif,False
337,00120--abtmhkstmsw-da3--54b3a0be,W3DZH.big\Art\W3D\ABTmHkStmSW_DA3.w3d,USA,Base Building,Tm Hk Stm SW DA 3,ABTmHkStmSW_DA3,gif,publish,gif,Complete or intelligible subject with useful mechanical motion or a legitimate subtle loop.,C:\Users\Jeff\Documents\Codex\2026-08-18\in\w3d-animation-production\output\00120--abtmhkstmsw-da3--54b3a0be\USA - Base Building - Tm Hk Stm SW DA 3 - ABTmHkStmSW_DA3.gif,C:\Users\Jeff\Documents\Codex\2026-08-18\in\w3d-animation-production\output\00120--abtmhkstmsw-da3--54b3a0be\USA - Base Building - Tm Hk Stm SW DA 3 - ABTmHkStmSW_DA3.gif,False
338,00122--abtmhkstmsw-ea1--b11d33cf,W3DZH.big\Art\W3D\ABTmHkStmSW_EA1.w3d,USA,Base Building,Tm Hk Stm SW EA 1,ABTmHkStmSW_EA1,gif,publish,gif,Complete or intelligible subject with useful mechanical motion or a legitimate subtle loop.,C:\Users\Jeff\Documents\Codex\2026-08-18\in\w3d-animation-production\output\00122--abtmhkstmsw-ea1--b11d33cf\USA - Base Building - Tm Hk Stm SW EA 1 - ABTmHkStmSW_EA1.gif,C:\Users\Jeff\Documents\Codex\2026-08-18\in\w3d-animation-production\output\00122--abtmhkstmsw-ea1--b11d33cf\USA - Base Building - Tm Hk Stm SW EA 1 - ABTmHkStmSW_EA1.gif,False
339,00123--abtmhkstmsw-ea2--74e59836,W3DZH.big\Art\W3D\ABTmHkStmSW_EA2.w3d,USA,Base Building,Tm Hk Stm SW EA 2,ABTmHkStmSW_EA2,gif,publish,gif,Complete or intelligible subject with useful mechanical motion or a legitimate subtle loop.,C:\Users\Jeff\Documents\Codex\2026-08-18\in\w3d-animation-production\output\00123--abtmhkstmsw-ea2--74e59836\USA - Base Building - Tm Hk Stm SW EA 2 - ABTmHkStmSW_EA2.gif,C:\Users\Jeff\Documents\Codex\2026-08-18\in\w3d-animation-production\output\00123--abtmhkstmsw-ea2--74e59836\USA - Base Building - Tm Hk Stm SW EA 2 - ABTmHkStmSW_EA2.gif,False
340,00124--abtmhkstmsw-ea3--e1f6e5c7,W3DZH.big\Art\W3D\ABTmHkStmSW_EA3.w3d,USA,Base Building,Tm Hk Stm SW EA 3,ABTmHkStmSW_EA3,gif,publish,gif,Complete or intelligible subject with useful mechanical motion or a legitimate subtle loop.,C:\Users\Jeff\Documents\Codex\2026-08-18\in\w3d-animation-production\output\00124--abtmhkstmsw-ea3--e1f6e5c7\USA - Base Building - Tm Hk Stm SW EA 3 - ABTmHkStmSW_EA3.gif,C:\Users\Jeff\Documents\Codex\2026-08-18\in\w3d-animation-production\output\00124--abtmhkstmsw-ea3--e1f6e5c7\USA - Base Building - Tm Hk Stm SW EA 3 - ABTmHkStmSW_EA3.gif,False
341,00108--absecwally-e--63c499bb,W3DZH.big\Art\W3D\ABSecWallY_E.w3d,USA,Base Building,Wall,ABSecWallY_E,gif,publish,gif,Complete or intelligible subject with useful mechanical motion or a legitimate subtle loop.,C:\Users\Jeff\Documents\Codex\2026-08-18\in\w3d-animation-production\output\00108--absecwally-e--63c499bb\USA - Base Building - Wall - ABSecWallY_E.gif,C:\Users\Jeff\Documents\Codex\2026-08-18\in\w3d-animation-production\output\00108--absecwally-e--63c499bb\USA - Base Building - Wall - ABSecWallY_E.gif,False
342,00130--abfirebase--6b00156e,"W3DZH.big\Art\W3D\Air F America Fire Base, America Fire Base, Lazr America Fire Base, Sup W America Fire Base - ABFIREBASE.w3d",USA,Base Defense,Fire Base,ABFIREBASE,mp4,publish,mp4,Complete recognizable subject with substantial or narratively useful mechanical motion.,C:\Users\Jeff\Documents\Codex\2026-08-18\in\w3d-animation-production\output\00130--abfirebase--6b00156e\USA - Base Defense - Fire Base - ABFIREBASE.mp4,C:\Users\Jeff\Documents\Codex\2026-08-18\in\w3d-animation-production\output\00130--abfirebase--6b00156e\USA - Base Defense - Fire Base - ABFIREBASE.mp4,True
343,00047--abfirebase-d--9b3f0645,W3DZH.big\Art\W3D\ABFIREBASE_D.w3d,USA,Base Defense,Fire Base,ABFIREBASE_D,mp4,publish,mp4,Complete recognizable subject with substantial or narratively useful mechanical motion.,C:\Users\Jeff\Documents\Codex\2026-08-18\in\w3d-animation-production\output\00047--abfirebase-d--9b3f0645\USA - Base Defense - Fire Base - ABFIREBASE_D.mp4,C:\Users\Jeff\Documents\Codex\2026-08-18\in\w3d-animation-production\output\00047--abfirebase-d--9b3f0645\USA - Base Defense - Fire Base - ABFIREBASE_D.mp4,True
344,03837--abpatriot-a6sn--77229a05,ZH_Generals\W3D.big\Art\W3D\ABPATRIOT_A6SN.w3d,USA,Base Defense,Patriot Battery,ABPATRIOT_A6SN,mp4,reject,,incomplete construction state or placeholder material,C:\Users\Jeff\Documents\Codex\2026-08-18\in\w3d-animation-production\output\03837--abpatriot-a6sn--77229a05\USA - Base Defense - Patriot Battery - ABPATRIOT_A6SN.mp4,,False
345,00129--abbtcmdhqa--e78ee193,W3DZH.big\Art\W3D\Air F America Command Center - AbbtCmdHQA.w3d,USA,Base Infrastructure,Command Center,AbbtCmdHQA,gif,publish,gif,"Complete or intelligible subject with subtle, short, or continuously looping motion.",C:\Users\Jeff\Documents\Codex\2026-08-18\in\w3d-animation-production\output\00129--abbtcmdhqa--e78ee193\USA - Base Infrastructure - Command Center - AbbtCmdHQA.gif,C:\Users\Jeff\Documents\Codex\2026-08-18\in\w3d-animation-production\output\00129--abbtcmdhqa--e78ee193\USA - Base Infrastructure - Command Center - AbbtCmdHQA.gif,True
346,03974--absupplyct-a5sn--81564107,ZH_Generals\W3D.big\Art\W3D\ABSupplyCT_A5SN.w3d,USA,Base Infrastructure,Supply Center,ABSupplyCT_A5SN,gif,reject,,component only or contextless subassembly,C:\Users\Jeff\Documents\Codex\2026-08-18\in\w3d-animation-production\output\03974--absupplyct-a5sn--81564107\USA - Base Infrastructure - Supply Center - ABSupplyCT_A5SN.gif,,False
347,04085--avamphib--2d810648,ZH_Generals\W3D.big\Art\W3D\Amphibious Transport - AvAmphib.w3d,USA,Ground Vehicles,Amphibious Transport,AvAmphib,mp4,reject,,no useful visible motion,C:\Users\Jeff\Documents\Codex\2026-08-18\in\w3d-animation-production\output\04085--avamphib--2d810648\USA - Ground Vehicles - Amphibious Transport - AvAmphib.mp4,,False
348,04050--avbattledr--01127027,"ZH_Generals\W3D.big\Art\W3D\Air F America Vehicle Battle Drone, America Vehicle Battle Drone, Lazr America Vehicle Battle Drone, Sup W America Vehicle Battle Drone, Sup W Amer - avbattledr.w3d",USA,Ground Vehicles,Battle Drone,avbattledr,mp4,publish,mp4,Complete recognizable subject with substantial or narratively useful mechanical motion.,C:\Users\Jeff\Documents\Codex\2026-08-18\in\w3d-animation-production\output\04050--avbattledr--01127027\USA - Ground Vehicles - Battle Drone - avbattledr.mp4,C:\Users\Jeff\Documents\Codex\2026-08-18\in\w3d-animation-production\output\04050--avbattledr--01127027\USA - Ground Vehicles - Battle Drone - avbattledr.mp4,True
349,00151--avbattlesh--51cb97d4,"W3DZH.big\Art\W3D\America Vehicle Battle Ship, America Vehicle Battle Ship Demo, America Vehicle Battle Ship USS Bender - avbattlesh.w3d",USA,Ground Vehicles,Battle Ship,avbattlesh,mp4,reject,,no useful visible motion,C:\Users\Jeff\Documents\Codex\2026-08-18\in\w3d-animation-production\output\00151--avbattlesh--51cb97d4\USA - Ground Vehicles - Battle Ship - avbattlesh.mp4,,False
350,00199--avbattlesh-d--10b135e5,W3DZH.big\Art\W3D\avbattlesh_D.w3d,USA,Ground Vehicles,Battle Ship Demo,avbattlesh_D,mp4,reject,,no useful visible motion,C:\Users\Jeff\Documents\Codex\2026-08-18\in\w3d-animation-production\output\00199--avbattlesh-d--10b135e5\USA - Ground Vehicles - Battle Ship Demo - avbattlesh_D.mp4,,False
351,04051--avconstdoz-a--8a249895,"ZH_Generals\W3D.big\Art\W3D\Air F America Vehicle Dozer, America Vehicle Dozer, Boss Vehicle Dozer, Lazr America Vehicle Dozer, Sup W America Vehicle Dozer - avconstdoz_A.w3d",USA,Ground Vehicles,Dozer,avconstdoz_A,mp4,publish,mp4,Complete or intelligible subject with useful mechanical motion or a legitimate subtle loop.,C:\Users\Jeff\Documents\Codex\2026-08-18\in\w3d-animation-production\output\04051--avconstdoz-a--8a249895\USA - Ground Vehicles - Dozer - avconstdoz_A.mp4,C:\Users\Jeff\Documents\Codex\2026-08-18\in\w3d-animation-production\output\04051--avconstdoz-a--8a249895\USA - Ground Vehicles - Dozer - avconstdoz_A.mp4,False
352,05839--avptboat--05fb9c45,ZH_Generals\W3D.big\Art\W3D\Civilian Vehicle PT Boat - AVPTBoat.w3d,USA,Ground Vehicles,PT Boat,AVPTBoat,mp4,reject,,no useful visible motion,C:\Users\Jeff\Documents\Codex\2026-08-18\in\w3d-animation-production\output\05839--avptboat--05fb9c45\USA - Ground Vehicles - PT Boat - AVPTBoat.mp4,,False
353,00154--avrepairdr--9e43721a,W3DZH.big\Art\W3D\America Vehicle Repair Drone - avrepairdr.w3d,USA,Ground Vehicles,Repair Drone,avrepairdr,mp4,publish,mp4,Complete recognizable subject with substantial or narratively useful mechanical motion.,C:\Users\Jeff\Documents\Codex\2026-08-18\in\w3d-animation-production\output\00154--avrepairdr--9e43721a\USA - Ground Vehicles - Repair Drone - avrepairdr.mp4,C:\Users\Jeff\Documents\Codex\2026-08-18\in\w3d-animation-production\output\00154--avrepairdr--9e43721a\USA - Ground Vehicles - Repair Drone - avrepairdr.mp4,True
354,04052--avscoutdr--1c09ec5d,"ZH_Generals\W3D.big\Art\W3D\Air F America Vehicle Hellfire Drone, Air F America Vehicle Scout Drone, America Vehicle Scout Drone, Lazr America Vehicle Hellfire Drone, Lazr Amer - avscoutdr.w3d",USA,Ground Vehicles,Scout Drone,avscoutdr,mp4,publish,mp4,Complete recognizable subject with substantial or narratively useful mechanical motion.,C:\Users\Jeff\Documents\Codex\2026-08-18\in\w3d-animation-production\output\04052--avscoutdr--1c09ec5d\USA - Ground Vehicles - Scout Drone - avscoutdr.mp4,C:\Users\Jeff\Documents\Codex\2026-08-18\in\w3d-animation-production\output\04052--avscoutdr--1c09ec5d\USA - Ground Vehicles - Scout Drone - avscoutdr.mp4,True
355,00141--avsentry--06624208,"W3DZH.big\Art\W3D\Air F America Vehicle Sentry Drone, America Vehicle Sentry Drone, Boss Vehicle Sentry Drone, Lazr America Vehicle Sentry Drone, MISSION America Vehicle Sentry - AVSentry.w3d",USA,Ground Vehicles,Sentry Drone,AVSentry,gif,publish,gif,"Complete or intelligible subject with subtle, short, or continuously looping motion.",C:\Users\Jeff\Documents\Codex\2026-08-18\in\w3d-animation-production\output\00141--avsentry--06624208\USA - Ground Vehicles - Sentry Drone - AVSentry.gif,C:\Users\Jeff\Documents\Codex\2026-08-18\in\w3d-animation-production\output\00141--avsentry--06624208\USA - Ground Vehicles - Sentry Drone - AVSentry.gif,True
356,00264--avsolodrn--3ec3891f,W3DZH.big\Art\W3D\AVSoloDrn.w3d,USA,Ground Vehicles,Solo Drn,AVSoloDrn,mp4,publish,mp4,Complete or intelligible subject with useful mechanical motion or a legitimate subtle loop.,C:\Users\Jeff\Documents\Codex\2026-08-18\in\w3d-animation-production\output\00264--avsolodrn--3ec3891f\USA - Ground Vehicles - Solo Drn - AVSoloDrn.mp4,C:\Users\Jeff\Documents\Codex\2026-08-18\in\w3d-animation-production\output\00264--avsolodrn--3ec3891f\USA - Ground Vehicles - Solo Drn - AVSoloDrn.mp4,False
357,04055--avspydrone--dd3c7003,"ZH_Generals\W3D.big\Art\W3D\Air F America Vehicle Spy Drone, America Vehicle Spy Drone, Lazr America Vehicle Spy Drone, Sup W America Vehicle Spy Drone - AVSpyDrone.w3d",USA,Ground Vehicles,Spy Drone,AVSpyDrone,mp4,publish,mp4,Complete recognizable subject with substantial or narratively useful mechanical motion.,C:\Users\Jeff\Documents\Codex\2026-08-18\in\w3d-animation-production\output\04055--avspydrone--dd3c7003\USA - Ground Vehicles - Spy Drone - AVSpyDrone.mp4,C:\Users\Jeff\Documents\Codex\2026-08-18\in\w3d-animation-production\output\04055--avspydrone--dd3c7003\USA - Ground Vehicles - Spy Drone - AVSpyDrone.mp4,True
358,04038--abarfrccmd--8889ee32,"ZH_Generals\W3D.big\Art\W3D\Air F America Airfield, America Airfield, Lazr America Airfield, Sup W America Airfield - ABArFrcCmd.w3d",USA,Production Building,Airfield,ABArFrcCmd,gif,publish,gif,"Complete or intelligible subject with subtle, short, or continuously looping motion.",C:\Users\Jeff\Documents\Codex\2026-08-18\in\w3d-animation-production\output\04038--abarfrccmd--8889ee32\USA - Production Building - Airfield - ABArFrcCmd.gif,C:\Users\Jeff\Documents\Codex\2026-08-18\in\w3d-animation-production\output\04038--abarfrccmd--8889ee32\USA - Production Building - Airfield - ABArFrcCmd.gif,True
359,04039--abbarracks--38f9645f,"ZH_Generals\W3D.big\Art\W3D\Air F America Barracks, America Barracks, Lazr America Barracks, Sup W America Barracks - ABBARRACKS.w3d",USA,Production Building,Barracks,ABBARRACKS,gif,publish,gif,"Complete or intelligible subject with subtle, short, or continuously looping motion.",C:\Users\Jeff\Documents\Codex\2026-08-18\in\w3d-animation-production\output\04039--abbarracks--38f9645f\USA - Production Building - Barracks - ABBARRACKS.gif,C:\Users\Jeff\Documents\Codex\2026-08-18\in\w3d-animation-production\output\04039--abbarracks--38f9645f\USA - Production Building - Barracks - ABBARRACKS.gif,True
360,00056--abnukesilo-a2--3bd05a62,W3DZH.big\Art\W3D\ABNukeSilo_A2.w3d,USA,Superweapon,Cruise Missile Launcher,ABNukeSilo_A2,mp4,publish,mp4,Complete recognizable subject with substantial or narratively useful mechanical motion.,C:\Users\Jeff\Documents\Codex\2026-08-18\in\w3d-animation-production\output\00056--abnukesilo-a2--3bd05a62\USA - Superweapon - Cruise Missile Launcher - ABNukeSilo_A2.mp4,C:\Users\Jeff\Documents\Codex\2026-08-18\in\w3d-animation-production\output\00056--abnukesilo-a2--3bd05a62\USA - Superweapon - Cruise Missile Launcher - ABNukeSilo_A2.mp4,True
361,00057--abnukesilo-a2d--255fc182,W3DZH.big\Art\W3D\ABNukeSilo_A2D.w3d,USA,Superweapon,Cruise Missile Launcher,ABNukeSilo_A2D,mp4,publish,mp4,Complete recognizable subject with substantial or narratively useful mechanical motion.,C:\Users\Jeff\Documents\Codex\2026-08-18\in\w3d-animation-production\output\00057--abnukesilo-a2d--255fc182\USA - Superweapon - Cruise Missile Launcher - ABNukeSilo_A2D.mp4,C:\Users\Jeff\Documents\Codex\2026-08-18\in\w3d-animation-production\output\00057--abnukesilo-a2d--255fc182\USA - Superweapon - Cruise Missile Launcher - ABNukeSilo_A2D.mp4,True
362,03955--absupdrop-a6sn--f72d9a13,ZH_Generals\W3D.big\Art\W3D\ABSupDrop_A6SN.w3d,USA,Superweapon,Supply Drop Zone,ABSupDrop_A6SN,mp4,reject,,incomplete construction state or placeholder material,C:\Users\Jeff\Documents\Codex\2026-08-18\in\w3d-animation-production\output\03955--absupdrop-a6sn--f72d9a13\USA - Superweapon - Supply Drop Zone - ABSupDrop_A6SN.mp4,,False
