production_number,case,source_cases,physical_number,source_path_relative,recommended_format,source_media,source_bytes,sha256,target_directory,target_media,preflight_state
1,05810--nvconstdoz-a--22177a25,05810--nvconstdoz-a--22177a25,1,"ZH_Generals\W3D.big\Art\W3D\China Vehicle Dozer, Infa China Vehicle Dozer, Nuke China Vehicle Dozer, Tank China Vehicle Dozer - nvconstdoz_A.w3d",mp4,C:\Users\Jeff\Documents\Codex\2026-08-18\in\w3d-animation-production\output\05810--nvconstdoz-a--22177a25\China - Armor - Dozer - nvconstdoz_A.mp4,38566,df5d6f86f532364733ce4e0de88996c90f8cf831e150b191096f1c5f336d7774,C:\Programs\Generals Big Extraction\ZH_Generals\W3D.big\Art\W3D,C:\Programs\Generals Big Extraction\ZH_Generals\W3D.big\Art\W3D\China - Armor - Dozer - nvconstdoz_A.mp4,new
2,06522--nvconstdoz-ad--feb4bd53,06522--nvconstdoz-ad--feb4bd53,1,ZH_Generals\W3D.big\Art\W3D\nvconstdoz_AD.w3d,mp4,C:\Users\Jeff\Documents\Codex\2026-08-18\in\w3d-animation-production\output\06522--nvconstdoz-ad--feb4bd53\China - Armor - Dozer - nvconstdoz_AD.mp4,38350,a317259ea05707f8d4f6b7b195d99aa1582bb14575d4392505784fff6fdc1aec,C:\Programs\Generals Big Extraction\ZH_Generals\W3D.big\Art\W3D,C:\Programs\Generals Big Extraction\ZH_Generals\W3D.big\Art\W3D\China - Armor - Dozer - nvconstdoz_AD.mp4,new
3,04214--nvgatttank--c5f4a7c2,04214--nvgatttank--c5f4a7c2,1,"ZH_Generals\W3D.big\Art\W3D\Boss Tank Gattling, China Tank Gattling, Infa China Tank Gattling, Nuke China Tank Gattling, Tank China Tank Gattling - NVGattTank.w3d",mp4,C:\Users\Jeff\Documents\Codex\2026-08-18\in\w3d-animation-production\output\04214--nvgatttank--c5f4a7c2\China - Armor - Gattling - NVGattTank.mp4,26607,d991f96da9c3348115205bf9b1d42dc789bc6630ace12b919eb0ef9e75c9f7e6,C:\Programs\Generals Big Extraction\ZH_Generals\W3D.big\Art\W3D,C:\Programs\Generals Big Extraction\ZH_Generals\W3D.big\Art\W3D\China - Armor - Gattling - NVGattTank.mp4,new
4,06529--nvgatttank-d--3334b54c,06529--nvgatttank-d--3334b54c,1,ZH_Generals\W3D.big\Art\W3D\NVGattTank_d.w3d,mp4,C:\Users\Jeff\Documents\Codex\2026-08-18\in\w3d-animation-production\output\06529--nvgatttank-d--3334b54c\China - Armor - Gattling - NVGattTank_d.mp4,24084,2ca0ef1855082a7b9eaa58a29db419fa301ddd783c2eb6652ea15375c77b76bd,C:\Programs\Generals Big Extraction\ZH_Generals\W3D.big\Art\W3D,C:\Programs\Generals Big Extraction\ZH_Generals\W3D.big\Art\W3D\China - Armor - Gattling - NVGattTank_d.mp4,new
5,04215--nvovrlrd--5f21e029,04215--nvovrlrd--5f21e029,1,"ZH_Generals\W3D.big\Art\W3D\Boss Tank Overlord, China Tank Overlord, CINE China Tank Overlord, Nuke China Tank Overlord - NVOvrlrd.w3d",gif,C:\Users\Jeff\Documents\Codex\2026-08-18\in\w3d-animation-production\output\04215--nvovrlrd--5f21e029\China - Armor - Overlord Tank - NVOvrlrd.gif,39080,fe54779dd5234c93baf952ecc89668a7d7cb8ae3ac71b622c1ac2a3ede341b15,C:\Programs\Generals Big Extraction\ZH_Generals\W3D.big\Art\W3D,C:\Programs\Generals Big Extraction\ZH_Generals\W3D.big\Art\W3D\China - Armor - Overlord Tank - NVOvrlrd.gif,new
6,05795--nvcargopln--b0556824,05795--nvcargopln--b0556824,1,"ZH_Generals\W3D.big\Art\W3D\China Jet Cargo Plane, Infa China Jet Cargo Plane, Nuke China Jet Cargo Plane, Tank China Jet Cargo Plane - NVCargoPln.w3d",gif,C:\Users\Jeff\Documents\Codex\2026-08-18\in\w3d-animation-production\output\05795--nvcargopln--b0556824\China - Aviation - Cargo Plane - NVCargoPln.gif,85328,68a16963cf032ce08ed5e8327ea24d39883a089a32c88866667d79eb26d8334d,C:\Programs\Generals Big Extraction\ZH_Generals\W3D.big\Art\W3D,C:\Programs\Generals Big Extraction\ZH_Generals\W3D.big\Art\W3D\China - Aviation - Cargo Plane - NVCargoPln.gif,new
7,06520--nvcargopln-d--a5bc62a2,06520--nvcargopln-d--a5bc62a2,1,ZH_Generals\W3D.big\Art\W3D\NVCargoPln_d.w3d,gif,C:\Users\Jeff\Documents\Codex\2026-08-18\in\w3d-animation-production\output\06520--nvcargopln-d--a5bc62a2\China - Aviation - Cargo Plane - NVCargoPln_d.gif,88017,0b38e1f1a7c760f8690230a946269c870ae6bb8db0b068df93ff3bce60879d28,C:\Programs\Generals Big Extraction\ZH_Generals\W3D.big\Art\W3D,C:\Programs\Generals Big Extraction\ZH_Generals\W3D.big\Art\W3D\China - Aviation - Cargo Plane - NVCargoPln_d.gif,new
8,00289--nvhelix--20fa9ead,00289--nvhelix--20fa9ead,1,"W3DZH.big\Art\W3D\Boss Vehicle Helix, China Vehicle Helix, Infa China Vehicle Helix, Nuke China Vehicle Helix, Tank China Vehicle Helix - NVHelix.w3d",mp4,C:\Users\Jeff\Documents\Codex\2026-08-18\in\w3d-animation-production\output\00289--nvhelix--20fa9ead\China - Aviation - Helix Helicopter - NVHelix.mp4,10232,e2ffa8eb3a952f5f8348e23831e3b4d339ad50fcce1a505f655664bfdd5cee4f,C:\Programs\Generals Big Extraction\W3DZH.big\Art\W3D,C:\Programs\Generals Big Extraction\W3DZH.big\Art\W3D\China - Aviation - Helix Helicopter - NVHelix.mp4,new
9,02834--nvhelixng--64f3478f,02834--nvhelixng--64f3478f,1,W3DZH.big\Art\W3D\NVHelixNG.w3d,mp4,C:\Users\Jeff\Documents\Codex\2026-08-18\in\w3d-animation-production\output\02834--nvhelixng--64f3478f\China - Aviation - Helix NG - NVHelixNG.mp4,10376,f000c037ddc807366b6466781afa6699a0199dad2bbf4ea4dc9539a2d3bf4f32,C:\Programs\Generals Big Extraction\W3DZH.big\Art\W3D,C:\Programs\Generals Big Extraction\W3DZH.big\Art\W3D\China - Aviation - Helix NG - NVHelixNG.mp4,new
10,02678--nbconyardin--d9a0f898,02678--nbconyardin--d9a0f898,1,W3DZH.big\Art\W3D\NBConYardIN.w3d,gif,C:\Users\Jeff\Documents\Codex\2026-08-18\in\w3d-animation-production\output\02678--nbconyardin--d9a0f898\China - Base Building - Con Yard IN - NBConYardIN.gif,109678,34c49d5ea8e1aba340e43735457b34b974869dfc44b510465924e9a4ed5ff856,C:\Programs\Generals Big Extraction\W3DZH.big\Art\W3D,C:\Programs\Generals Big Extraction\W3DZH.big\Art\W3D\China - Base Building - Con Yard IN - NBConYardIN.gif,new
11,02690--nbconyardng--ba5a618a,02690--nbconyardng--ba5a618a,1,W3DZH.big\Art\W3D\NBConYardNG.w3d,gif,C:\Users\Jeff\Documents\Codex\2026-08-18\in\w3d-animation-production\output\02690--nbconyardng--ba5a618a\China - Base Building - Con Yard NG - NBConYardNG.gif,94544,5c3a596e1b84610f5db24b1d30d94841213abc485299a7a62c88ca8ff3928bac,C:\Programs\Generals Big Extraction\W3DZH.big\Art\W3D,C:\Programs\Generals Big Extraction\W3DZH.big\Art\W3D\China - Base Building - Con Yard NG - NBConYardNG.gif,new
15,04207--nbgattling--ad0f83cd,04207--nbgattling--ad0f83cd,1,"ZH_Generals\W3D.big\Art\W3D\Boss Gattling Cannon, China Gattling Cannon, Infa China Gattling Cannon, Nuke China Gattling Cannon, Tank China Gattling Cannon - NBGattling.w3d",mp4,C:\Users\Jeff\Documents\Codex\2026-08-18\in\w3d-animation-production\output\04207--nbgattling--ad0f83cd\China - Base Defense - Gattling Cannon - NBGattling.mp4,61849,9366eab3aec19cc8f5668b76c176dc1a5f80a5e5c5c55d52be99baba00a359dc,C:\Programs\Generals Big Extraction\ZH_Generals\W3D.big\Art\W3D,C:\Programs\Generals Big Extraction\ZH_Generals\W3D.big\Art\W3D\China - Base Defense - Gattling Cannon - NBGattling.mp4,new
16,02706--nbgattling-da1--edd0ca3a,02706--nbgattling-da1--edd0ca3a,1,W3DZH.big\Art\W3D\NBGattling_DA1.w3d,mp4,C:\Users\Jeff\Documents\Codex\2026-08-18\in\w3d-animation-production\output\02706--nbgattling-da1--edd0ca3a\China - Base Defense - Gattling Cannon - NBGattling_DA1.mp4,45504,fa7e6671b36c0746e7f34aa88faea0af9f511c03410761eee2ac3d48e22ced2c,C:\Programs\Generals Big Extraction\W3DZH.big\Art\W3D,C:\Programs\Generals Big Extraction\W3DZH.big\Art\W3D\China - Base Defense - Gattling Cannon - NBGattling_DA1.mp4,new
17,02610--nbconyardi--c22ad099,02610--nbconyardi--c22ad099,1,W3DZH.big\Art\W3D\Infa China Command Center - NBConYardI.w3d,gif,C:\Users\Jeff\Documents\Codex\2026-08-18\in\w3d-animation-production\output\02610--nbconyardi--c22ad099\China - Base Infrastructure - Command Center - NBConYardI.gif,114965,240a7919923b7e66a9828a60c23d7209054830421ace85de38c73159635fa805,C:\Programs\Generals Big Extraction\W3DZH.big\Art\W3D,C:\Programs\Generals Big Extraction\W3DZH.big\Art\W3D\China - Base Infrastructure - Command Center - NBConYardI.gif,new
20,02851--nvnukecnng--b49ded59,02851--nvnukecnng--b49ded59,1,W3DZH.big\Art\W3D\NVNukeCnNG.w3d,mp4,C:\Users\Jeff\Documents\Codex\2026-08-18\in\w3d-animation-production\output\02851--nvnukecnng--b49ded59\China - Ground Vehicles - Nuke Cn NG - NVNukeCnNG.mp4,49729,aa8f71cd2a425895a53630a94d2ac4ec3991bb419cd78e7ae9258cade0caf60a,C:\Programs\Generals Big Extraction\W3DZH.big\Art\W3D,C:\Programs\Generals Big Extraction\W3DZH.big\Art\W3D\China - Ground Vehicles - Nuke Cn NG - NVNukeCnNG.mp4,new
21,05813--nvnukecn--8d2580e7,05813--nvnukecn--8d2580e7,1,"ZH_Generals\W3D.big\Art\W3D\China Vehicle Nuke Launcher, CINE China Vehicle Nuke Launcher, Infa China Vehicle Nuke Launcher, Nuke China Vehicle Nuke Launcher - NVNukeCn.w3d",mp4,C:\Users\Jeff\Documents\Codex\2026-08-18\in\w3d-animation-production\output\05813--nvnukecn--8d2580e7\China - Ground Vehicles - Nuke Launcher - NVNukeCn.mp4,46292,70bd13284c2c9351a7f04079379d64e34796e9667bda5189e5ab4b60fa975490,C:\Programs\Generals Big Extraction\ZH_Generals\W3D.big\Art\W3D,C:\Programs\Generals Big Extraction\ZH_Generals\W3D.big\Art\W3D\China - Ground Vehicles - Nuke Launcher - NVNukeCn.mp4,new
22,00286--nbairfield--f61c96aa,00286--nbairfield--f61c96aa,1,"W3DZH.big\Art\W3D\Boss Airfield, China Airfield, Infa China Airfield, Nuke China Airfield, Tank China Airfield - NBAirfield.w3d",gif,C:\Users\Jeff\Documents\Codex\2026-08-18\in\w3d-animation-production\output\00286--nbairfield--f61c96aa\China - Production Building - Airfield - NBAirfield.gif,107686,8216a2f9498a6542fa684fdb351872a862fdd8ab14b352084bab2096941ae75c,C:\Programs\Generals Big Extraction\W3DZH.big\Art\W3D,C:\Programs\Generals Big Extraction\W3DZH.big\Art\W3D\China - Production Building - Airfield - NBAirfield.gif,new
24,05798--nbpcenter--109eb432,05798--nbpcenter--109eb432,1,"ZH_Generals\W3D.big\Art\W3D\China Propaganda Center, Infa China Propaganda Center, Nuke China Propaganda Center, Tank China Propaganda Center - NBPCenter.w3d",gif,C:\Users\Jeff\Documents\Codex\2026-08-18\in\w3d-animation-production\output\05798--nbpcenter--109eb432\China - Technology Building - Propaganda Center - NBPCenter.gif,66073,a5fee5bafed61fca8d44053334c696dfa54c7e5d5fa79015c4455cb0b03fcafa,C:\Programs\Generals Big Extraction\ZH_Generals\W3D.big\Art\W3D,C:\Programs\Generals Big Extraction\ZH_Generals\W3D.big\Art\W3D\China - Technology Building - Propaganda Center - NBPCenter.gif,new
25,04902--cbngovbuil-g--a11b472d,04902--cbngovbuil-g--a11b472d,1,ZH_Generals\W3D.big\Art\W3D\CBNGovBuil_G.w3d,gif,C:\Users\Jeff\Documents\Codex\2026-08-18\in\w3d-animation-production\output\04902--cbngovbuil-g--a11b472d\Civilian - Civilian Building - Asia Government Building - CBNGovBuil_G.gif,62121,8c4c25a36fc9f61df7acf2e601e4b91949d48fd2a67110146453d769fb91e1f7,C:\Programs\Generals Big Extraction\ZH_Generals\W3D.big\Art\W3D,C:\Programs\Generals Big Extraction\ZH_Generals\W3D.big\Art\W3D\Civilian - Civilian Building - Asia Government Building - CBNGovBuil_G.gif,new
26,05032--cbntbuil-g--8efe510e,05032--cbntbuil-g--8efe510e,1,ZH_Generals\W3D.big\Art\W3D\CBNTbuil_G.w3d,gif,C:\Users\Jeff\Documents\Codex\2026-08-18\in\w3d-animation-production\output\05032--cbntbuil-g--8efe510e\Civilian - Civilian Building - Asia Town Hall 01 - CBNTbuil_G.gif,73579,6183ffbd6b55febad8140a3fa84b59fdc215fcc49a07f3f45671f4b197578e3c,C:\Programs\Generals Big Extraction\ZH_Generals\W3D.big\Art\W3D,C:\Programs\Generals Big Extraction\ZH_Generals\W3D.big\Art\W3D\Civilian - Civilian Building - Asia Town Hall 01 - CBNTbuil_G.gif,new
27,04780--cbnarcade-g--b5ebf106,04780--cbnarcade-g--b5ebf106,1,ZH_Generals\W3D.big\Art\W3D\CBNArcade_G.w3d,gif,C:\Users\Jeff\Documents\Codex\2026-08-18\in\w3d-animation-production\output\04780--cbnarcade-g--b5ebf106\Civilian - Civilian Building - Asian Arcade - CBNArcade_G.gif,95893,8e6cec30c05fbce10212625831b3f19015261c3075ffe8e9429ef8aaaf85437a,C:\Programs\Generals Big Extraction\ZH_Generals\W3D.big\Art\W3D,C:\Programs\Generals Big Extraction\ZH_Generals\W3D.big\Art\W3D\Civilian - Civilian Building - Asian Arcade - CBNArcade_G.gif,new
28,04858--cbndealers-g--0b2b5f05,04858--cbndealers-g--0b2b5f05,1,ZH_Generals\W3D.big\Art\W3D\CBNDealerS_G.w3d,gif,C:\Users\Jeff\Documents\Codex\2026-08-18\in\w3d-animation-production\output\04858--cbndealers-g--0b2b5f05\Civilian - Civilian Building - Asian Dealership - CBNDealerS_G.gif,241019,3d419b38b5cf956a70f92c1ace940914f87f0852c91b441380b1688d8ae0dcdd,C:\Programs\Generals Big Extraction\ZH_Generals\W3D.big\Art\W3D,C:\Programs\Generals Big Extraction\ZH_Generals\W3D.big\Art\W3D\Civilian - Civilian Building - Asian Dealership - CBNDealerS_G.gif,new
29,04936--cbniteclub-g--c8d5cfeb,04936--cbniteclub-g--c8d5cfeb,1,ZH_Generals\W3D.big\Art\W3D\CBNiteClub_G.w3d,gif,C:\Users\Jeff\Documents\Codex\2026-08-18\in\w3d-animation-production\output\04936--cbniteclub-g--c8d5cfeb\Civilian - Civilian Building - Asian Night Club - CBNiteClub_G.gif,67400,93b7f3352e2cc4972e78c58e5ad102a91ddb3f794e4b57d729c5780135c64d65,C:\Programs\Generals Big Extraction\ZH_Generals\W3D.big\Art\W3D,C:\Programs\Generals Big Extraction\ZH_Generals\W3D.big\Art\W3D\Civilian - Civilian Building - Asian Night Club - CBNiteClub_G.gif,new
30,04952--cbnoffice1-g--3e1eaced,04952--cbnoffice1-g--3e1eaced,1,ZH_Generals\W3D.big\Art\W3D\CBNOffice1_G.w3d,gif,C:\Users\Jeff\Documents\Codex\2026-08-18\in\w3d-animation-production\output\04952--cbnoffice1-g--3e1eaced\Civilian - Civilian Building - Asian Office 01 - CBNOffice1_G.gif,56228,c9be09a2b2bf3d5f0ff77b21707837599ac4bafbf159a68e9b49594f355eda39,C:\Programs\Generals Big Extraction\ZH_Generals\W3D.big\Art\W3D,C:\Programs\Generals Big Extraction\ZH_Generals\W3D.big\Art\W3D\Civilian - Civilian Building - Asian Office 01 - CBNOffice1_G.gif,new
31,04916--cbnhongk03-g--b6f54336,04916--cbnhongk03-g--b6f54336,1,ZH_Generals\W3D.big\Art\W3D\CBNHongK03_G.w3d,gif,C:\Users\Jeff\Documents\Codex\2026-08-18\in\w3d-animation-production\output\04916--cbnhongk03-g--b6f54336\Civilian - Civilian Building - Asian Office 02 - CBNHongK03_G.gif,48456,d8bcd78ce8fbf06c5f234bf5994a32d9e867e9b97f7e3921e3efbd778cc61888,C:\Programs\Generals Big Extraction\ZH_Generals\W3D.big\Art\W3D,C:\Programs\Generals Big Extraction\ZH_Generals\W3D.big\Art\W3D\Civilian - Civilian Building - Asian Office 02 - CBNHongK03_G.gif,new
32,04906--cbnhongk01-g--caf4b956,04906--cbnhongk01-g--caf4b956,1,ZH_Generals\W3D.big\Art\W3D\CBNHongK01_G.w3d,gif,C:\Users\Jeff\Documents\Codex\2026-08-18\in\w3d-animation-production\output\04906--cbnhongk01-g--caf4b956\Civilian - Civilian Building - Asian Sky Scraper 01 - CBNHongK01_G.gif,22809,e90eb332ab4d2868281e4f3bd8da56fe8fec78ed098d16d49b20784f25d503b4,C:\Programs\Generals Big Extraction\ZH_Generals\W3D.big\Art\W3D,C:\Programs\Generals Big Extraction\ZH_Generals\W3D.big\Art\W3D\Civilian - Civilian Building - Asian Sky Scraper 01 - CBNHongK01_G.gif,new
35,00353--cbbaikgrnd-g--77decee7,00353--cbbaikgrnd-g--77decee7,1,W3DZH.big\Art\W3D\CBBaikGrnd_g.w3d,gif,C:\Users\Jeff\Documents\Codex\2026-08-18\in\w3d-animation-production\output\00353--cbbaikgrnd-g--77decee7\Civilian - Civilian Building - Baikonur Ground Control Center - CBBaikGrnd_g.gif,26106,b689f43bee877eaa92cf0fe46e7bbf8d9782cd0add288d371a916dfbfbcf0849,C:\Programs\Generals Big Extraction\W3DZH.big\Art\W3D,C:\Programs\Generals Big Extraction\W3DZH.big\Art\W3D\Civilian - Civilian Building - Baikonur Ground Control Center - CBBaikGrnd_g.gif,new
37,04802--cbnbarncoo-g--2b4769e2,04802--cbnbarncoo-g--2b4769e2,1,ZH_Generals\W3D.big\Art\W3D\CBNBarnCoo_g.w3d,gif,C:\Users\Jeff\Documents\Codex\2026-08-18\in\w3d-animation-production\output\04802--cbnbarncoo-g--2b4769e2\Civilian - Civilian Building - Barn Coop - CBNBarnCoo_g.gif,77965,aea71624a5b4a84475bb427c47167ca2481cdf6875ba80e85ba0f8b24db05721,C:\Programs\Generals Big Extraction\ZH_Generals\W3D.big\Art\W3D,C:\Programs\Generals Big Extraction\ZH_Generals\W3D.big\Art\W3D\Civilian - Civilian Building - Barn Coop - CBNBarnCoo_g.gif,new
38,00413--cbbrnshed-dng--7eb813a6,00413--cbbrnshed-dng--7eb813a6,1,W3DZH.big\Art\W3D\CBBrnShed_dng.w3d,gif,C:\Users\Jeff\Documents\Codex\2026-08-18\in\w3d-animation-production\output\00413--cbbrnshed-dng--7eb813a6\Civilian - Civilian Building - Barn Shed - CBBrnShed_dng.gif,54371,d37f12a11562ff4de26b00c4c26ba93ac5d57c206d3c993b0b859f88ec0c152e,C:\Programs\Generals Big Extraction\W3DZH.big\Art\W3D,C:\Programs\Generals Big Extraction\W3DZH.big\Art\W3D\Civilian - Civilian Building - Barn Shed - CBBrnShed_dng.gif,new
43,00427--cbbunker01-dsg--5a4cdd30,00427--cbbunker01-dsg--5a4cdd30,1,W3DZH.big\Art\W3D\CBBunker01_DSG.w3d,gif,C:\Users\Jeff\Documents\Codex\2026-08-18\in\w3d-animation-production\output\00427--cbbunker01-dsg--5a4cdd30\Civilian - Civilian Building - Bunker 01 - CBBunker01_DSG.gif,61790,4765edbe3f147de088d6be06bfdc996d45240afb175eafdc94c24a785bc385db,C:\Programs\Generals Big Extraction\W3DZH.big\Art\W3D,C:\Programs\Generals Big Extraction\W3DZH.big\Art\W3D\Civilian - Civilian Building - Bunker 01 - CBBunker01_DSG.gif,new
44,00440--cbbypasboy--254c8b2d,00440--cbbypasboy--254c8b2d,1,W3DZH.big\Art\W3D\CBBypasBoy.w3d,gif,C:\Users\Jeff\Documents\Codex\2026-08-18\in\w3d-animation-production\output\00440--cbbypasboy--254c8b2d\Civilian - Civilian Building - Bypas Boy - CBBypasBoy.gif,78204,313a6c69920fe1959788b301f3498820e6f819b8c9340f1b9328124700286345,C:\Programs\Generals Big Extraction\W3DZH.big\Art\W3D,C:\Programs\Generals Big Extraction\W3DZH.big\Art\W3D\Civilian - Civilian Building - Bypas Boy - CBBypasBoy.gif,new
45,02344--cine-cplane--7de4a88b,02344--cine-cplane--7de4a88b,1,W3DZH.big\Art\W3D\CINE C Plane - CINE_CPlane.w3d,gif,C:\Users\Jeff\Documents\Codex\2026-08-18\in\w3d-animation-production\output\02344--cine-cplane--7de4a88b\Civilian - Civilian Building - C Plane - CINE_CPlane.gif,306427,4fb98291bca831d49a30ad0e4f010abae1311a5ea20cf5fee7c474f85f1b491e,C:\Programs\Generals Big Extraction\W3DZH.big\Art\W3D,C:\Programs\Generals Big Extraction\W3DZH.big\Art\W3D\Civilian - Civilian Building - C Plane - CINE_CPlane.gif,new
46,02346--cine-cplane03--b2666422,02346--cine-cplane03--b2666422,1,W3DZH.big\Art\W3D\CINE C Plane 03 - CINE_CPlane03.w3d,gif,C:\Users\Jeff\Documents\Codex\2026-08-18\in\w3d-animation-production\output\02346--cine-cplane03--b2666422\Civilian - Civilian Building - C Plane 03 - CINE_CPlane03.gif,292757,8b1ecf7449aa16ff1779e419bef2996e8003b1aa7eaf1ee8499d6225454795ea,C:\Programs\Generals Big Extraction\W3DZH.big\Art\W3D,C:\Programs\Generals Big Extraction\W3DZH.big\Art\W3D\Civilian - Civilian Building - C Plane 03 - CINE_CPlane03.gif,new
47,00719--cbgerbl01-dg--a4e6f138,00719--cbgerbl01-dg--a4e6f138,1,W3DZH.big\Art\W3D\CBGerbl01_DG.w3d,gif,C:\Users\Jeff\Documents\Codex\2026-08-18\in\w3d-animation-production\output\00719--cbgerbl01-dg--a4e6f138\Civilian - Civilian Building - CB Gerbl 01 - CBGerbl01_DG.gif,59450,d4308f5304dbd00b493542b92f5ace0fd69f083d51025daf10c4b98c0e19feb7,C:\Programs\Generals Big Extraction\W3DZH.big\Art\W3D,C:\Programs\Generals Big Extraction\W3DZH.big\Art\W3D\Civilian - Civilian Building - CB Gerbl 01 - CBGerbl01_DG.gif,new
48,00726--cbgerbl02-g--1a72867d,00726--cbgerbl02-g--1a72867d,1,W3DZH.big\Art\W3D\CBGerbl02_G.w3d,gif,C:\Users\Jeff\Documents\Codex\2026-08-18\in\w3d-animation-production\output\00726--cbgerbl02-g--1a72867d\Civilian - Civilian Building - CB Gerbl 02 - CBGerbl02_G.gif,65515,952973217989f88833321cf206ebd59c894365b1c0efec980dbeb2fcd5708ba7,C:\Programs\Generals Big Extraction\W3DZH.big\Art\W3D,C:\Programs\Generals Big Extraction\W3DZH.big\Art\W3D\Civilian - Civilian Building - CB Gerbl 02 - CBGerbl02_G.gif,new
49,00729--cbgerbl03-dg--a4b4216c,00729--cbgerbl03-dg--a4b4216c,1,W3DZH.big\Art\W3D\CBGerbl03_DG.w3d,gif,C:\Users\Jeff\Documents\Codex\2026-08-18\in\w3d-animation-production\output\00729--cbgerbl03-dg--a4b4216c\Civilian - Civilian Building - CB Gerbl 03 - CBGerbl03_DG.gif,50520,74e2c600ab5f0003f1d483dc855d435eedaeaa9db548b75e5b1ab410b8f21c95,C:\Programs\Generals Big Extraction\W3DZH.big\Art\W3D,C:\Programs\Generals Big Extraction\W3DZH.big\Art\W3D\Civilian - Civilian Building - CB Gerbl 03 - CBGerbl03_DG.gif,new
50,00734--cbgerbl04-dg--a0692671,00734--cbgerbl04-dg--a0692671,1,W3DZH.big\Art\W3D\CBGerbl04_DG.w3d,gif,C:\Users\Jeff\Documents\Codex\2026-08-18\in\w3d-animation-production\output\00734--cbgerbl04-dg--a0692671\Civilian - Civilian Building - CB Gerbl 04 - CBGerbl04_DG.gif,36455,dd1bb39d89a74da2a970cf324353afae5e36bcc86cec47e8cdb415097dc3c6a5,C:\Programs\Generals Big Extraction\W3DZH.big\Art\W3D,C:\Programs\Generals Big Extraction\W3DZH.big\Art\W3D\Civilian - Civilian Building - CB Gerbl 04 - CBGerbl04_DG.gif,new
51,00741--cbgerbl05-g--2c894b95,00741--cbgerbl05-g--2c894b95,1,W3DZH.big\Art\W3D\CBGerbl05_G.w3d,gif,C:\Users\Jeff\Documents\Codex\2026-08-18\in\w3d-animation-production\output\00741--cbgerbl05-g--2c894b95\Civilian - Civilian Building - CB Gerbl 05 - CBGerbl05_G.gif,40943,3471fd2847f69adb7160c8a19286897f493b2b8e31007c24a931bd3892095610,C:\Programs\Generals Big Extraction\W3DZH.big\Art\W3D,C:\Programs\Generals Big Extraction\W3DZH.big\Art\W3D\Civilian - Civilian Building - CB Gerbl 05 - CBGerbl05_G.gif,new
52,00746--cbgerbl06-g--4bfbc970,00746--cbgerbl06-g--4bfbc970,1,W3DZH.big\Art\W3D\CBGerbl06_G.w3d,gif,C:\Users\Jeff\Documents\Codex\2026-08-18\in\w3d-animation-production\output\00746--cbgerbl06-g--4bfbc970\Civilian - Civilian Building - CB Gerbl 06 - CBGerbl06_G.gif,90911,29ad469ad239e961cdf3e2528e33a50c75a25dd2c8fcdd605fec5320d369e7bb,C:\Programs\Generals Big Extraction\W3DZH.big\Art\W3D,C:\Programs\Generals Big Extraction\W3DZH.big\Art\W3D\Civilian - Civilian Building - CB Gerbl 06 - CBGerbl06_G.gif,new
53,01548--cbnukea-g--1dc563c3,01548--cbnukea-g--1dc563c3,1,W3DZH.big\Art\W3D\CBNUKEA_G.w3d,gif,C:\Users\Jeff\Documents\Codex\2026-08-18\in\w3d-animation-production\output\01548--cbnukea-g--1dc563c3\Civilian - Civilian Building - CB Nuke A - CBNUKEA_G.gif,29604,09e86de1db26d32fbdeec81122ef23586ace3d114f9da2afbc49be6208de2c36,C:\Programs\Generals Big Extraction\W3DZH.big\Art\W3D,C:\Programs\Generals Big Extraction\W3DZH.big\Art\W3D\Civilian - Civilian Building - CB Nuke A - CBNUKEA_G.gif,new
54,01562--cbnukec-g--b789c8a1,01562--cbnukec-g--b789c8a1,1,W3DZH.big\Art\W3D\CBNUKEC_G.w3d,gif,C:\Users\Jeff\Documents\Codex\2026-08-18\in\w3d-animation-production\output\01562--cbnukec-g--b789c8a1\Civilian - Civilian Building - CB Nuke C - CBNUKEC_G.gif,45873,1007b0403845841a1424b363d4227c9f268ab8853676c30e3f7db1408e9b5cfd,C:\Programs\Generals Big Extraction\W3DZH.big\Art\W3D,C:\Programs\Generals Big Extraction\W3DZH.big\Art\W3D\Civilian - Civilian Building - CB Nuke C - CBNUKEC_G.gif,new
55,00477--cbchalet-dng--c49801ec,00477--cbchalet-dng--c49801ec,1,W3DZH.big\Art\W3D\CBChalet_dng.w3d,gif,C:\Users\Jeff\Documents\Codex\2026-08-18\in\w3d-animation-production\output\00477--cbchalet-dng--c49801ec\Civilian - Civilian Building - Chalet - CBChalet_dng.gif,35290,60ad89707b864cdc5a9314c380b63ef6514fabcb4324fa3c40dbe7d9293257ef,C:\Programs\Generals Big Extraction\W3DZH.big\Art\W3D,C:\Programs\Generals Big Extraction\W3DZH.big\Art\W3D\Civilian - Civilian Building - Chalet - CBChalet_dng.gif,new
56,00445--cbchalet2-dng--59a68e39,00445--cbchalet2-dng--59a68e39,1,W3DZH.big\Art\W3D\CBChalet2_dng.w3d,gif,C:\Users\Jeff\Documents\Codex\2026-08-18\in\w3d-animation-production\output\00445--cbchalet2-dng--59a68e39\Civilian - Civilian Building - Chalet 2 - CBChalet2_dng.gif,36658,aa373980e4e59bb8e0076e43d2043605250b2942d681c9bf0068e49749e5268c,C:\Programs\Generals Big Extraction\W3DZH.big\Art\W3D,C:\Programs\Generals Big Extraction\W3DZH.big\Art\W3D\Civilian - Civilian Building - Chalet 2 - CBChalet2_dng.gif,new
57,00496--cbchembunk-g--cd0cab6f,00496--cbchembunk-g--cd0cab6f,1,W3DZH.big\Art\W3D\CBChemBunk_g.w3d,gif,C:\Users\Jeff\Documents\Codex\2026-08-18\in\w3d-animation-production\output\00496--cbchembunk-g--cd0cab6f\Civilian - Civilian Building - Chemical Bunker - CBChemBunk_g.gif,48181,a44b770cd50fab1b9f1fcbd73fc3dc23bfdb713bc6bb2b2280b54acb1a22751f,C:\Programs\Generals Big Extraction\W3DZH.big\Art\W3D,C:\Programs\Generals Big Extraction\W3DZH.big\Art\W3D\Civilian - Civilian Building - Chemical Bunker - CBChemBunk_g.gif,new
58,04425--cbfwfctry-g--d1b7760e,04425--cbfwfctry-g--d1b7760e,1,ZH_Generals\W3D.big\Art\W3D\CBFWFctry_g.w3d,gif,C:\Users\Jeff\Documents\Codex\2026-08-18\in\w3d-animation-production\output\04425--cbfwfctry-g--d1b7760e\Civilian - Civilian Building - Chineese Fireworks Factory - CBFWFctry_g.gif,81673,c85ec1e0385e556380c99579fb8efd6db7626b72a8b45570115efed0439f2832,C:\Programs\Generals Big Extraction\ZH_Generals\W3D.big\Art\W3D,C:\Programs\Generals Big Extraction\ZH_Generals\W3D.big\Art\W3D\Civilian - Civilian Building - Chineese Fireworks Factory - CBFWFctry_g.gif,new
59,00517--cbchrch01-dsng--db6891f3,00517--cbchrch01-dsng--db6891f3,1,W3DZH.big\Art\W3D\CBChrch01_DSNG.w3d,gif,C:\Users\Jeff\Documents\Codex\2026-08-18\in\w3d-animation-production\output\00517--cbchrch01-dsng--db6891f3\Civilian - Civilian Building - Chrch 01 DSNG - CBChrch01_DSNG.gif,52125,bc707c7cf4138905dec3eaab8bdbef689823809e63827e5f208ea37b1cabba1d,C:\Programs\Generals Big Extraction\W3DZH.big\Art\W3D,C:\Programs\Generals Big Extraction\W3DZH.big\Art\W3D\Civilian - Civilian Building - Chrch 01 DSNG - CBChrch01_DSNG.gif,new
60,04381--cbcnvstr01-g--b273acda,04381--cbcnvstr01-g--b273acda,1,ZH_Generals\W3D.big\Art\W3D\CBCnvStr01_g.w3d,gif,C:\Users\Jeff\Documents\Codex\2026-08-18\in\w3d-animation-production\output\04381--cbcnvstr01-g--b273acda\Civilian - Civilian Building - Convience Store - CBCnvStr01_g.gif,57743,c6a1a6ef5e154741a21c758c675c9989427381e240529189a78b5fcf583c27de,C:\Programs\Generals Big Extraction\ZH_Generals\W3D.big\Art\W3D,C:\Programs\Generals Big Extraction\ZH_Generals\W3D.big\Art\W3D\Civilian - Civilian Building - Convience Store - CBCnvStr01_g.gif,new
61,05080--cboldmslm-dg--1a3451a0,05080--cboldmslm-dg--1a3451a0,1,ZH_Generals\W3D.big\Art\W3D\CBOldmslm_dg.w3d,gif,C:\Users\Jeff\Documents\Codex\2026-08-18\in\w3d-animation-production\output\05080--cboldmslm-dg--1a3451a0\Civilian - Civilian Building - Crypt 01 - CBOldmslm_dg.gif,55964,f996f9fa6b0890f7605985eed5fd1e018513264643c7baa67edc8938257f425e,C:\Programs\Generals Big Extraction\ZH_Generals\W3D.big\Art\W3D,C:\Programs\Generals Big Extraction\ZH_Generals\W3D.big\Art\W3D\Civilian - Civilian Building - Crypt 01 - CBOldmslm_dg.gif,new
63,00569--cbdriveine-g--85be4b9d,00569--cbdriveine-g--85be4b9d,1,W3DZH.big\Art\W3D\CBDriveInE_G.w3d,gif,C:\Users\Jeff\Documents\Codex\2026-08-18\in\w3d-animation-production\output\00569--cbdriveine-g--85be4b9d\Civilian - Civilian Building - Drive In Entrance - CBDriveInE_G.gif,69382,fef4151351d3b05c4b9aec681f0d52d1d7eeb05a3f1c1ff03a5f40df5d91e84b,C:\Programs\Generals Big Extraction\W3DZH.big\Art\W3D,C:\Programs\Generals Big Extraction\W3DZH.big\Art\W3D\Civilian - Civilian Building - Drive In Entrance - CBDriveInE_G.gif,new
64,00577--cbdriveins-g--09f9b515,00577--cbdriveins-g--09f9b515,1,W3DZH.big\Art\W3D\CBDriveInS_G.w3d,gif,C:\Users\Jeff\Documents\Codex\2026-08-18\in\w3d-animation-production\output\00577--cbdriveins-g--09f9b515\Civilian - Civilian Building - Drive In Snacks - CBDriveInS_G.gif,62548,bcb852240c77e5b38f714edff614bd1b023122aa3bed48f09a0d8cd21fc96858,C:\Programs\Generals Big Extraction\W3DZH.big\Art\W3D,C:\Programs\Generals Big Extraction\W3DZH.big\Art\W3D\Civilian - Civilian Building - Drive In Snacks - CBDriveInS_G.gif,new
65,00589--cbetvstat-ng--14b53d87,00589--cbetvstat-ng--14b53d87,1,W3DZH.big\Art\W3D\CBETVStat_NG.w3d,gif,C:\Users\Jeff\Documents\Codex\2026-08-18\in\w3d-animation-production\output\00589--cbetvstat-ng--14b53d87\Civilian - Civilian Building - English TV Statio - CBETVStat_NG.gif,166231,ce5b885048e7679c29e2cd884f11d5454752043ea8515055386463c1bf63f311,C:\Programs\Generals Big Extraction\W3DZH.big\Art\W3D,C:\Programs\Generals Big Extraction\W3DZH.big\Art\W3D\Civilian - Civilian Building - English TV Statio - CBETVStat_NG.gif,new
66,00623--cbeurocnd-sg--2685efd8,00623--cbeurocnd-sg--2685efd8,1,W3DZH.big\Art\W3D\CBEuroCnd_sg.w3d,gif,C:\Users\Jeff\Documents\Codex\2026-08-18\in\w3d-animation-production\output\00623--cbeurocnd-sg--2685efd8\Civilian - Civilian Building - Euro Highrise - CBEuroCnd_sg.gif,58773,73329c59b0d206e99ddac44ac09bc23482b62d76093aa4e1a09ff373f70ac452,C:\Programs\Generals Big Extraction\W3DZH.big\Art\W3D,C:\Programs\Generals Big Extraction\W3DZH.big\Art\W3D\Civilian - Civilian Building - Euro Highrise - CBEuroCnd_sg.gif,new
67,00600--cbeurocnd2-dng--0286d0c9,00600--cbeurocnd2-dng--0286d0c9,1,W3DZH.big\Art\W3D\CBEuroCnd2_DNG.w3d,gif,C:\Users\Jeff\Documents\Codex\2026-08-18\in\w3d-animation-production\output\00600--cbeurocnd2-dng--0286d0c9\Civilian - Civilian Building - Euro Highrise 2 - CBEuroCnd2_DNG.gif,69586,d533ac8881162f636858c7842f1391071f1d1613c6ab5708fee48b177f1d97c3,C:\Programs\Generals Big Extraction\W3DZH.big\Art\W3D,C:\Programs\Generals Big Extraction\W3DZH.big\Art\W3D\Civilian - Civilian Building - Euro Highrise 2 - CBEuroCnd2_DNG.gif,new
68,00555--cbcthdrl-g--5f093084,00555--cbcthdrl-g--5f093084,1,W3DZH.big\Art\W3D\CBCthdrl_G.w3d,gif,C:\Users\Jeff\Documents\Codex\2026-08-18\in\w3d-animation-production\output\00555--cbcthdrl-g--5f093084\Civilian - Civilian Building - European Museum - CBCthdrl_G.gif,46088,9f09439115b82ce5cce976d06cfafca28322063a8d344707ec88ad6148a3972c,C:\Programs\Generals Big Extraction\W3DZH.big\Art\W3D,C:\Programs\Generals Big Extraction\W3DZH.big\Art\W3D\Civilian - Civilian Building - European Museum - CBCthdrl_G.gif,new
69,04417--cbeuropkg-g--fe26f28c,04417--cbeuropkg-g--fe26f28c,1,ZH_Generals\W3D.big\Art\W3D\CBEuroPkg_G.w3d,gif,C:\Users\Jeff\Documents\Codex\2026-08-18\in\w3d-animation-production\output\04417--cbeuropkg-g--fe26f28c\Civilian - Civilian Building - European Parking Garage - CBEuroPkg_G.gif,64976,e15b0102a7543824c13a9d2a334a83b060d353a8612ecfd2a9a60e72688688e1,C:\Programs\Generals Big Extraction\ZH_Generals\W3D.big\Art\W3D,C:\Programs\Generals Big Extraction\ZH_Generals\W3D.big\Art\W3D\Civilian - Civilian Building - European Parking Garage - CBEuroPkg_G.gif,new
70,04880--cbnfcitysh-g--25502dd6,04880--cbnfcitysh-g--25502dd6,1,ZH_Generals\W3D.big\Art\W3D\CBNFCitySH_g.w3d,gif,C:\Users\Jeff\Documents\Codex\2026-08-18\in\w3d-animation-production\output\04880--cbnfcitysh-g--25502dd6\Civilian - Civilian Building - Forbidden City Gates - CBNFCitySH_g.gif,36314,b520f8c7f9833250c0c002043c7456d522ed5950cb492c41ec020e9b5c543bed,C:\Programs\Generals Big Extraction\ZH_Generals\W3D.big\Art\W3D,C:\Programs\Generals Big Extraction\ZH_Generals\W3D.big\Art\W3D\Civilian - Civilian Building - Forbidden City Gates - CBNFCitySH_g.gif,new
71,04875--cbnfcitych-g--40257269,04875--cbnfcitych-g--40257269,1,ZH_Generals\W3D.big\Art\W3D\CBNFCityCH_g.w3d,gif,C:\Users\Jeff\Documents\Codex\2026-08-18\in\w3d-animation-production\output\04875--cbnfcitych-g--40257269\Civilian - Civilian Building - Forbidden City Tower - CBNFCityCH_g.gif,69696,c7fdcba747b1de24f88a969af9b9b5b37418c570d9d469d22b8cdd45cd4a9f5d,C:\Programs\Generals Big Extraction\ZH_Generals\W3D.big\Art\W3D,C:\Programs\Generals Big Extraction\ZH_Generals\W3D.big\Art\W3D\Civilian - Civilian Building - Forbidden City Tower - CBNFCityCH_g.gif,new
72,06069--cmwalakml4--efb2d5d5,06069--cmwalakml4--efb2d5d5,1,ZH_Generals\W3D.big\Art\W3D\Fortress Wall Building - CMWalAkml4.w3d,gif,C:\Users\Jeff\Documents\Codex\2026-08-18\in\w3d-animation-production\output\06069--cmwalakml4--efb2d5d5\Civilian - Civilian Building - Fortress Wall Building - CMWalAkml4.gif,135588,7f1b222ae6ce3fb5a3bae0f9d3542604201465862e3c7db655133ca2968f9260,C:\Programs\Generals Big Extraction\ZH_Generals\W3D.big\Art\W3D,C:\Programs\Generals Big Extraction\ZH_Generals\W3D.big\Art\W3D\Civilian - Civilian Building - Fortress Wall Building - CMWalAkml4.gif,new
73,06070--cmwalakml5--5a5f7712,06070--cmwalakml5--5a5f7712,1,ZH_Generals\W3D.big\Art\W3D\Fortress Wall Corner - CMWalAkml5.w3d,gif,C:\Users\Jeff\Documents\Codex\2026-08-18\in\w3d-animation-production\output\06070--cmwalakml5--5a5f7712\Civilian - Civilian Building - Fortress Wall Corner - CMWalAkml5.gif,95553,6d97c018afe20a8ab1d8ee0f8bfbe2f1f1ace891df66c9a244bbace9035455ec,C:\Programs\Generals Big Extraction\ZH_Generals\W3D.big\Art\W3D,C:\Programs\Generals Big Extraction\ZH_Generals\W3D.big\Art\W3D\Civilian - Civilian Building - Fortress Wall Corner - CMWalAkml5.gif,new
74,00689--cbgchrch01-dg--a4ecd5a3,00689--cbgchrch01-dg--a4ecd5a3,1,W3DZH.big\Art\W3D\CBGChrch01_DG.w3d,gif,C:\Users\Jeff\Documents\Codex\2026-08-18\in\w3d-animation-production\output\00689--cbgchrch01-dg--a4ecd5a3\Civilian - Civilian Building - G Chrch 01 DG - CBGChrch01_DG.gif,50872,4caeabc123c8e97990a6d5c225070085a58f8251b48e5fbc0efa07bfac8b7845,C:\Programs\Generals Big Extraction\W3DZH.big\Art\W3D,C:\Programs\Generals Big Extraction\W3DZH.big\Art\W3D\Civilian - Civilian Building - G Chrch 01 DG - CBGChrch01_DG.gif,new
75,00691--cbgchrch01-dng--0dbd76fc,00691--cbgchrch01-dng--0dbd76fc,1,W3DZH.big\Art\W3D\CBGChrch01_DNG.w3d,gif,C:\Users\Jeff\Documents\Codex\2026-08-18\in\w3d-animation-production\output\00691--cbgchrch01-dng--0dbd76fc\Civilian - Civilian Building - G Chrch 01 DNG - CBGChrch01_DNG.gif,50872,4caeabc123c8e97990a6d5c225070085a58f8251b48e5fbc0efa07bfac8b7845,C:\Programs\Generals Big Extraction\W3DZH.big\Art\W3D,C:\Programs\Generals Big Extraction\W3DZH.big\Art\W3D\Civilian - Civilian Building - G Chrch 01 DNG - CBGChrch01_DNG.gif,new
76,00693--cbgchrch01-dsg--c7d9516d,00693--cbgchrch01-dsg--c7d9516d,1,W3DZH.big\Art\W3D\CBGChrch01_DSG.w3d,gif,C:\Users\Jeff\Documents\Codex\2026-08-18\in\w3d-animation-production\output\00693--cbgchrch01-dsg--c7d9516d\Civilian - Civilian Building - G Chrch 01 DSG - CBGChrch01_DSG.gif,52125,bc707c7cf4138905dec3eaab8bdbef689823809e63827e5f208ea37b1cabba1d,C:\Programs\Generals Big Extraction\W3DZH.big\Art\W3D,C:\Programs\Generals Big Extraction\W3DZH.big\Art\W3D\Civilian - Civilian Building - G Chrch 01 DSG - CBGChrch01_DSG.gif,new
77,00695--cbgchrch01-dsng--3f73de31,00695--cbgchrch01-dsng--3f73de31,1,W3DZH.big\Art\W3D\CBGChrch01_DSNG.w3d,gif,C:\Users\Jeff\Documents\Codex\2026-08-18\in\w3d-animation-production\output\00695--cbgchrch01-dsng--3f73de31\Civilian - Civilian Building - G Chrch 01 DSNG - CBGChrch01_DSNG.gif,52125,bc707c7cf4138905dec3eaab8bdbef689823809e63827e5f208ea37b1cabba1d,C:\Programs\Generals Big Extraction\W3DZH.big\Art\W3D,C:\Programs\Generals Big Extraction\W3DZH.big\Art\W3D\Civilian - Civilian Building - G Chrch 01 DSNG - CBGChrch01_DSNG.gif,new
78,00700--cbgchrch01-g--747d2374,00700--cbgchrch01-g--747d2374,1,W3DZH.big\Art\W3D\CBGChrch01_G.w3d,gif,C:\Users\Jeff\Documents\Codex\2026-08-18\in\w3d-animation-production\output\00700--cbgchrch01-g--747d2374\Civilian - Civilian Building - G Chrch 01 G - CBGChrch01_G.gif,55718,49552bfa6c5a1592bc4009e58137537d0e2a28d0acf32bfd87a4b9abbb277f5a,C:\Programs\Generals Big Extraction\W3DZH.big\Art\W3D,C:\Programs\Generals Big Extraction\W3DZH.big\Art\W3D\Civilian - Civilian Building - G Chrch 01 G - CBGChrch01_G.gif,new
79,00702--cbgchrch01-ng--86d04f20,00702--cbgchrch01-ng--86d04f20,1,W3DZH.big\Art\W3D\CBGChrch01_NG.w3d,gif,C:\Users\Jeff\Documents\Codex\2026-08-18\in\w3d-animation-production\output\00702--cbgchrch01-ng--86d04f20\Civilian - Civilian Building - G Chrch 01 NG - CBGChrch01_NG.gif,55753,88087645874355b1c7440048d72b5861bff242cd80dbee6e343c0b2b9ee0b648,C:\Programs\Generals Big Extraction\W3DZH.big\Art\W3D,C:\Programs\Generals Big Extraction\W3DZH.big\Art\W3D\Civilian - Civilian Building - G Chrch 01 NG - CBGChrch01_NG.gif,new
80,00708--cbgchrch01-sg--da0ff206,00708--cbgchrch01-sg--da0ff206,1,W3DZH.big\Art\W3D\CBGChrch01_SG.w3d,gif,C:\Users\Jeff\Documents\Codex\2026-08-18\in\w3d-animation-production\output\00708--cbgchrch01-sg--da0ff206\Civilian - Civilian Building - G Chrch 01 SG - CBGChrch01_SG.gif,55844,b86e9b80a54af286a640dd5c7949049d850d495f0b887d74ce0e60b9952201b6,C:\Programs\Generals Big Extraction\W3DZH.big\Art\W3D,C:\Programs\Generals Big Extraction\W3DZH.big\Art\W3D\Civilian - Civilian Building - G Chrch 01 SG - CBGChrch01_SG.gif,new
81,00710--cbgchrch01-sng--0ad0725e,00710--cbgchrch01-sng--0ad0725e,1,W3DZH.big\Art\W3D\CBGChrch01_SNG.w3d,gif,C:\Users\Jeff\Documents\Codex\2026-08-18\in\w3d-animation-production\output\00710--cbgchrch01-sng--0ad0725e\Civilian - Civilian Building - G Chrch 01 SNG - CBGChrch01_SNG.gif,55826,d4822a2b4df9bc53345d65f6cb1de3082006f3084dedeeadeaa3bdd98355d329,C:\Programs\Generals Big Extraction\W3DZH.big\Art\W3D,C:\Programs\Generals Big Extraction\W3DZH.big\Art\W3D\Civilian - Civilian Building - G Chrch 01 SNG - CBGChrch01_SNG.gif,new
82,00680--cbgassign--aeeb3fe2,00680--cbgassign--aeeb3fe2,1,W3DZH.big\Art\W3D\CBGasSign.w3d,gif,C:\Users\Jeff\Documents\Codex\2026-08-18\in\w3d-animation-production\output\00680--cbgassign--aeeb3fe2\Civilian - Civilian Building - Gas Sign - CBGasSign.gif,182942,15c076f5fad906b92a6a2b58e64a13ac126dc3b1e6f68aa42339376bfe0f1b6a,C:\Programs\Generals Big Extraction\W3DZH.big\Art\W3D,C:\Programs\Generals Big Extraction\W3DZH.big\Art\W3D\Civilian - Civilian Building - Gas Sign - CBGasSign.gif,new
83,04430--cbgasfacl-g--c1612ae8,04430--cbgasfacl-g--c1612ae8,1,ZH_Generals\W3D.big\Art\W3D\CBgasfacl_G.w3d,gif,C:\Users\Jeff\Documents\Codex\2026-08-18\in\w3d-animation-production\output\04430--cbgasfacl-g--c1612ae8\Civilian - Civilian Building - Gas Storage Facility - CBgasfacl_G.gif,51432,032545073b6240a8ec06e4eb39b41d982e5bc5e3da68993b255421d194565a6e,C:\Programs\Generals Big Extraction\ZH_Generals\W3D.big\Art\W3D,C:\Programs\Generals Big Extraction\ZH_Generals\W3D.big\Art\W3D\Civilian - Civilian Building - Gas Storage Facility - CBgasfacl_G.gif,new
84,02399--cmcastle-g--c6104753,02399--cmcastle-g--c6104753,1,W3DZH.big\Art\W3D\CMCastle_G.w3d,gif,C:\Users\Jeff\Documents\Codex\2026-08-18\in\w3d-animation-production\output\02399--cmcastle-g--c6104753\Civilian - Civilian Building - German Castle - CMCastle_G.gif,57976,3bad52810bfc4f47bed1729ed4dafb8cdaa73835b4e42fbab123524d3160ce37,C:\Programs\Generals Big Extraction\W3DZH.big\Art\W3D,C:\Programs\Generals Big Extraction\W3DZH.big\Art\W3D\Civilian - Civilian Building - German Castle - CMCastle_G.gif,new
85,04450--cbgctage01-dg--66128a41,04450--cbgctage01-dg--66128a41,1,ZH_Generals\W3D.big\Art\W3D\CBGCtage01_DG.w3d,gif,C:\Users\Jeff\Documents\Codex\2026-08-18\in\w3d-animation-production\output\04450--cbgctage01-dg--66128a41\Civilian - Civilian Building - German Cotage 01 - CBGCtage01_DG.gif,38468,1d9d08ceb26f23af09300079b62dd77a74049d742b1189dec042fa4fca83f31f,C:\Programs\Generals Big Extraction\ZH_Generals\W3D.big\Art\W3D,C:\Programs\Generals Big Extraction\ZH_Generals\W3D.big\Art\W3D\Civilian - Civilian Building - German Cotage 01 - CBGCtage01_DG.gif,new
86,00749--cbgermus-dg--27f5006b,00749--cbgermus-dg--27f5006b,1,W3DZH.big\Art\W3D\CBGermus_DG.w3d,gif,C:\Users\Jeff\Documents\Codex\2026-08-18\in\w3d-animation-production\output\00749--cbgermus-dg--27f5006b\Civilian - Civilian Building - German Museum - CBGermus_DG.gif,31291,d3e2e871dea892e929675fa7dc01d6f189e3ff33e3be5afb2c6c540a7d6b4121,C:\Programs\Generals Big Extraction\W3DZH.big\Art\W3D,C:\Programs\Generals Big Extraction\W3DZH.big\Art\W3D\Civilian - Civilian Building - German Museum - CBGermus_DG.gif,new
87,04467--cbgpub02-dg--a9a444dc,04467--cbgpub02-dg--a9a444dc,1,ZH_Generals\W3D.big\Art\W3D\CBGPub02_DG.w3d,gif,C:\Users\Jeff\Documents\Codex\2026-08-18\in\w3d-animation-production\output\04467--cbgpub02-dg--a9a444dc\Civilian - Civilian Building - German Pub 02 - CBGPub02_DG.gif,58241,101550c0d6c4bf2ee4b8e5f806868dd154e8253d881d8478ea32c2bb53ee3648,C:\Programs\Generals Big Extraction\ZH_Generals\W3D.big\Art\W3D,C:\Programs\Generals Big Extraction\ZH_Generals\W3D.big\Art\W3D\Civilian - Civilian Building - German Pub 02 - CBGPub02_DG.gif,new
88,00519--cbchurch01-dng--74cee7b6,00519--cbchurch01-dng--74cee7b6,1,W3DZH.big\Art\W3D\CBChurch01_DNG.w3d,gif,C:\Users\Jeff\Documents\Codex\2026-08-18\in\w3d-animation-production\output\00519--cbchurch01-dng--74cee7b6\Civilian - Civilian Building - German Town Hall - CBChurch01_DNG.gif,51098,bf61c42f7a9273ac7f2c5712884f50524292c568967f806d746c8818e01ad2d9,C:\Programs\Generals Big Extraction\W3DZH.big\Art\W3D,C:\Programs\Generals Big Extraction\W3DZH.big\Art\W3D\Civilian - Civilian Building - German Town Hall - CBChurch01_DNG.gif,new
89,04549--cbgwmill1-g--caddf6c4,04549--cbgwmill1-g--caddf6c4,1,ZH_Generals\W3D.big\Art\W3D\CBGWMill1_G.w3d,gif,C:\Users\Jeff\Documents\Codex\2026-08-18\in\w3d-animation-production\output\04549--cbgwmill1-g--caddf6c4\Civilian - Civilian Building - German Wind Mill 01 - CBGWMill1_G.gif,257126,550c5f739d077fec95999d9a2a3ecbb74e158ee78ff92c46d5cfcdd9eb81b16a,C:\Programs\Generals Big Extraction\ZH_Generals\W3D.big\Art\W3D,C:\Programs\Generals Big Extraction\ZH_Generals\W3D.big\Art\W3D\Civilian - Civilian Building - German Wind Mill 01 - CBGWMill1_G.gif,new
90,04485--cbgrashut1-g--7549a6da,04485--cbgrashut1-g--7549a6da,1,ZH_Generals\W3D.big\Art\W3D\CBGrasHut1_G.w3d,gif,C:\Users\Jeff\Documents\Codex\2026-08-18\in\w3d-animation-production\output\04485--cbgrashut1-g--7549a6da\Civilian - Civilian Building - Grass Hut 01 - CBGrasHut1_G.gif,59671,d2f2f40755414ddc1f6326a4aa2fd647b3282a1f14fb9a44eb391b9388b9d36e,C:\Programs\Generals Big Extraction\ZH_Generals\W3D.big\Art\W3D,C:\Programs\Generals Big Extraction\ZH_Generals\W3D.big\Art\W3D\Civilian - Civilian Building - Grass Hut 01 - CBGrasHut1_G.gif,new
91,04493--cbgrashut2-dng--4fddf643,04493--cbgrashut2-dng--4fddf643,1,ZH_Generals\W3D.big\Art\W3D\CBGrasHut2_dng.w3d,gif,C:\Users\Jeff\Documents\Codex\2026-08-18\in\w3d-animation-production\output\04493--cbgrashut2-dng--4fddf643\Civilian - Civilian Building - Grass Hut 02 - CBGrasHut2_dng.gif,167550,9df7a8237b29786808f9bd167024ad9241fa8e5ff58139c387ed96e0cbfdf331,C:\Programs\Generals Big Extraction\ZH_Generals\W3D.big\Art\W3D,C:\Programs\Generals Big Extraction\ZH_Generals\W3D.big\Art\W3D\Civilian - Civilian Building - Grass Hut 02 - CBGrasHut2_dng.gif,new
92,04504--cbgrashut3-dng--ee8c34fc,04504--cbgrashut3-dng--ee8c34fc,1,ZH_Generals\W3D.big\Art\W3D\CBGrasHut3_DNG.w3d,gif,C:\Users\Jeff\Documents\Codex\2026-08-18\in\w3d-animation-production\output\04504--cbgrashut3-dng--ee8c34fc\Civilian - Civilian Building - Grass Hut 03 - CBGrasHut3_DNG.gif,97800,50a19ea56f78a83f82121298f296815bc38816b69c8b782b626a2834075a6997,C:\Programs\Generals Big Extraction\ZH_Generals\W3D.big\Art\W3D,C:\Programs\Generals Big Extraction\ZH_Generals\W3D.big\Art\W3D\Civilian - Civilian Building - Grass Hut 03 - CBGrasHut3_DNG.gif,new
93,04520--cbgrashut4-ng--a10f6fba,04520--cbgrashut4-ng--a10f6fba,1,ZH_Generals\W3D.big\Art\W3D\CBGrasHut4_NG.w3d,gif,C:\Users\Jeff\Documents\Codex\2026-08-18\in\w3d-animation-production\output\04520--cbgrashut4-ng--a10f6fba\Civilian - Civilian Building - Grass Hut 04 - CBGrasHut4_NG.gif,103883,18ab5bef662b6b9413bde465a4686669e6e85fb7d1c499bbed21be5d104981d1,C:\Programs\Generals Big Extraction\ZH_Generals\W3D.big\Art\W3D,C:\Programs\Generals Big Extraction\ZH_Generals\W3D.big\Art\W3D\Civilian - Civilian Building - Grass Hut 04 - CBGrasHut4_NG.gif,new
94,02589--cmwalchna4--caf7d028,02589--cmwalchna4--caf7d028,1,W3DZH.big\Art\W3D\Great Wall Building - CMWalChna4.w3d,gif,C:\Users\Jeff\Documents\Codex\2026-08-18\in\w3d-animation-production\output\02589--cmwalchna4--caf7d028\Civilian - Civilian Building - Great Wall Building - CMWalChna4.gif,128081,a8ce2b9430ba8fc8a97d38ac875d3863f33d62acd0e1aabe26d96a44615eb292,C:\Programs\Generals Big Extraction\W3DZH.big\Art\W3D,C:\Programs\Generals Big Extraction\W3DZH.big\Art\W3D\Civilian - Civilian Building - Great Wall Building - CMWalChna4.gif,new
95,02590--cmwalchna5--87e7c56a,02590--cmwalchna5--87e7c56a,1,W3DZH.big\Art\W3D\Great Wall Corner - CMWalChna5.w3d,gif,C:\Users\Jeff\Documents\Codex\2026-08-18\in\w3d-animation-production\output\02590--cmwalchna5--87e7c56a\Civilian - Civilian Building - Great Wall Corner - CMWalChna5.gif,133785,79ee01c4a6ecfea365876ae1401f4f25436f320acf6101318f8b9dd727f6576a,C:\Programs\Generals Big Extraction\W3DZH.big\Art\W3D,C:\Programs\Generals Big Extraction\W3DZH.big\Art\W3D\Civilian - Civilian Building - Great Wall Corner - CMWalChna5.gif,new
96,05538--cbtower2-dg--ba0689f8,05538--cbtower2-dg--ba0689f8,1,ZH_Generals\W3D.big\Art\W3D\CBTower2_DG.w3d,gif,C:\Users\Jeff\Documents\Codex\2026-08-18\in\w3d-animation-production\output\05538--cbtower2-dg--ba0689f8\Civilian - Civilian Building - Guard Tower - CBTower2_DG.gif,52565,056e62c17beb13c6e224c60a0739824a9a515ef6bc2ecb9e6c1a771084fe0b7d,C:\Programs\Generals Big Extraction\ZH_Generals\W3D.big\Art\W3D,C:\Programs\Generals Big Extraction\ZH_Generals\W3D.big\Art\W3D\Civilian - Civilian Building - Guard Tower - CBTower2_DG.gif,new
97,05731--cbvhanger1-dg--b4108d86,05731--cbvhanger1-dg--b4108d86,1,ZH_Generals\W3D.big\Art\W3D\CBVHanger1_DG.w3d,gif,C:\Users\Jeff\Documents\Codex\2026-08-18\in\w3d-animation-production\output\05731--cbvhanger1-dg--b4108d86\Civilian - Civilian Building - Hanger 01 - CBVHanger1_DG.gif,47108,90158d787eeaf3434183db6d8a1e69a294406d4fdca75201745cc76e8646557b,C:\Programs\Generals Big Extraction\ZH_Generals\W3D.big\Art\W3D,C:\Programs\Generals Big Extraction\ZH_Generals\W3D.big\Art\W3D\Civilian - Civilian Building - Hanger 01 - CBVHanger1_DG.gif,new
98,04573--cbhigh01-g--4d9fadb2,04573--cbhigh01-g--4d9fadb2,1,ZH_Generals\W3D.big\Art\W3D\CBHigh01_G.w3d,gif,C:\Users\Jeff\Documents\Codex\2026-08-18\in\w3d-animation-production\output\04573--cbhigh01-g--4d9fadb2\Civilian - Civilian Building - Highrise 01 - CBHigh01_G.gif,59853,d27e01a9088827a8091a56cf047f4eca9ff20eb03d1555513e891e3e775dbad8,C:\Programs\Generals Big Extraction\ZH_Generals\W3D.big\Art\W3D,C:\Programs\Generals Big Extraction\ZH_Generals\W3D.big\Art\W3D\Civilian - Civilian Building - Highrise 01 - CBHigh01_G.gif,new
99,04584--cbhigh02-g--442d5b80,04584--cbhigh02-g--442d5b80,1,ZH_Generals\W3D.big\Art\W3D\CBHigh02_G.w3d,gif,C:\Users\Jeff\Documents\Codex\2026-08-18\in\w3d-animation-production\output\04584--cbhigh02-g--442d5b80\Civilian - Civilian Building - Highrise 02 - CBHigh02_G.gif,52234,0d8124186908c159a30338e92948768868ef086db3998e3126b86b2f0a65027b,C:\Programs\Generals Big Extraction\ZH_Generals\W3D.big\Art\W3D,C:\Programs\Generals Big Extraction\ZH_Generals\W3D.big\Art\W3D\Civilian - Civilian Building - Highrise 02 - CBHigh02_G.gif,new
100,04593--cbindwhs01-g--2f1686ad,04593--cbindwhs01-g--2f1686ad,1,ZH_Generals\W3D.big\Art\W3D\CBIndWhs01_G.w3d,gif,C:\Users\Jeff\Documents\Codex\2026-08-18\in\w3d-animation-production\output\04593--cbindwhs01-g--2f1686ad\Civilian - Civilian Building - Industrial Building 01 - CBIndWhs01_G.gif,44231,700659d6a8facf1852bf343438c4806dac54f5b8fd5453d35c7ad8198f342e83,C:\Programs\Generals Big Extraction\ZH_Generals\W3D.big\Art\W3D,C:\Programs\Generals Big Extraction\ZH_Generals\W3D.big\Art\W3D\Civilian - Civilian Building - Industrial Building 01 - CBIndWhs01_G.gif,new
101,04602--cbindwhs02-g--5c79258e,04602--cbindwhs02-g--5c79258e,1,ZH_Generals\W3D.big\Art\W3D\CBIndWhs02_g.w3d,gif,C:\Users\Jeff\Documents\Codex\2026-08-18\in\w3d-animation-production\output\04602--cbindwhs02-g--5c79258e\Civilian - Civilian Building - Industrial Building 02 - CBIndWhs02_g.gif,52236,a57da987f2c9101e6289825c32300394372b8d86f9d12014f308c17ad088a34f,C:\Programs\Generals Big Extraction\ZH_Generals\W3D.big\Art\W3D,C:\Programs\Generals Big Extraction\ZH_Generals\W3D.big\Art\W3D\Civilian - Civilian Building - Industrial Building 02 - CBIndWhs02_g.gif,new
102,05247--cbtdome-g--57551ed1,05247--cbtdome-g--57551ed1,1,ZH_Generals\W3D.big\Art\W3D\CBTDome_G.w3d,gif,C:\Users\Jeff\Documents\Codex\2026-08-18\in\w3d-animation-production\output\05247--cbtdome-g--57551ed1\Civilian - Civilian Building - Mogadishu Dome - CBTDome_G.gif,78090,4527d64680a0c75ce1cd8652aaa60c2570e122cdeb84aa517afc2ca54cef23e9,C:\Programs\Generals Big Extraction\ZH_Generals\W3D.big\Art\W3D,C:\Programs\Generals Big Extraction\ZH_Generals\W3D.big\Art\W3D\Civilian - Civilian Building - Mogadishu Dome - CBTDome_G.gif,new
103,01005--cbmogdis02-dsng--8335cdbc,01005--cbmogdis02-dsng--8335cdbc,1,W3DZH.big\Art\W3D\CBMogdis02_DSNG.w3d,gif,C:\Users\Jeff\Documents\Codex\2026-08-18\in\w3d-animation-production\output\01005--cbmogdis02-dsng--8335cdbc\Civilian - Civilian Building - Mogadishu Garage - CBMogdis02_DSNG.gif,56406,15a72b7e81529c2b597d6e7eef67b1e2abd7cae752c2c09589a763a2afa17c32,C:\Programs\Generals Big Extraction\W3DZH.big\Art\W3D,C:\Programs\Generals Big Extraction\W3DZH.big\Art\W3D\Civilian - Civilian Building - Mogadishu Garage - CBMogdis02_DSNG.gif,new
104,04681--cbmogdis05-dg--e4ccc0a7,04681--cbmogdis05-dg--e4ccc0a7,1,ZH_Generals\W3D.big\Art\W3D\CBMogdis05_dg.w3d,gif,C:\Users\Jeff\Documents\Codex\2026-08-18\in\w3d-animation-production\output\04681--cbmogdis05-dg--e4ccc0a7\Civilian - Civilian Building - Mogadishu Garage 02 - CBMogdis05_dg.gif,55026,09b538aa74dcbcb0237a7131cd6d969c60f01b5ca9aceef9f6aa65a44bcd82fa,C:\Programs\Generals Big Extraction\ZH_Generals\W3D.big\Art\W3D,C:\Programs\Generals Big Extraction\ZH_Generals\W3D.big\Art\W3D\Civilian - Civilian Building - Mogadishu Garage 02 - CBMogdis05_dg.gif,new
105,04630--cbmogdis01-g--092b4ae8,04630--cbmogdis01-g--092b4ae8,1,ZH_Generals\W3D.big\Art\W3D\CBMogdis01_G.w3d,gif,C:\Users\Jeff\Documents\Codex\2026-08-18\in\w3d-animation-production\output\04630--cbmogdis01-g--092b4ae8\Civilian - Civilian Building - Mogadishu Highrise 01 - CBMogdis01_G.gif,60418,baf4edf1382d6017f85886de3416904371d1ffe4dd52cad42a19a4a74113c6a1,C:\Programs\Generals Big Extraction\ZH_Generals\W3D.big\Art\W3D,C:\Programs\Generals Big Extraction\ZH_Generals\W3D.big\Art\W3D\Civilian - Civilian Building - Mogadishu Highrise 01 - CBMogdis01_G.gif,new
106,04692--cbmogdis06-dg--2794b38c,04692--cbmogdis06-dg--2794b38c,1,ZH_Generals\W3D.big\Art\W3D\CBMogdis06_dg.w3d,gif,C:\Users\Jeff\Documents\Codex\2026-08-18\in\w3d-animation-production\output\04692--cbmogdis06-dg--2794b38c\Civilian - Civilian Building - Mogadishu Highrise 02 - CBMogdis06_dg.gif,65450,3d400c61f84e87bbc4576c6cd734d3c31fa292bc47162e154321dff0e55356db,C:\Programs\Generals Big Extraction\ZH_Generals\W3D.big\Art\W3D,C:\Programs\Generals Big Extraction\ZH_Generals\W3D.big\Art\W3D\Civilian - Civilian Building - Mogadishu Highrise 02 - CBMogdis06_dg.gif,new
107,04709--cbmogdis07-dg--5a24fde5,04709--cbmogdis07-dg--5a24fde5,1,ZH_Generals\W3D.big\Art\W3D\CBMogdis07_DG.w3d,gif,C:\Users\Jeff\Documents\Codex\2026-08-18\in\w3d-animation-production\output\04709--cbmogdis07-dg--5a24fde5\Civilian - Civilian Building - Mogadishu Highrise 03 - CBMogdis07_DG.gif,64763,8976d90293e86204c8175179bbe8ed72cf739a52806d8f4b69b6ad887865fb78,C:\Programs\Generals Big Extraction\ZH_Generals\W3D.big\Art\W3D,C:\Programs\Generals Big Extraction\ZH_Generals\W3D.big\Art\W3D\Civilian - Civilian Building - Mogadishu Highrise 03 - CBMogdis07_DG.gif,new
108,05524--cbtower04-g--9768c8eb,05524--cbtower04-g--9768c8eb,1,ZH_Generals\W3D.big\Art\W3D\CBTower04_G.w3d,gif,C:\Users\Jeff\Documents\Codex\2026-08-18\in\w3d-animation-production\output\05524--cbtower04-g--9768c8eb\Civilian - Civilian Building - Mogadishu Tower 04 - CBTower04_G.gif,38932,f8908eec9db44fea2d4bb3e5dd19c79186ae3cd2f8290b9503ecf20d80015a1d,C:\Programs\Generals Big Extraction\ZH_Generals\W3D.big\Art\W3D,C:\Programs\Generals Big Extraction\ZH_Generals\W3D.big\Art\W3D\Civilian - Civilian Building - Mogadishu Tower 04 - CBTower04_G.gif,new
109,05533--cbtower05-g--5e0a170f,05533--cbtower05-g--5e0a170f,1,ZH_Generals\W3D.big\Art\W3D\CBTower05_G.w3d,gif,C:\Users\Jeff\Documents\Codex\2026-08-18\in\w3d-animation-production\output\05533--cbtower05-g--5e0a170f\Civilian - Civilian Building - Mogadishu Tower 05 - CBTower05_G.gif,24302,5de8966f6979e091055cd6c27fa3cd87f57d8c25f4b3884836cb9cb7a0c5b850,C:\Programs\Generals Big Extraction\ZH_Generals\W3D.big\Art\W3D,C:\Programs\Generals Big Extraction\ZH_Generals\W3D.big\Art\W3D\Civilian - Civilian Building - Mogadishu Tower 05 - CBTower05_G.gif,new
110,01072--cbmonoffce--8110aa40,01072--cbmonoffce--8110aa40,1,W3DZH.big\Art\W3D\CBMonOffce.w3d,gif,C:\Users\Jeff\Documents\Codex\2026-08-18\in\w3d-animation-production\output\01072--cbmonoffce--8110aa40\Civilian - Civilian Building - Mon Offce - CBMonOffce.gif,62223,c5ce0c54ef520459451d5626d6febcf2e21a335fae9275cba2b5527dbee686a6,C:\Programs\Generals Big Extraction\W3DZH.big\Art\W3D,C:\Programs\Generals Big Extraction\W3DZH.big\Art\W3D\Civilian - Civilian Building - Mon Offce - CBMonOffce.gif,new
111,01329--cbnoffice-dg--69c02cad,01329--cbnoffice-dg--69c02cad,1,W3DZH.big\Art\W3D\CBNOffice_dg.w3d,gif,C:\Users\Jeff\Documents\Codex\2026-08-18\in\w3d-animation-production\output\01329--cbnoffice-dg--69c02cad\Civilian - Civilian Building - N Office dg - CBNOffice_dg.gif,56706,aa08af204bdba907e4b403296d04c11dce0ae792e2ab9b5d5ff5603c8b4874b5,C:\Programs\Generals Big Extraction\W3DZH.big\Art\W3D,C:\Programs\Generals Big Extraction\W3DZH.big\Art\W3D\Civilian - Civilian Building - N Office dg - CBNOffice_dg.gif,new
112,01457--cbntemple-dg--8e702a6c,01457--cbntemple-dg--8e702a6c,1,W3DZH.big\Art\W3D\CBNTemple_dg.w3d,gif,C:\Users\Jeff\Documents\Codex\2026-08-18\in\w3d-animation-production\output\01457--cbntemple-dg--8e702a6c\Civilian - Civilian Building - N Temple dg - CBNTemple_dg.gif,36571,88ce0e264cc82ca11158eebd9797a422743245e8c7066404b7bdcaf40f693052,C:\Programs\Generals Big Extraction\W3DZH.big\Art\W3D,C:\Programs\Generals Big Extraction\W3DZH.big\Art\W3D\Civilian - Civilian Building - N Temple dg - CBNTemple_dg.gif,new
113,01459--cbntemple-dng--af6b4b93,01459--cbntemple-dng--af6b4b93,1,W3DZH.big\Art\W3D\CBNTemple_dng.w3d,gif,C:\Users\Jeff\Documents\Codex\2026-08-18\in\w3d-animation-production\output\01459--cbntemple-dng--af6b4b93\Civilian - Civilian Building - N Temple dng - CBNTemple_dng.gif,37683,d8227114b443d480c887de29c66deb75cf822a6bae619b431a00809edb1adbc2,C:\Programs\Generals Big Extraction\W3DZH.big\Art\W3D,C:\Programs\Generals Big Extraction\W3DZH.big\Art\W3D\Civilian - Civilian Building - N Temple dng - CBNTemple_dng.gif,new
114,01461--cbntemple-dsg--2ad27a46,01461--cbntemple-dsg--2ad27a46,1,W3DZH.big\Art\W3D\CBNTemple_dsg.w3d,gif,C:\Users\Jeff\Documents\Codex\2026-08-18\in\w3d-animation-production\output\01461--cbntemple-dsg--2ad27a46\Civilian - Civilian Building - N Temple dsg - CBNTemple_dsg.gif,38486,6e4382488e57863bec3a1fa5ff151f1908bdf21da97bce1ed1ad82764e992623,C:\Programs\Generals Big Extraction\W3DZH.big\Art\W3D,C:\Programs\Generals Big Extraction\W3DZH.big\Art\W3D\Civilian - Civilian Building - N Temple dsg - CBNTemple_dsg.gif,new
115,01463--cbntemple-dsng--ea2a9e8a,01463--cbntemple-dsng--ea2a9e8a,1,W3DZH.big\Art\W3D\CBNTemple_dsng.w3d,gif,C:\Users\Jeff\Documents\Codex\2026-08-18\in\w3d-animation-production\output\01463--cbntemple-dsng--ea2a9e8a\Civilian - Civilian Building - N Temple dsng - CBNTemple_dsng.gif,38967,5857ec163b0610d3c4c0512f861741be32e9a9a5132b7e874746ef72be0b62d7,C:\Programs\Generals Big Extraction\W3DZH.big\Art\W3D,C:\Programs\Generals Big Extraction\W3DZH.big\Art\W3D\Civilian - Civilian Building - N Temple dsng - CBNTemple_dsng.gif,new
116,01468--cbntemple-g--7447e8b0,01468--cbntemple-g--7447e8b0,1,W3DZH.big\Art\W3D\CBNTemple_g.w3d,gif,C:\Users\Jeff\Documents\Codex\2026-08-18\in\w3d-animation-production\output\01468--cbntemple-g--7447e8b0\Civilian - Civilian Building - N Temple g - CBNTemple_g.gif,73579,6183ffbd6b55febad8140a3fa84b59fdc215fcc49a07f3f45671f4b197578e3c,C:\Programs\Generals Big Extraction\W3DZH.big\Art\W3D,C:\Programs\Generals Big Extraction\W3DZH.big\Art\W3D\Civilian - Civilian Building - N Temple g - CBNTemple_g.gif,new
117,01470--cbntemple-ng--8738e477,01470--cbntemple-ng--8738e477,1,W3DZH.big\Art\W3D\CBNTemple_ng.w3d,gif,C:\Users\Jeff\Documents\Codex\2026-08-18\in\w3d-animation-production\output\01470--cbntemple-ng--8738e477\Civilian - Civilian Building - N Temple ng - CBNTemple_ng.gif,72715,bc3b97db1bf06c78b7b7d7fe6686fde8ab91b1efc5019bf70cf6792350ce3fdd,C:\Programs\Generals Big Extraction\W3DZH.big\Art\W3D,C:\Programs\Generals Big Extraction\W3DZH.big\Art\W3D\Civilian - Civilian Building - N Temple ng - CBNTemple_ng.gif,new
118,01477--cbntemple-sg--c6ac8d18,01477--cbntemple-sg--c6ac8d18,1,W3DZH.big\Art\W3D\CBNTemple_sg.w3d,gif,C:\Users\Jeff\Documents\Codex\2026-08-18\in\w3d-animation-production\output\01477--cbntemple-sg--c6ac8d18\Civilian - Civilian Building - N Temple sg - CBNTemple_sg.gif,74213,81d5ac0f5be7e87aef12d306d5566effe7513c582e2cbc0dec16df1d839ed4e3,C:\Programs\Generals Big Extraction\W3DZH.big\Art\W3D,C:\Programs\Generals Big Extraction\W3DZH.big\Art\W3D\Civilian - Civilian Building - N Temple sg - CBNTemple_sg.gif,new
119,01479--cbntemple-sng--f5da97c9,01479--cbntemple-sng--f5da97c9,1,W3DZH.big\Art\W3D\CBNTemple_sng.w3d,gif,C:\Users\Jeff\Documents\Codex\2026-08-18\in\w3d-animation-production\output\01479--cbntemple-sng--f5da97c9\Civilian - Civilian Building - N Temple sng - CBNTemple_sng.gif,74924,85c131d8a3195acbcfaa0463cbc3a51011a6c15134a362868601631185ec5b28,C:\Programs\Generals Big Extraction\W3DZH.big\Art\W3D,C:\Programs\Generals Big Extraction\W3DZH.big\Art\W3D\Civilian - Civilian Building - N Temple sng - CBNTemple_sng.gif,new
120,01480--cbntmhv-fh-gs--f8060c2a,01480--cbntmhv-fh-gs--f8060c2a,1,W3DZH.big\Art\W3D\CBNTmHv_FH_GS.w3d,gif,C:\Users\Jeff\Documents\Codex\2026-08-18\in\w3d-animation-production\output\01480--cbntmhv-fh-gs--f8060c2a\Civilian - Civilian Building - N Tm Hv FH GS - CBNTmHv_FH_GS.gif,54975,7d8ea072d39d55ac4c573adc498c8c55702b99929d4e9e84b2edaf5e90953560,C:\Programs\Generals Big Extraction\W3DZH.big\Art\W3D,C:\Programs\Generals Big Extraction\W3DZH.big\Art\W3D\Civilian - Civilian Building - N Tm Hv FH GS - CBNTmHv_FH_GS.gif,new
123,05074--cboilrfny-g--9339a918,05074--cboilrfny-g--9339a918,1,ZH_Generals\W3D.big\Art\W3D\CBOilRfny_G.w3d,gif,C:\Users\Jeff\Documents\Codex\2026-08-18\in\w3d-animation-production\output\05074--cboilrfny-g--9339a918\Civilian - Civilian Building - Oil Refinery - CBOilRfny_G.gif,64409,206f5c74e7a7b756be13001a19229e487549e1eaa62721a37f7b7ac6d3c49074,C:\Programs\Generals Big Extraction\ZH_Generals\W3D.big\Art\W3D,C:\Programs\Generals Big Extraction\ZH_Generals\W3D.big\Art\W3D\Civilian - Civilian Building - Oil Refinery - CBOilRfny_G.gif,new
124,05093--cbquonset1-g--cdcad5ad,05093--cbquonset1-g--cdcad5ad,1,ZH_Generals\W3D.big\Art\W3D\CBQuonset1_G.w3d,gif,C:\Users\Jeff\Documents\Codex\2026-08-18\in\w3d-animation-production\output\05093--cbquonset1-g--cdcad5ad\Civilian - Civilian Building - Quonset Hut 01 - CBQuonset1_G.gif,104428,fc28da665d7ef9cfe653fa937d9adebe1789b7febafe175c0d6316d723819f8e,C:\Programs\Generals Big Extraction\ZH_Generals\W3D.big\Art\W3D,C:\Programs\Generals Big Extraction\ZH_Generals\W3D.big\Art\W3D\Civilian - Civilian Building - Quonset Hut 01 - CBQuonset1_G.gif,new
125,01645--cbsecrtlab-g--88845ee2,01645--cbsecrtlab-g--88845ee2,1,W3DZH.big\Art\W3D\CBSecrtLab_G.w3d,gif,C:\Users\Jeff\Documents\Codex\2026-08-18\in\w3d-animation-production\output\01645--cbsecrtlab-g--88845ee2\Civilian - Civilian Building - Secret Lab - CBSecrtLab_G.gif,57064,3498c51282fb2e5a0c805cac1935a528f2fb0f150467adc59b500c79a96cbab6,C:\Programs\Generals Big Extraction\W3DZH.big\Art\W3D,C:\Programs\Generals Big Extraction\W3DZH.big\Art\W3D\Civilian - Civilian Building - Secret Lab - CBSecrtLab_G.gif,new
126,05019--cbnshack-g--badd3e62,05019--cbnshack-g--badd3e62,1,ZH_Generals\W3D.big\Art\W3D\CBNShack_g.w3d,gif,C:\Users\Jeff\Documents\Codex\2026-08-18\in\w3d-animation-production\output\05019--cbnshack-g--badd3e62\Civilian - Civilian Building - Shack - CBNShack_g.gif,100022,4110373c51549839977a514bbda0a02e97197b5c1ea0556a03addb7461871d8b,C:\Programs\Generals Big Extraction\ZH_Generals\W3D.big\Art\W3D,C:\Programs\Generals Big Extraction\ZH_Generals\W3D.big\Art\W3D\Civilian - Civilian Building - Shack - CBNShack_g.gif,new
127,05122--cbsovbldg-g--b9308fc4,05122--cbsovbldg-g--b9308fc4,1,ZH_Generals\W3D.big\Art\W3D\CBSovBldg_G.w3d,gif,C:\Users\Jeff\Documents\Codex\2026-08-18\in\w3d-animation-production\output\05122--cbsovbldg-g--b9308fc4\Civilian - Civilian Building - Soviet Building - CBSovBldg_G.gif,81499,06356e54f9051ddd78d361d284de8910681f737fe939131b6c8803846ff78ba4,C:\Programs\Generals Big Extraction\ZH_Generals\W3D.big\Art\W3D,C:\Programs\Generals Big Extraction\ZH_Generals\W3D.big\Art\W3D\Civilian - Civilian Building - Soviet Building - CBSovBldg_G.gif,new
128,05134--cbsovrdio-g--0aad82b3,05134--cbsovrdio-g--0aad82b3,1,ZH_Generals\W3D.big\Art\W3D\CBSovRdio_G.w3d,gif,C:\Users\Jeff\Documents\Codex\2026-08-18\in\w3d-animation-production\output\05134--cbsovrdio-g--0aad82b3\Civilian - Civilian Building - Soviet Radio Building - CBSovRdio_G.gif,52067,a4e81d5299f3839e3ef387a61dfbed9c40ac8cd6f11fcbae678d888e635df881,C:\Programs\Generals Big Extraction\ZH_Generals\W3D.big\Art\W3D,C:\Programs\Generals Big Extraction\ZH_Generals\W3D.big\Art\W3D\Civilian - Civilian Building - Soviet Radio Building - CBSovRdio_G.gif,new
129,05213--cbtconvst1-g--30bb37b5,05213--cbtconvst1-g--30bb37b5,1,ZH_Generals\W3D.big\Art\W3D\CBTConvSt1_g.w3d,gif,C:\Users\Jeff\Documents\Codex\2026-08-18\in\w3d-animation-production\output\05213--cbtconvst1-g--30bb37b5\Civilian - Civilian Building - Stan Convenience Store 01 - CBTConvSt1_g.gif,71452,3d5a06987f0600fc9492957a1353e81a4e05a86e74579c79d66b1a9568965c1d,C:\Programs\Generals Big Extraction\ZH_Generals\W3D.big\Art\W3D,C:\Programs\Generals Big Extraction\ZH_Generals\W3D.big\Art\W3D\Civilian - Civilian Building - Stan Convenience Store 01 - CBTConvSt1_g.gif,new
130,05233--cbtconvst2-g--be23cafd,05233--cbtconvst2-g--be23cafd,1,ZH_Generals\W3D.big\Art\W3D\CBTConvSt2_g.w3d,gif,C:\Users\Jeff\Documents\Codex\2026-08-18\in\w3d-animation-production\output\05233--cbtconvst2-g--be23cafd\Civilian - Civilian Building - Stan Convenience Store 02 - CBTConvSt2_g.gif,64227,e0197216c7579e795fc9c77c6e3d2ac00b807da0bb0c001be02614988b2bfb86,C:\Programs\Generals Big Extraction\ZH_Generals\W3D.big\Art\W3D,C:\Programs\Generals Big Extraction\ZH_Generals\W3D.big\Art\W3D\Civilian - Civilian Building - Stan Convenience Store 02 - CBTConvSt2_g.gif,new
131,05276--cbthanger1-g--6ca30e2e,05276--cbthanger1-g--6ca30e2e,1,ZH_Generals\W3D.big\Art\W3D\CBTHanger1_g.w3d,gif,C:\Users\Jeff\Documents\Codex\2026-08-18\in\w3d-animation-production\output\05276--cbthanger1-g--6ca30e2e\Civilian - Civilian Building - Stan Hanger 01 - CBTHanger1_g.gif,42299,5e98ba33d996085cebc3262c7ad731ccf4142bfde26bb816b20b93932b5ba958,C:\Programs\Generals Big Extraction\ZH_Generals\W3D.big\Art\W3D,C:\Programs\Generals Big Extraction\ZH_Generals\W3D.big\Art\W3D\Civilian - Civilian Building - Stan Hanger 01 - CBTHanger1_g.gif,new
132,05287--cbthanger2-g--3d055c65,05287--cbthanger2-g--3d055c65,1,ZH_Generals\W3D.big\Art\W3D\CBTHanger2_g.w3d,gif,C:\Users\Jeff\Documents\Codex\2026-08-18\in\w3d-animation-production\output\05287--cbthanger2-g--3d055c65\Civilian - Civilian Building - Stan Hanger 02 - CBTHanger2_g.gif,75948,68414d541b648044ceea2f87aca393a02eaf670d42ec3e6dc8aa3a2c2f9fc144,C:\Programs\Generals Big Extraction\ZH_Generals\W3D.big\Art\W3D,C:\Programs\Generals Big Extraction\ZH_Generals\W3D.big\Art\W3D\Civilian - Civilian Building - Stan Hanger 02 - CBTHanger2_g.gif,new
133,05682--cbtsvtofc1-g--0743ee49,05682--cbtsvtofc1-g--0743ee49,1,ZH_Generals\W3D.big\Art\W3D\CBTSvtOfc1_g.w3d,gif,C:\Users\Jeff\Documents\Codex\2026-08-18\in\w3d-animation-production\output\05682--cbtsvtofc1-g--0743ee49\Civilian - Civilian Building - Stan Soviet Office 01 - CBTSvtOfc1_g.gif,44091,cb8ee0acbed38bd989d2cd086abfe99eb9e085fc0b61a5192ff245ed1aea1147,C:\Programs\Generals Big Extraction\ZH_Generals\W3D.big\Art\W3D,C:\Programs\Generals Big Extraction\ZH_Generals\W3D.big\Art\W3D\Civilian - Civilian Building - Stan Soviet Office 01 - CBTSvtOfc1_g.gif,new
134,05693--cbtsvtofc2-g--0e4861e9,05693--cbtsvtofc2-g--0e4861e9,1,ZH_Generals\W3D.big\Art\W3D\CBTSvtOfc2_g.w3d,gif,C:\Users\Jeff\Documents\Codex\2026-08-18\in\w3d-animation-production\output\05693--cbtsvtofc2-g--0e4861e9\Civilian - Civilian Building - Stan Soviet Office 02 - CBTSvtOfc2_g.gif,46459,f41244e4b02e0655da21842fc7eb2ad3b0a62acee0cbbe4625c72b89762d052a,C:\Programs\Generals Big Extraction\ZH_Generals\W3D.big\Art\W3D,C:\Programs\Generals Big Extraction\ZH_Generals\W3D.big\Art\W3D\Civilian - Civilian Building - Stan Soviet Office 02 - CBTSvtOfc2_g.gif,new
135,05157--cbtaltower-g--248e4e5e,05157--cbtaltower-g--248e4e5e,1,ZH_Generals\W3D.big\Art\W3D\CBTalTower_G.w3d,gif,C:\Users\Jeff\Documents\Codex\2026-08-18\in\w3d-animation-production\output\05157--cbtaltower-g--248e4e5e\Civilian - Civilian Building - Stan Tall Tower - CBTalTower_G.gif,29007,cf122b5f98498a20b9cf50ddca6ca88de39839b4be47ef1314d5f30a986384d0,C:\Programs\Generals Big Extraction\ZH_Generals\W3D.big\Art\W3D,C:\Programs\Generals Big Extraction\ZH_Generals\W3D.big\Art\W3D\Civilian - Civilian Building - Stan Tall Tower - CBTalTower_G.gif,new
136,04614--cbmectdrl1-g--0ce7936b,04614--cbmectdrl1-g--0ce7936b,1,ZH_Generals\W3D.big\Art\W3D\CBMeCtdrl1_g.w3d,gif,C:\Users\Jeff\Documents\Codex\2026-08-18\in\w3d-animation-production\output\04614--cbmectdrl1-g--0ce7936b\Civilian - Civilian Building - Stan Town Hall 01 - CBMeCtdrl1_g.gif,58740,34aed413ac5f1a966e8ad9d13fc7c78c0f4e21a50aedd30c9aafabf8e111cd5e,C:\Programs\Generals Big Extraction\ZH_Generals\W3D.big\Art\W3D,C:\Programs\Generals Big Extraction\ZH_Generals\W3D.big\Art\W3D\Civilian - Civilian Building - Stan Town Hall 01 - CBMeCtdrl1_g.gif,new
137,04622--cbmectdrl2-g--99a7599e,04622--cbmectdrl2-g--99a7599e,1,ZH_Generals\W3D.big\Art\W3D\CBMeCtdrl2_g.w3d,gif,C:\Users\Jeff\Documents\Codex\2026-08-18\in\w3d-animation-production\output\04622--cbmectdrl2-g--99a7599e\Civilian - Civilian Building - Stan Town Hall 02 - CBMeCtdrl2_g.gif,56666,96ec503cce6de2a0101cadab09a676a1963b016449b0c0a62f3748c26ca82ec6,C:\Programs\Generals Big Extraction\ZH_Generals\W3D.big\Art\W3D,C:\Programs\Generals Big Extraction\ZH_Generals\W3D.big\Art\W3D\Civilian - Civilian Building - Stan Town Hall 02 - CBMeCtdrl2_g.gif,new
138,05854--cmtgovbuil-dng--611a5e9e,05854--cmtgovbuil-dng--611a5e9e,1,ZH_Generals\W3D.big\Art\W3D\CMTGovBuil_DNG.w3d,gif,C:\Users\Jeff\Documents\Codex\2026-08-18\in\w3d-animation-production\output\05854--cmtgovbuil-dng--611a5e9e\Civilian - Civilian Building - Stan Town Hall 03 - CMTGovBuil_DNG.gif,46151,801940d9d6df9924d8eb1b8687ef603041c409dec5da4dd5626c346666747796,C:\Programs\Generals Big Extraction\ZH_Generals\W3D.big\Art\W3D,C:\Programs\Generals Big Extraction\ZH_Generals\W3D.big\Art\W3D\Civilian - Civilian Building - Stan Town Hall 03 - CMTGovBuil_DNG.gif,new
139,05504--cbtower01-ng--a9994b08,05504--cbtower01-ng--a9994b08,1,ZH_Generals\W3D.big\Art\W3D\CBTower01_NG.w3d,gif,C:\Users\Jeff\Documents\Codex\2026-08-18\in\w3d-animation-production\output\05504--cbtower01-ng--a9994b08\Civilian - Civilian Building - Stan Watch Tower Tall - CBTower01_NG.gif,23677,789733c6d339753f715678c6b03af7562563c0d45305218faf9a172b46445d7c,C:\Programs\Generals Big Extraction\ZH_Generals\W3D.big\Art\W3D,C:\Programs\Generals Big Extraction\ZH_Generals\W3D.big\Art\W3D\Civilian - Civilian Building - Stan Watch Tower Tall - CBTower01_NG.gif,new
140,05027--cbnsubst-g--9fa05560,05027--cbnsubst-g--9fa05560,1,ZH_Generals\W3D.big\Art\W3D\CBNSubSt_G.w3d,gif,C:\Users\Jeff\Documents\Codex\2026-08-18\in\w3d-animation-production\output\05027--cbnsubst-g--9fa05560\Civilian - Civilian Building - Subway 01 - CBNSubSt_G.gif,36572,17848b6bbd2b703ef79894364a37e3e7932317099283c06d6ac9e141b424a2a8,C:\Programs\Generals Big Extraction\ZH_Generals\W3D.big\Art\W3D,C:\Programs\Generals Big Extraction\ZH_Generals\W3D.big\Art\W3D\Civilian - Civilian Building - Subway 01 - CBNSubSt_G.gif,new
142,05471--cbtoildepo-dng--f623f271,05471--cbtoildepo-dng--f623f271,1,ZH_Generals\W3D.big\Art\W3D\CBTOilDepo_DNG.w3d,gif,C:\Users\Jeff\Documents\Codex\2026-08-18\in\w3d-animation-production\output\05471--cbtoildepo-dng--f623f271\Civilian - Civilian Building - TER Oil Depot - CBTOilDepo_DNG.gif,35122,ce2d4c2f9d413e7354b2e7f2542c95dc079d53db7cb364ff776e87e4021bfa84,C:\Programs\Generals Big Extraction\ZH_Generals\W3D.big\Art\W3D,C:\Programs\Generals Big Extraction\ZH_Generals\W3D.big\Art\W3D\Civilian - Civilian Building - TER Oil Depot - CBTOilDepo_DNG.gif,new
143,05494--cbtoutpost-g--cecff54b,05494--cbtoutpost-g--cecff54b,1,ZH_Generals\W3D.big\Art\W3D\CBTOutpost_g.w3d,gif,C:\Users\Jeff\Documents\Codex\2026-08-18\in\w3d-animation-production\output\05494--cbtoutpost-g--cecff54b\Civilian - Civilian Building - TER Out Post - CBTOutpost_g.gif,42743,187c581bb713d4f5929c7d3ce2e51d2e7b06f4324a50de5bfebdf0e29e2a25b6,C:\Programs\Generals Big Extraction\ZH_Generals\W3D.big\Art\W3D,C:\Programs\Generals Big Extraction\ZH_Generals\W3D.big\Art\W3D\Civilian - Civilian Building - TER Out Post - CBTOutpost_g.gif,new
144,02258--cbtusabldng01--d7900d43,02258--cbtusabldng01--d7900d43,1,W3DZH.big\Art\W3D\CBTUSABldng01.w3d,gif,C:\Users\Jeff\Documents\Codex\2026-08-18\in\w3d-animation-production\output\02258--cbtusabldng01--d7900d43\Civilian - Civilian Building - TUSA Bldng 01 - CBTUSABldng01.gif,47169,2dcfd1aa60d488369eaa11b2bc2d7b7cd70a62e7be3033dae37d30d84d6470d0,C:\Programs\Generals Big Extraction\W3DZH.big\Art\W3D,C:\Programs\Generals Big Extraction\W3DZH.big\Art\W3D\Civilian - Civilian Building - TUSA Bldng 01 - CBTUSABldng01.gif,new
145,02035--cbtower02-ng--6cb385f6,02035--cbtower02-ng--6cb385f6,1,W3DZH.big\Art\W3D\CBTower02_NG.w3d,gif,C:\Users\Jeff\Documents\Codex\2026-08-18\in\w3d-animation-production\output\02035--cbtower02-ng--6cb385f6\Civilian - Civilian Building - Tall Tower 02 - CBTower02_NG.gif,23262,7d325fa7d8cfafd91d7225437a03616a0db44abfa194e49d42bbdd320af6ed11,C:\Programs\Generals Big Extraction\W3DZH.big\Art\W3D,C:\Programs\Generals Big Extraction\W3DZH.big\Art\W3D\Civilian - Civilian Building - Tall Tower 02 - CBTower02_NG.gif,new
146,01496--cbntmhvmn-g--75c90673,01496--cbntmhvmn-g--75c90673,1,W3DZH.big\Art\W3D\CBNTmHvMN_G.w3d,gif,C:\Users\Jeff\Documents\Codex\2026-08-18\in\w3d-animation-production\output\01496--cbntmhvmn-g--75c90673\Civilian - Civilian Building - Temple Of Heaven Main Temple - CBNTmHvMN_G.gif,43139,d1b0c7e51a7c5ed4902495271a75ca5b8d3fd90fcc456e4f12f26163d559ec59,C:\Programs\Generals Big Extraction\W3DZH.big\Art\W3D,C:\Programs\Generals Big Extraction\W3DZH.big\Art\W3D\Civilian - Civilian Building - Temple Of Heaven Main Temple - CBNTmHvMN_G.gif,new
147,05699--cbttent01-dg--45a6c2eb,05699--cbttent01-dg--45a6c2eb,1,ZH_Generals\W3D.big\Art\W3D\CBTTent01_DG.w3d,gif,C:\Users\Jeff\Documents\Codex\2026-08-18\in\w3d-animation-production\output\05699--cbttent01-dg--45a6c2eb\Civilian - Civilian Building - Tent 01 - CBTTent01_DG.gif,56526,d2e93589cb5813488b1088eab7fe3ccfae768dc115bc9ab7b5b9a56a79fd1016,C:\Programs\Generals Big Extraction\ZH_Generals\W3D.big\Art\W3D,C:\Programs\Generals Big Extraction\ZH_Generals\W3D.big\Art\W3D\Civilian - Civilian Building - Tent 01 - CBTTent01_DG.gif,new
148,05704--cbttent02-dg--3aafeba1,05704--cbttent02-dg--3aafeba1,1,ZH_Generals\W3D.big\Art\W3D\CBTTent02_DG.w3d,gif,C:\Users\Jeff\Documents\Codex\2026-08-18\in\w3d-animation-production\output\05704--cbttent02-dg--3aafeba1\Civilian - Civilian Building - Tent 02 - CBTTent02_DG.gif,55797,42e1b7a33b5fcf9f3405d7b3186e582e026143a047920b6a7827a20e054932ba,C:\Programs\Generals Big Extraction\ZH_Generals\W3D.big\Art\W3D,C:\Programs\Generals Big Extraction\ZH_Generals\W3D.big\Art\W3D\Civilian - Civilian Building - Tent 02 - CBTTent02_DG.gif,new
149,05715--cbttent03-dg--9ade88d4,05715--cbttent03-dg--9ade88d4,1,ZH_Generals\W3D.big\Art\W3D\CBTTent03_DG.w3d,gif,C:\Users\Jeff\Documents\Codex\2026-08-18\in\w3d-animation-production\output\05715--cbttent03-dg--9ade88d4\Civilian - Civilian Building - Tent 03 - CBTTent03_DG.gif,60931,3d5b55cbbc865fe1325d97afab86d2204ff94ccc288ab7daf6261cd2042c3a09,C:\Programs\Generals Big Extraction\ZH_Generals\W3D.big\Art\W3D,C:\Programs\Generals Big Extraction\ZH_Generals\W3D.big\Art\W3D\Civilian - Civilian Building - Tent 03 - CBTTent03_DG.gif,new
150,05720--cbttent04-dg--28cb76ba,05720--cbttent04-dg--28cb76ba,1,ZH_Generals\W3D.big\Art\W3D\CBTTent04_DG.w3d,gif,C:\Users\Jeff\Documents\Codex\2026-08-18\in\w3d-animation-production\output\05720--cbttent04-dg--28cb76ba\Civilian - Civilian Building - Tent 04 - CBTTent04_DG.gif,33392,e5ee1c2c97174557e189b657b91a25ab236b29124beb4369a3da57a41046e91c,C:\Programs\Generals Big Extraction\ZH_Generals\W3D.big\Art\W3D,C:\Programs\Generals Big Extraction\ZH_Generals\W3D.big\Art\W3D\Civilian - Civilian Building - Tent 04 - CBTTent04_DG.gif,new
152,02366--cine-bbus--e7ec7d1f,02366--cine-bbus--e7ec7d1f,1,W3DZH.big\Art\W3D\CINE U 06 B Bus - CINE_BBus.w3d,mp4,C:\Users\Jeff\Documents\Codex\2026-08-18\in\w3d-animation-production\output\02366--cine-bbus--e7ec7d1f\Civilian - Civilian Building - U 06 B Bus - CINE_BBus.mp4,102121,5c2f24ca91f031fb8d71af431d97626a3f40ed33d29cf38e8d29e3d26819c360,C:\Programs\Generals Big Extraction\W3DZH.big\Art\W3D,C:\Programs\Generals Big Extraction\W3DZH.big\Art\W3D\Civilian - Civilian Building - U 06 B Bus - CINE_BBus.mp4,new
153,05519--cbtower03-g--7c3ee3d5,05519--cbtower03-g--7c3ee3d5,1,ZH_Generals\W3D.big\Art\W3D\CBTower03_G.w3d,gif,C:\Users\Jeff\Documents\Codex\2026-08-18\in\w3d-animation-production\output\05519--cbtower03-g--7c3ee3d5\Civilian - Civilian Building - Watch Tower 03 - CBTower03_G.gif,35718,7b8eb40656a0fa6b3305734aab8f5350a5f8e3b1c3b02962626be9aff217f91a,C:\Programs\Generals Big Extraction\ZH_Generals\W3D.big\Art\W3D,C:\Programs\Generals Big Extraction\ZH_Generals\W3D.big\Art\W3D\Civilian - Civilian Building - Watch Tower 03 - CBTower03_G.gif,new
154,04560--cbh2oplnt-g--270a162a,04560--cbh2oplnt-g--270a162a,1,ZH_Generals\W3D.big\Art\W3D\CBH2oPlnt_G.w3d,gif,C:\Users\Jeff\Documents\Codex\2026-08-18\in\w3d-animation-production\output\04560--cbh2oplnt-g--270a162a\Civilian - Civilian Building - Water Plant - CBH2oPlnt_G.gif,46008,9e50d9d28053889878e53295adb371f409ee98d46980563fb110db95912e6c98,C:\Programs\Generals Big Extraction\ZH_Generals\W3D.big\Art\W3D,C:\Programs\Generals Big Extraction\ZH_Generals\W3D.big\Art\W3D\Civilian - Civilian Building - Water Plant - CBH2oPlnt_G.gif,new
157,01573--cboffice01-dg--225ae396,01573--cboffice01-dg--225ae396,1,W3DZH.big\Art\W3D\CBoffice01_DG.w3d,gif,C:\Users\Jeff\Documents\Codex\2026-08-18\in\w3d-animation-production\output\01573--cboffice01-dg--225ae396\Civilian - Civilian Building - office 01 DG - CBoffice01_DG.gif,44048,e68e8c80de7b9259fe602ca4f99c1c5a2aa44a470e595db75e4ac3a80e01fe77,C:\Programs\Generals Big Extraction\W3DZH.big\Art\W3D,C:\Programs\Generals Big Extraction\W3DZH.big\Art\W3D\Civilian - Civilian Building - office 01 DG - CBoffice01_DG.gif,new
158,01575--cboffice01-dng--8c4a1320,01575--cboffice01-dng--8c4a1320,1,W3DZH.big\Art\W3D\CBoffice01_DNG.w3d,gif,C:\Users\Jeff\Documents\Codex\2026-08-18\in\w3d-animation-production\output\01575--cboffice01-dng--8c4a1320\Civilian - Civilian Building - office 01 DNG - CBoffice01_DNG.gif,44048,e68e8c80de7b9259fe602ca4f99c1c5a2aa44a470e595db75e4ac3a80e01fe77,C:\Programs\Generals Big Extraction\W3DZH.big\Art\W3D,C:\Programs\Generals Big Extraction\W3DZH.big\Art\W3D\Civilian - Civilian Building - office 01 DNG - CBoffice01_DNG.gif,new
159,01577--cboffice01-dsg--c65e4c4c,01577--cboffice01-dsg--c65e4c4c,1,W3DZH.big\Art\W3D\CBoffice01_DSG.w3d,gif,C:\Users\Jeff\Documents\Codex\2026-08-18\in\w3d-animation-production\output\01577--cboffice01-dsg--c65e4c4c\Civilian - Civilian Building - office 01 DSG - CBoffice01_DSG.gif,45245,da945c90374583f492e7c1b260f2b4850344ae8b72dd92b9703446c7472669a3,C:\Programs\Generals Big Extraction\W3DZH.big\Art\W3D,C:\Programs\Generals Big Extraction\W3DZH.big\Art\W3D\Civilian - Civilian Building - office 01 DSG - CBoffice01_DSG.gif,new
160,01579--cboffice01-dsng--15d9d73d,01579--cboffice01-dsng--15d9d73d,1,W3DZH.big\Art\W3D\CBoffice01_DSNG.w3d,gif,C:\Users\Jeff\Documents\Codex\2026-08-18\in\w3d-animation-production\output\01579--cboffice01-dsng--15d9d73d\Civilian - Civilian Building - office 01 DSNG - CBoffice01_DSNG.gif,45245,da945c90374583f492e7c1b260f2b4850344ae8b72dd92b9703446c7472669a3,C:\Programs\Generals Big Extraction\W3DZH.big\Art\W3D,C:\Programs\Generals Big Extraction\W3DZH.big\Art\W3D\Civilian - Civilian Building - office 01 DSNG - CBoffice01_DSNG.gif,new
161,01584--cboffice01-g--d662f874,01584--cboffice01-g--d662f874,1,W3DZH.big\Art\W3D\CBoffice01_G.w3d,gif,C:\Users\Jeff\Documents\Codex\2026-08-18\in\w3d-animation-production\output\01584--cboffice01-g--d662f874\Civilian - Civilian Building - office 01 G - CBoffice01_G.gif,72669,27786f9867bb43e1fcaecbe5669ae76c18f98c06c70e73e7a5ab9fdd2d77fec7,C:\Programs\Generals Big Extraction\W3DZH.big\Art\W3D,C:\Programs\Generals Big Extraction\W3DZH.big\Art\W3D\Civilian - Civilian Building - office 01 G - CBoffice01_G.gif,new
162,01586--cboffice01-ng--0faf6a85,01586--cboffice01-ng--0faf6a85,1,W3DZH.big\Art\W3D\CBoffice01_NG.w3d,gif,C:\Users\Jeff\Documents\Codex\2026-08-18\in\w3d-animation-production\output\01586--cboffice01-ng--0faf6a85\Civilian - Civilian Building - office 01 NG - CBoffice01_NG.gif,72669,27786f9867bb43e1fcaecbe5669ae76c18f98c06c70e73e7a5ab9fdd2d77fec7,C:\Programs\Generals Big Extraction\W3DZH.big\Art\W3D,C:\Programs\Generals Big Extraction\W3DZH.big\Art\W3D\Civilian - Civilian Building - office 01 NG - CBoffice01_NG.gif,new
163,01592--cboffice01-sg--83a463be,01592--cboffice01-sg--83a463be,1,W3DZH.big\Art\W3D\CBoffice01_SG.w3d,gif,C:\Users\Jeff\Documents\Codex\2026-08-18\in\w3d-animation-production\output\01592--cboffice01-sg--83a463be\Civilian - Civilian Building - office 01 SG - CBoffice01_SG.gif,76132,9bec770d298d9cf76ad25a2a0b535d9f6f8a573793b104ef39522b6761634abf,C:\Programs\Generals Big Extraction\W3DZH.big\Art\W3D,C:\Programs\Generals Big Extraction\W3DZH.big\Art\W3D\Civilian - Civilian Building - office 01 SG - CBoffice01_SG.gif,new
164,01594--cboffice01-sng--da923da1,01594--cboffice01-sng--da923da1,1,W3DZH.big\Art\W3D\CBoffice01_SNG.w3d,gif,C:\Users\Jeff\Documents\Codex\2026-08-18\in\w3d-animation-production\output\01594--cboffice01-sng--da923da1\Civilian - Civilian Building - office 01 SNG - CBoffice01_SNG.gif,76132,9bec770d298d9cf76ad25a2a0b535d9f6f8a573793b104ef39522b6761634abf,C:\Programs\Generals Big Extraction\W3DZH.big\Art\W3D,C:\Programs\Generals Big Extraction\W3DZH.big\Art\W3D\Civilian - Civilian Building - office 01 SNG - CBoffice01_SNG.gif,new
165,04791--cbnbank-g--74de42c7,04791--cbnbank-g--74de42c7,1,ZH_Generals\W3D.big\Art\W3D\CBNBank_G.w3d,gif,C:\Users\Jeff\Documents\Codex\2026-08-18\in\w3d-animation-production\output\04791--cbnbank-g--74de42c7\Civilian - Commercial Building - Asian Bank - CBNBank_G.gif,56433,3ede54178a2109040d4125f5aafe72527608be4033b9d71626a7c7cbed0d6fe0,C:\Programs\Generals Big Extraction\ZH_Generals\W3D.big\Art\W3D,C:\Programs\Generals Big Extraction\ZH_Generals\W3D.big\Art\W3D\Civilian - Commercial Building - Asian Bank - CBNBank_G.gif,new
166,04866--cbnelecrtl-g--8d43126b,04866--cbnelecrtl-g--8d43126b,1,ZH_Generals\W3D.big\Art\W3D\CBNElecRtl_G.w3d,gif,C:\Users\Jeff\Documents\Codex\2026-08-18\in\w3d-animation-production\output\04866--cbnelecrtl-g--8d43126b\Civilian - Commercial Building - Asian Electric Retail - CBNElecRtl_G.gif,56963,6692cb4671748bf98bff35040f9ad7522f133dda982a9bd9d1c75d71de59191b,C:\Programs\Generals Big Extraction\ZH_Generals\W3D.big\Art\W3D,C:\Programs\Generals Big Extraction\ZH_Generals\W3D.big\Art\W3D\Civilian - Commercial Building - Asian Electric Retail - CBNElecRtl_G.gif,new
167,04925--cbnhotel01-g--df5a4a02,04925--cbnhotel01-g--df5a4a02,1,ZH_Generals\W3D.big\Art\W3D\CBNHotel01_G.w3d,gif,C:\Users\Jeff\Documents\Codex\2026-08-18\in\w3d-animation-production\output\04925--cbnhotel01-g--df5a4a02\Civilian - Commercial Building - Asian Hotel 01 - CBNHotel01_G.gif,51233,c9dfe94b8f8567df78bddb4e61ca1d7f29d5ef89ba256d97f1f494f2a443485e,C:\Programs\Generals Big Extraction\ZH_Generals\W3D.big\Art\W3D,C:\Programs\Generals Big Extraction\ZH_Generals\W3D.big\Art\W3D\Civilian - Commercial Building - Asian Hotel 01 - CBNHotel01_G.gif,new
169,04944--cbnmegamal-g--d79994cb,04944--cbnmegamal-g--d79994cb,1,ZH_Generals\W3D.big\Art\W3D\CBNMegaMal_G.w3d,gif,C:\Users\Jeff\Documents\Codex\2026-08-18\in\w3d-animation-production\output\04944--cbnmegamal-g--d79994cb\Civilian - Commercial Building - Asian Mega Mall 01 - CBNMegaMal_G.gif,52340,19cda036f6a98af3916ba3dbbbba917e79dfd8ec50278b7bea759549ccaa42e5,C:\Programs\Generals Big Extraction\ZH_Generals\W3D.big\Art\W3D,C:\Programs\Generals Big Extraction\ZH_Generals\W3D.big\Art\W3D\Civilian - Commercial Building - Asian Mega Mall 01 - CBNMegaMal_G.gif,new
170,04963--cbnretal01-g--1bf30f04,04963--cbnretal01-g--1bf30f04,1,ZH_Generals\W3D.big\Art\W3D\CBNRetal01_G.w3d,gif,C:\Users\Jeff\Documents\Codex\2026-08-18\in\w3d-animation-production\output\04963--cbnretal01-g--1bf30f04\Civilian - Commercial Building - Asian Retail Store 01 - CBNRetal01_G.gif,64649,38c4e328cdce5cb01139e103605509fb45e40de78edc5540366b3504570dec40,C:\Programs\Generals Big Extraction\ZH_Generals\W3D.big\Art\W3D,C:\Programs\Generals Big Extraction\ZH_Generals\W3D.big\Art\W3D\Civilian - Commercial Building - Asian Retail Store 01 - CBNRetal01_G.gif,new
171,04969--cbnretal02-dg--992a397e,04969--cbnretal02-dg--992a397e,1,ZH_Generals\W3D.big\Art\W3D\CBNRetal02_DG.w3d,gif,C:\Users\Jeff\Documents\Codex\2026-08-18\in\w3d-animation-production\output\04969--cbnretal02-dg--992a397e\Civilian - Commercial Building - Asian Retail Store 02 - CBNRetal02_DG.gif,44706,eb689cc99cbaa0b936175caad39bd0aac5afe7df9949cdd753fa7350068b7e68,C:\Programs\Generals Big Extraction\ZH_Generals\W3D.big\Art\W3D,C:\Programs\Generals Big Extraction\ZH_Generals\W3D.big\Art\W3D\Civilian - Commercial Building - Asian Retail Store 02 - CBNRetal02_DG.gif,new
172,02404--cmfastfoo-g--23b3e446,02404--cmfastfoo-g--23b3e446,1,W3DZH.big\Art\W3D\CMFastFoo_G.w3d,gif,C:\Users\Jeff\Documents\Codex\2026-08-18\in\w3d-animation-production\output\02404--cmfastfoo-g--23b3e446\Civilian - Commercial Building - Fast Food - CMFastFoo_G.gif,183750,d28114e56d78754d19e2acd5dcd91eefdb159ca371e57079971901f98fd876c5,C:\Programs\Generals Big Extraction\W3DZH.big\Art\W3D,C:\Programs\Generals Big Extraction\W3DZH.big\Art\W3D\Civilian - Commercial Building - Fast Food - CMFastFoo_G.gif,new
173,04441--cbgassttn-g--678da136,04441--cbgassttn-g--678da136,1,ZH_Generals\W3D.big\Art\W3D\CBGasSttn_G.w3d,gif,C:\Users\Jeff\Documents\Codex\2026-08-18\in\w3d-animation-production\output\04441--cbgassttn-g--678da136\Civilian - Commercial Building - Gas Station - CBGasSttn_G.gif,77674,4cabc43a483e5e4a0933ac788864c88655393b86e4ffa8aa1125d9e3aa5a7749,C:\Programs\Generals Big Extraction\ZH_Generals\W3D.big\Art\W3D,C:\Programs\Generals Big Extraction\ZH_Generals\W3D.big\Art\W3D\Civilian - Commercial Building - Gas Station - CBGasSttn_G.gif,new
174,04894--cbngasst-g--e69d01d3,04894--cbngasst-g--e69d01d3,1,ZH_Generals\W3D.big\Art\W3D\CBNGasSt_g.w3d,gif,C:\Users\Jeff\Documents\Codex\2026-08-18\in\w3d-animation-production\output\04894--cbngasst-g--e69d01d3\Civilian - Commercial Building - Gas Station 03 - CBNGasSt_g.gif,74922,eff12dc2740a5e5cf0fbc9c953937b335a8287919b1f1d8c575593e21d70b51a,C:\Programs\Generals Big Extraction\ZH_Generals\W3D.big\Art\W3D,C:\Programs\Generals Big Extraction\ZH_Generals\W3D.big\Art\W3D\Civilian - Commercial Building - Gas Station 03 - CBNGasSt_g.gif,new
175,04524--cbgshop-dg--d276b65b,04524--cbgshop-dg--d276b65b,1,ZH_Generals\W3D.big\Art\W3D\CBGShop_DG.w3d,gif,C:\Users\Jeff\Documents\Codex\2026-08-18\in\w3d-animation-production\output\04524--cbgshop-dg--d276b65b\Civilian - Commercial Building - German Pub 01 - CBGShop_DG.gif,62081,cb9a316ce675c9b183b816622369ba6a6fa8d164177e2b06c94f8b4b0f18ea4d,C:\Programs\Generals Big Extraction\ZH_Generals\W3D.big\Art\W3D,C:\Programs\Generals Big Extraction\ZH_Generals\W3D.big\Art\W3D\Civilian - Commercial Building - German Pub 01 - CBGShop_DG.gif,new
176,00831--cbgreshop-g--69b36d99,00831--cbgreshop-g--69b36d99,1,W3DZH.big\Art\W3D\CBGRESHOP_G.w3d,gif,C:\Users\Jeff\Documents\Codex\2026-08-18\in\w3d-animation-production\output\00831--cbgreshop-g--69b36d99\Civilian - Commercial Building - Greek Shop - CBGRESHOP_G.gif,68985,c475a2ce70e939d4eaacce020cc009505ebb9867d19a1fdcdbb7df5fda73e222,C:\Programs\Generals Big Extraction\W3DZH.big\Art\W3D,C:\Programs\Generals Big Extraction\W3DZH.big\Art\W3D\Civilian - Commercial Building - Greek Shop - CBGRESHOP_G.gif,new
177,05310--cbthotel03-g--f8a709cd,05310--cbthotel03-g--f8a709cd,1,ZH_Generals\W3D.big\Art\W3D\CBTHotel03_G.w3d,gif,C:\Users\Jeff\Documents\Codex\2026-08-18\in\w3d-animation-production\output\05310--cbthotel03-g--f8a709cd\Civilian - Commercial Building - International Hotel 01 - CBTHotel03_G.gif,42723,f18d76e82ecb833bcb28fb71f046f94433dac78ec39cf52d486991ab129ea90c,C:\Programs\Generals Big Extraction\ZH_Generals\W3D.big\Art\W3D,C:\Programs\Generals Big Extraction\ZH_Generals\W3D.big\Art\W3D\Civilian - Commercial Building - International Hotel 01 - CBTHotel03_G.gif,new
178,04653--cbmogdis03-dg--c53bcf7c,04653--cbmogdis03-dg--c53bcf7c,1,ZH_Generals\W3D.big\Art\W3D\CBMogdis03_DG.w3d,gif,C:\Users\Jeff\Documents\Codex\2026-08-18\in\w3d-animation-production\output\04653--cbmogdis03-dg--c53bcf7c\Civilian - Commercial Building - Mogadishu Shop 01 - CBMogdis03_DG.gif,42845,754aa482cbb39f8c055f5f9e417942f1f11a0f5b223711c3ad330e50a6f81c1d,C:\Programs\Generals Big Extraction\ZH_Generals\W3D.big\Art\W3D,C:\Programs\Generals Big Extraction\ZH_Generals\W3D.big\Art\W3D\Civilian - Commercial Building - Mogadishu Shop 01 - CBMogdis03_DG.gif,new
179,04670--cbmogdis04-dg--444367b0,04670--cbmogdis04-dg--444367b0,1,ZH_Generals\W3D.big\Art\W3D\CBMogdis04_DG.w3d,gif,C:\Users\Jeff\Documents\Codex\2026-08-18\in\w3d-animation-production\output\04670--cbmogdis04-dg--444367b0\Civilian - Commercial Building - Mogadishu Shop 02 - CBMogdis04_DG.gif,42266,e0dee1e114410ecafb361fbb67ef04562e6bca442329690fff5e9877b2808847,C:\Programs\Generals Big Extraction\ZH_Generals\W3D.big\Art\W3D,C:\Programs\Generals Big Extraction\ZH_Generals\W3D.big\Art\W3D\Civilian - Commercial Building - Mogadishu Shop 02 - CBMogdis04_DG.gif,new
180,05631--cbtsmlapt-gd--d93af5f7,05631--cbtsmlapt-gd--d93af5f7,1,ZH_Generals\W3D.big\Art\W3D\CBTSmlApt_GD.w3d,gif,C:\Users\Jeff\Documents\Codex\2026-08-18\in\w3d-animation-production\output\05631--cbtsmlapt-gd--d93af5f7\Civilian - Commercial Building - Mogadishu Small Apartment - CBTSmlApt_GD.gif,74579,f365eb5c8fcb3aeae41e68ccea4893ec07b108743abc58e6cb857745d1e069ff,C:\Programs\Generals Big Extraction\ZH_Generals\W3D.big\Art\W3D,C:\Programs\Generals Big Extraction\ZH_Generals\W3D.big\Art\W3D\Civilian - Commercial Building - Mogadishu Small Apartment - CBTSmlApt_GD.gif,new
181,04982--cbnretal03-g--968f9078,04982--cbnretal03-g--968f9078,1,ZH_Generals\W3D.big\Art\W3D\CBNRetal03_G.w3d,gif,C:\Users\Jeff\Documents\Codex\2026-08-18\in\w3d-animation-production\output\04982--cbnretal03-g--968f9078\Civilian - Commercial Building - Retail 01 - CBNRetal03_G.gif,55760,e565498a938a9073018784470f03293706f7735f3fea6009a94fffc459bf2375,C:\Programs\Generals Big Extraction\ZH_Generals\W3D.big\Art\W3D,C:\Programs\Generals Big Extraction\ZH_Generals\W3D.big\Art\W3D\Civilian - Commercial Building - Retail 01 - CBNRetal03_G.gif,new
182,04992--cbnretal05-g--43ef8692,04992--cbnretal05-g--43ef8692,1,ZH_Generals\W3D.big\Art\W3D\CBNRetal05_G.w3d,gif,C:\Users\Jeff\Documents\Codex\2026-08-18\in\w3d-animation-production\output\04992--cbnretal05-g--43ef8692\Civilian - Commercial Building - Retail 03 - CBNRetal05_G.gif,43606,c9535cf3847a130d1bfcab85d8eb136164b0ee5002c9305395840c4aba1315f8,C:\Programs\Generals Big Extraction\ZH_Generals\W3D.big\Art\W3D,C:\Programs\Generals Big Extraction\ZH_Generals\W3D.big\Art\W3D\Civilian - Commercial Building - Retail 03 - CBNRetal05_G.gif,new
183,00332--cbamershp1-g--deef7452,00332--cbamershp1-g--deef7452,1,W3DZH.big\Art\W3D\CBAmerShp1_G.w3d,gif,C:\Users\Jeff\Documents\Codex\2026-08-18\in\w3d-animation-production\output\00332--cbamershp1-g--deef7452\Civilian - Commercial Building - Shop 01 - CBAmerShp1_G.gif,71862,7b74b20c40fa1a439bac698ee64f3200179487a0c5e9af9a9266641f1d79104c,C:\Programs\Generals Big Extraction\W3DZH.big\Art\W3D,C:\Programs\Generals Big Extraction\W3DZH.big\Art\W3D\Civilian - Commercial Building - Shop 01 - CBAmerShp1_G.gif,new
184,00337--cbamershp2-g--b71472cf,00337--cbamershp2-g--b71472cf,1,W3DZH.big\Art\W3D\CBAmerShp2_G.w3d,gif,C:\Users\Jeff\Documents\Codex\2026-08-18\in\w3d-animation-production\output\00337--cbamershp2-g--b71472cf\Civilian - Commercial Building - Shop 02 - CBAmerShp2_G.gif,66186,d888cd28186b3bcb9df3257ccb93030b614d1e3f1e51872c9fbad8ac57474088,C:\Programs\Generals Big Extraction\W3DZH.big\Art\W3D,C:\Programs\Generals Big Extraction\W3DZH.big\Art\W3D\Civilian - Commercial Building - Shop 02 - CBAmerShp2_G.gif,new
185,05111--cbsovbld2-g--1259e0af,05111--cbsovbld2-g--1259e0af,1,ZH_Generals\W3D.big\Art\W3D\CBsovbld2_G.w3d,gif,C:\Users\Jeff\Documents\Codex\2026-08-18\in\w3d-animation-production\output\05111--cbsovbld2-g--1259e0af\Civilian - Commercial Building - Soviet Government Building Small - CBsovbld2_G.gif,60936,aae60d1a4ef5a043e5c61e497d2e7a40a081f7e6488fca9c120e9056b7430578,C:\Programs\Generals Big Extraction\ZH_Generals\W3D.big\Art\W3D,C:\Programs\Generals Big Extraction\ZH_Generals\W3D.big\Art\W3D\Civilian - Commercial Building - Soviet Government Building Small - CBsovbld2_G.gif,new
186,05262--cbtgasstn-g--37a8f230,05262--cbtgasstn-g--37a8f230,1,ZH_Generals\W3D.big\Art\W3D\CBTGasStn_G.w3d,gif,C:\Users\Jeff\Documents\Codex\2026-08-18\in\w3d-animation-production\output\05262--cbtgasstn-g--37a8f230\Civilian - Commercial Building - Stan Gas Station - CBTGasStn_G.gif,78335,6a64a7e699666717cd51a7f501501400e7d80d171474ed9c86d1e2f7ae4b1f58,C:\Programs\Generals Big Extraction\ZH_Generals\W3D.big\Art\W3D,C:\Programs\Generals Big Extraction\ZH_Generals\W3D.big\Art\W3D\Civilian - Commercial Building - Stan Gas Station - CBTGasStn_G.gif,new
187,05293--cbthotel01-dg--19a846ff,05293--cbthotel01-dg--19a846ff,1,ZH_Generals\W3D.big\Art\W3D\CBThotel01_dg.w3d,gif,C:\Users\Jeff\Documents\Codex\2026-08-18\in\w3d-animation-production\output\05293--cbthotel01-dg--19a846ff\Civilian - Commercial Building - Stan Hotel 01 - CBThotel01_dg.gif,48056,1d7b1a7da015432e33f63f9fe57b5d612aa52a32d1cc3a5dc75c054a2c7b8526,C:\Programs\Generals Big Extraction\ZH_Generals\W3D.big\Art\W3D,C:\Programs\Generals Big Extraction\ZH_Generals\W3D.big\Art\W3D\Civilian - Commercial Building - Stan Hotel 01 - CBThotel01_dg.gif,new
188,01781--cbthotel02-dng--070a576e,01781--cbthotel02-dng--070a576e,1,W3DZH.big\Art\W3D\CBTHotel02_dng.w3d,gif,C:\Users\Jeff\Documents\Codex\2026-08-18\in\w3d-animation-production\output\01781--cbthotel02-dng--070a576e\Civilian - Commercial Building - Stan Hotel 02 - CBTHotel02_dng.gif,47561,386d17e11fe0a0262c476647753f9ed79bf55af41631663cb2c5155f5cdcc283,C:\Programs\Generals Big Extraction\W3DZH.big\Art\W3D,C:\Programs\Generals Big Extraction\W3DZH.big\Art\W3D\Civilian - Commercial Building - Stan Hotel 02 - CBTHotel02_dng.gif,new
189,05604--cbtrestrn1-g--5dcd9427,05604--cbtrestrn1-g--5dcd9427,1,ZH_Generals\W3D.big\Art\W3D\CBTRestrn1_G.w3d,gif,C:\Users\Jeff\Documents\Codex\2026-08-18\in\w3d-animation-production\output\05604--cbtrestrn1-g--5dcd9427\Civilian - Commercial Building - Stan Restaurant 01 - CBTRestrn1_G.gif,51760,0f122d4d2fc19cc6e58edf50becc40edcbf8314c87f5e22ea027cc2fb0ab03b9,C:\Programs\Generals Big Extraction\ZH_Generals\W3D.big\Art\W3D,C:\Programs\Generals Big Extraction\ZH_Generals\W3D.big\Art\W3D\Civilian - Commercial Building - Stan Restaurant 01 - CBTRestrn1_G.gif,new
190,05615--cbtrestrn2-g--86149d75,05615--cbtrestrn2-g--86149d75,1,ZH_Generals\W3D.big\Art\W3D\CBTRestrn2_G.w3d,gif,C:\Users\Jeff\Documents\Codex\2026-08-18\in\w3d-animation-production\output\05615--cbtrestrn2-g--86149d75\Civilian - Commercial Building - Stan Restaurant 02 - CBTRestrn2_G.gif,59271,d07f6ce0444529a59dbc1bd04ec9b5c0838c5700a5b2c60df519b786da469f7f,C:\Programs\Generals Big Extraction\ZH_Generals\W3D.big\Art\W3D,C:\Programs\Generals Big Extraction\ZH_Generals\W3D.big\Art\W3D\Civilian - Commercial Building - Stan Restaurant 02 - CBTRestrn2_G.gif,new
192,05668--cbtsmlrtl2-g--5d7fbcf4,05668--cbtsmlrtl2-g--5d7fbcf4,1,ZH_Generals\W3D.big\Art\W3D\CBTsmlrtl2_G.w3d,gif,C:\Users\Jeff\Documents\Codex\2026-08-18\in\w3d-animation-production\output\05668--cbtsmlrtl2-g--5d7fbcf4\Civilian - Commercial Building - Stan Small Retail 02 - CBTsmlrtl2_G.gif,68776,a32c26d837626f09239b9cd694796e52275886cf1dcf54209b56fc0f844c26af,C:\Programs\Generals Big Extraction\ZH_Generals\W3D.big\Art\W3D,C:\Programs\Generals Big Extraction\ZH_Generals\W3D.big\Art\W3D\Civilian - Commercial Building - Stan Small Retail 02 - CBTsmlrtl2_G.gif,new
193,02157--cbtsmlrtl03-sg--b1c713b5,02157--cbtsmlrtl03-sg--b1c713b5,1,W3DZH.big\Art\W3D\CBTsmlrtl03_SG.w3d,gif,C:\Users\Jeff\Documents\Codex\2026-08-18\in\w3d-animation-production\output\02157--cbtsmlrtl03-sg--b1c713b5\Civilian - Commercial Building - Stan Small Retail 03 - CBTsmlrtl03_SG.gif,81778,7b8852dd421993200f181f25d7fc518283f12f6d468dc8127c926d93f00e8c4a,C:\Programs\Generals Big Extraction\W3DZH.big\Art\W3D,C:\Programs\Generals Big Extraction\W3DZH.big\Art\W3D\Civilian - Commercial Building - Stan Small Retail 03 - CBTsmlrtl03_SG.gif,new
194,04284--cbapt01-g--a85ca883,04284--cbapt01-g--a85ca883,1,ZH_Generals\W3D.big\Art\W3D\CBApt01_G.w3d,gif,C:\Users\Jeff\Documents\Codex\2026-08-18\in\w3d-animation-production\output\04284--cbapt01-g--a85ca883\Civilian - Residential Building - Asia Apartment 02 - CBApt01_G.gif,85217,1e5dc592689f659624d9258702c6832efc8fbcfccc241a01d9e928cdc706e365,C:\Programs\Generals Big Extraction\ZH_Generals\W3D.big\Art\W3D,C:\Programs\Generals Big Extraction\ZH_Generals\W3D.big\Art\W3D\Civilian - Residential Building - Asia Apartment 02 - CBApt01_G.gif,new
195,01074--cbnapart01-dsg--8d41864e,01074--cbnapart01-dsg--8d41864e,1,W3DZH.big\Art\W3D\CBNApart01_DSG.w3d,gif,C:\Users\Jeff\Documents\Codex\2026-08-18\in\w3d-animation-production\output\01074--cbnapart01-dsg--8d41864e\Civilian - Residential Building - Asian Apartment 01 - CBNApart01_DSG.gif,55800,2266ed27a0cc858a80dea4f44374cf73bb1405cfed0f5c3299b9e53186d2ad6a,C:\Programs\Generals Big Extraction\W3DZH.big\Art\W3D,C:\Programs\Generals Big Extraction\W3DZH.big\Art\W3D\Civilian - Residential Building - Asian Apartment 01 - CBNApart01_DSG.gif,new
196,04755--cbnaptcom-g--eaf70e3c,04755--cbnaptcom-g--eaf70e3c,1,ZH_Generals\W3D.big\Art\W3D\CBNAptCom_G.w3d,gif,C:\Users\Jeff\Documents\Codex\2026-08-18\in\w3d-animation-production\output\04755--cbnaptcom-g--eaf70e3c\Civilian - Residential Building - Asian Apartment Complex - CBNAptCom_G.gif,30450,d5417c91776ef9c5aaa6270e605af6c1ea04e65b46089a4ec970d97c0ead4103,C:\Programs\Generals Big Extraction\ZH_Generals\W3D.big\Art\W3D,C:\Programs\Generals Big Extraction\ZH_Generals\W3D.big\Art\W3D\Civilian - Residential Building - Asian Apartment Complex - CBNAptCom_G.gif,new
197,04761--cbnaptsingle-g--746f6bff,04761--cbnaptsingle-g--746f6bff,1,ZH_Generals\W3D.big\Art\W3D\CBNAptSingle_G.w3d,gif,C:\Users\Jeff\Documents\Codex\2026-08-18\in\w3d-animation-production\output\04761--cbnaptsingle-g--746f6bff\Civilian - Residential Building - Asian Apartment Single 01 - CBNAptSingle_G.gif,50132,7ec35659136a7d0019ad2351f48e4090338b6525aca2be2088be6d22eded328f,C:\Programs\Generals Big Extraction\ZH_Generals\W3D.big\Art\W3D,C:\Programs\Generals Big Extraction\ZH_Generals\W3D.big\Art\W3D\Civilian - Residential Building - Asian Apartment Single 01 - CBNAptSingle_G.gif,new
198,04769--cbnaptunit-g--b85eaa4a,04769--cbnaptunit-g--b85eaa4a,1,ZH_Generals\W3D.big\Art\W3D\CBNAptUnit_G.w3d,gif,C:\Users\Jeff\Documents\Codex\2026-08-18\in\w3d-animation-production\output\04769--cbnaptunit-g--b85eaa4a\Civilian - Residential Building - Asian Apartment Unit - CBNAptUnit_G.gif,79056,ec1a4060dbedbbf6ccbe47df6f7c3c9fba909268d5e55d2cb16f107a78b35fcf,C:\Programs\Generals Big Extraction\ZH_Generals\W3D.big\Art\W3D,C:\Programs\Generals Big Extraction\ZH_Generals\W3D.big\Art\W3D\Civilian - Residential Building - Asian Apartment Unit - CBNAptUnit_G.gif,new
199,04869--cbnfarmhse-dg--b5e52642,04869--cbnfarmhse-dg--b5e52642,1,ZH_Generals\W3D.big\Art\W3D\CBNFarmHse_dg.w3d,gif,C:\Users\Jeff\Documents\Codex\2026-08-18\in\w3d-animation-production\output\04869--cbnfarmhse-dg--b5e52642\Civilian - Residential Building - Farm House - CBNFarmHse_dg.gif,65147,6aa827bee3daf73ff0150d7e266a8fbe50a5a91fc1956aa69653401d5583e6d8,C:\Programs\Generals Big Extraction\ZH_Generals\W3D.big\Art\W3D,C:\Programs\Generals Big Extraction\ZH_Generals\W3D.big\Art\W3D\Civilian - Residential Building - Farm House - CBNFarmHse_dg.gif,new
200,05578--cbtownhs01-g--c5bd66ad,05578--cbtownhs01-g--c5bd66ad,1,ZH_Generals\W3D.big\Art\W3D\CBTownHs01_G.w3d,gif,C:\Users\Jeff\Documents\Codex\2026-08-18\in\w3d-animation-production\output\05578--cbtownhs01-g--c5bd66ad\Civilian - Residential Building - German Town House 1 - CBTownHs01_G.gif,58232,6a795911d14653ea9ec7991051937b8186853298a148f3002663b60a226f16bf,C:\Programs\Generals Big Extraction\ZH_Generals\W3D.big\Art\W3D,C:\Programs\Generals Big Extraction\ZH_Generals\W3D.big\Art\W3D\Civilian - Residential Building - German Town House 1 - CBTownHs01_G.gif,new
201,05592--cbtownhs02-g--726f42db,05592--cbtownhs02-g--726f42db,1,ZH_Generals\W3D.big\Art\W3D\CBTownHs02_G.w3d,gif,C:\Users\Jeff\Documents\Codex\2026-08-18\in\w3d-animation-production\output\05592--cbtownhs02-g--726f42db\Civilian - Residential Building - German Town House 2 - CBTownHs02_G.gif,62578,038659b8c32dfee2cdeadecf871fc563e94c3739bf12318510826df881dd37d3,C:\Programs\Generals Big Extraction\ZH_Generals\W3D.big\Art\W3D,C:\Programs\Generals Big Extraction\ZH_Generals\W3D.big\Art\W3D\Civilian - Residential Building - German Town House 2 - CBTownHs02_G.gif,new
202,00816--cbgreek1-g--b11242ad,00816--cbgreek1-g--b11242ad,1,W3DZH.big\Art\W3D\CBGREEK1_G.w3d,gif,C:\Users\Jeff\Documents\Codex\2026-08-18\in\w3d-animation-production\output\00816--cbgreek1-g--b11242ad\Civilian - Residential Building - Greek House 1 - CBGREEK1_G.gif,43369,f73666e695e319990f363e64f15366470b3163f46826c0da7e332067a330e524,C:\Programs\Generals Big Extraction\W3DZH.big\Art\W3D,C:\Programs\Generals Big Extraction\W3DZH.big\Art\W3D\Civilian - Residential Building - Greek House 1 - CBGREEK1_G.gif,new
203,00821--cbgreek2-g--41ba4338,00821--cbgreek2-g--41ba4338,1,W3DZH.big\Art\W3D\CBGREEK2_G.w3d,gif,C:\Users\Jeff\Documents\Codex\2026-08-18\in\w3d-animation-production\output\00821--cbgreek2-g--41ba4338\Civilian - Residential Building - Greek House 2 - CBGREEK2_G.gif,54737,659de337b68998f7ea8e8c8399437b2cfbfa71530307cc7df88de669e839aa4d,C:\Programs\Generals Big Extraction\W3DZH.big\Art\W3D,C:\Programs\Generals Big Extraction\W3DZH.big\Art\W3D\Civilian - Residential Building - Greek House 2 - CBGREEK2_G.gif,new
204,00826--cbgreek3-g--b329ea0a,00826--cbgreek3-g--b329ea0a,1,W3DZH.big\Art\W3D\CBGREEK3_G.w3d,gif,C:\Users\Jeff\Documents\Codex\2026-08-18\in\w3d-animation-production\output\00826--cbgreek3-g--b329ea0a\Civilian - Residential Building - Greek House 3 - CBGREEK3_G.gif,53605,47eea039485cfa745b1a49de371958d2d33828a821a8830b3c56f0b1e682a50f,C:\Programs\Generals Big Extraction\W3DZH.big\Art\W3D,C:\Programs\Generals Big Extraction\W3DZH.big\Art\W3D\Civilian - Residential Building - Greek House 3 - CBGREEK3_G.gif,new
205,02387--cmamhome1-dg--5379c27e,02387--cmamhome1-dg--5379c27e,1,W3DZH.big\Art\W3D\CMAMHOME1_DG.w3d,gif,C:\Users\Jeff\Documents\Codex\2026-08-18\in\w3d-animation-production\output\02387--cmamhome1-dg--5379c27e\Civilian - Residential Building - Home 01 - CMAMHOME1_DG.gif,44658,3ce13390c4fe3bc50d3e812979a24336dd85f24674d03772f6e295a0511ff3f0,C:\Programs\Generals Big Extraction\W3DZH.big\Art\W3D,C:\Programs\Generals Big Extraction\W3DZH.big\Art\W3D\Civilian - Residential Building - Home 01 - CMAMHOME1_DG.gif,new
206,02392--cmamhome2-dg--0b7f80fb,02392--cmamhome2-dg--0b7f80fb,1,W3DZH.big\Art\W3D\CMAMHOME2_DG.w3d,gif,C:\Users\Jeff\Documents\Codex\2026-08-18\in\w3d-animation-production\output\02392--cmamhome2-dg--0b7f80fb\Civilian - Residential Building - Home 02 - CMAMHOME2_DG.gif,39415,c1f1bee33a17e50bd9c043199ec47892d804cc3426d34b1d2f966347d6b86010,C:\Programs\Generals Big Extraction\W3DZH.big\Art\W3D,C:\Programs\Generals Big Extraction\W3DZH.big\Art\W3D\Civilian - Residential Building - Home 02 - CMAMHOME2_DG.gif,new
207,05198--cbtarchse-g--d85e4bfb,05198--cbtarchse-g--d85e4bfb,1,ZH_Generals\W3D.big\Art\W3D\CBTArcHse_G.w3d,gif,C:\Users\Jeff\Documents\Codex\2026-08-18\in\w3d-animation-production\output\05198--cbtarchse-g--d85e4bfb\Civilian - Residential Building - Mogadishu Arched House - CBTArcHse_G.gif,72811,5e7315a23c708c86019823dfd14076a9e4cc3dfdd28f3a7d3c0faddf19b1953d,C:\Programs\Generals Big Extraction\ZH_Generals\W3D.big\Art\W3D,C:\Programs\Generals Big Extraction\ZH_Generals\W3D.big\Art\W3D\Civilian - Residential Building - Mogadishu Arched House - CBTArcHse_G.gif,new
208,04726--cbmogdis08-dg--f5aebfe2,04726--cbmogdis08-dg--f5aebfe2,1,ZH_Generals\W3D.big\Art\W3D\CBMogdis08_dg.w3d,gif,C:\Users\Jeff\Documents\Codex\2026-08-18\in\w3d-animation-production\output\04726--cbmogdis08-dg--f5aebfe2\Civilian - Residential Building - Mogadishu House 01 - CBMogdis08_dg.gif,47842,bd6319e04966d0d713bb116c2842eed23c41d8518dbb5a5ca03c7dc1587a6abe,C:\Programs\Generals Big Extraction\ZH_Generals\W3D.big\Art\W3D,C:\Programs\Generals Big Extraction\ZH_Generals\W3D.big\Art\W3D\Civilian - Residential Building - Mogadishu House 01 - CBMogdis08_dg.gif,new
209,01808--cbthouse01-sg--b293e6fb,01808--cbthouse01-sg--b293e6fb,1,W3DZH.big\Art\W3D\CBTHouse01_SG.w3d,gif,C:\Users\Jeff\Documents\Codex\2026-08-18\in\w3d-animation-production\output\01808--cbthouse01-sg--b293e6fb\Civilian - Residential Building - Mogadishu House 02 - CBTHouse01_SG.gif,65348,144ab0936f4a49d8190b50d047ccd779895f9323282f79d9bfaf2d3ef61e1d9f,C:\Programs\Generals Big Extraction\W3DZH.big\Art\W3D,C:\Programs\Generals Big Extraction\W3DZH.big\Art\W3D\Civilian - Residential Building - Mogadishu House 02 - CBTHouse01_SG.gif,new
210,05331--cbthouse03-g--66a6eb90,05331--cbthouse03-g--66a6eb90,1,ZH_Generals\W3D.big\Art\W3D\CBTHouse03_G.w3d,gif,C:\Users\Jeff\Documents\Codex\2026-08-18\in\w3d-animation-production\output\05331--cbthouse03-g--66a6eb90\Civilian - Residential Building - Mogadishu House 03 - CBTHouse03_G.gif,49851,874c2f019282df1881a5d9949bcda3fba53e73555adf759dacd9668d1ff7574d,C:\Programs\Generals Big Extraction\ZH_Generals\W3D.big\Art\W3D,C:\Programs\Generals Big Extraction\ZH_Generals\W3D.big\Art\W3D\Civilian - Residential Building - Mogadishu House 03 - CBTHouse03_G.gif,new
211,05343--cbthouse04-g--9da97bd7,05343--cbthouse04-g--9da97bd7,1,ZH_Generals\W3D.big\Art\W3D\CBTHouse04_G.w3d,gif,C:\Users\Jeff\Documents\Codex\2026-08-18\in\w3d-animation-production\output\05343--cbthouse04-g--9da97bd7\Civilian - Residential Building - Mogadishu House 04 - CBTHouse04_G.gif,59050,7802d0295d0b971ed31b6060bd944d70aecb97f65afca96f58f35e17f598ae24,C:\Programs\Generals Big Extraction\ZH_Generals\W3D.big\Art\W3D,C:\Programs\Generals Big Extraction\ZH_Generals\W3D.big\Art\W3D\Civilian - Residential Building - Mogadishu House 04 - CBTHouse04_G.gif,new
212,05358--cbthouse05-g--8d935260,05358--cbthouse05-g--8d935260,1,ZH_Generals\W3D.big\Art\W3D\CBTHouse05_G.w3d,gif,C:\Users\Jeff\Documents\Codex\2026-08-18\in\w3d-animation-production\output\05358--cbthouse05-g--8d935260\Civilian - Residential Building - Mogadishu House 05 - CBTHouse05_G.gif,56728,0be5e25dc71e337ae1d05db7f04f74a90a56ce438b1f40961313bf3f2ad3b7df,C:\Programs\Generals Big Extraction\ZH_Generals\W3D.big\Art\W3D,C:\Programs\Generals Big Extraction\ZH_Generals\W3D.big\Art\W3D\Civilian - Residential Building - Mogadishu House 05 - CBTHouse05_G.gif,new
213,05372--cbthouse06-g--1408aac9,05372--cbthouse06-g--1408aac9,1,ZH_Generals\W3D.big\Art\W3D\CBTHouse06_G.w3d,gif,C:\Users\Jeff\Documents\Codex\2026-08-18\in\w3d-animation-production\output\05372--cbthouse06-g--1408aac9\Civilian - Residential Building - Mogadishu House 06 - CBTHouse06_G.gif,50782,50c8a3b7125d99d00df51277aa4d7ba5ec0133ce5db2345e1d0d5d621c39437e,C:\Programs\Generals Big Extraction\ZH_Generals\W3D.big\Art\W3D,C:\Programs\Generals Big Extraction\ZH_Generals\W3D.big\Art\W3D\Civilian - Residential Building - Mogadishu House 06 - CBTHouse06_G.gif,new
214,05383--cbthouse07-g--df265d59,05383--cbthouse07-g--df265d59,1,ZH_Generals\W3D.big\Art\W3D\CBTHouse07_G.w3d,gif,C:\Users\Jeff\Documents\Codex\2026-08-18\in\w3d-animation-production\output\05383--cbthouse07-g--df265d59\Civilian - Residential Building - Mogadishu House 07 - CBTHouse07_G.gif,42270,d3428d518c5e07fd5f1add26325b220787c04d5538f911e6af0e73c6f3955307,C:\Programs\Generals Big Extraction\ZH_Generals\W3D.big\Art\W3D,C:\Programs\Generals Big Extraction\ZH_Generals\W3D.big\Art\W3D\Civilian - Residential Building - Mogadishu House 07 - CBTHouse07_G.gif,new
215,05391--cbthouse08-g--a8cd5aba,05391--cbthouse08-g--a8cd5aba,1,ZH_Generals\W3D.big\Art\W3D\CBTHouse08_G.w3d,gif,C:\Users\Jeff\Documents\Codex\2026-08-18\in\w3d-animation-production\output\05391--cbthouse08-g--a8cd5aba\Civilian - Residential Building - Mogadishu House 08 - CBTHouse08_G.gif,49110,278ed9683e683a7592694428e07c7b40a5ed82a0617ca57ad083691ae33d60c7,C:\Programs\Generals Big Extraction\ZH_Generals\W3D.big\Art\W3D,C:\Programs\Generals Big Extraction\ZH_Generals\W3D.big\Art\W3D\Civilian - Residential Building - Mogadishu House 08 - CBTHouse08_G.gif,new
216,01895--cbthouse09-sg--83545370,01895--cbthouse09-sg--83545370,1,W3DZH.big\Art\W3D\CBTHouse09_SG.w3d,gif,C:\Users\Jeff\Documents\Codex\2026-08-18\in\w3d-animation-production\output\01895--cbthouse09-sg--83545370\Civilian - Residential Building - Mogadishu House 09 - CBTHouse09_SG.gif,61117,d93faa8c1811aff09a38350ee83988c92101e7835313c23eeac82d80b04ed13f,C:\Programs\Generals Big Extraction\W3DZH.big\Art\W3D,C:\Programs\Generals Big Extraction\W3DZH.big\Art\W3D\Civilian - Residential Building - Mogadishu House 09 - CBTHouse09_SG.gif,new
217,05410--cbthouse10-g--18ea7e4d,05410--cbthouse10-g--18ea7e4d,1,ZH_Generals\W3D.big\Art\W3D\CBTHouse10_G.w3d,gif,C:\Users\Jeff\Documents\Codex\2026-08-18\in\w3d-animation-production\output\05410--cbthouse10-g--18ea7e4d\Civilian - Residential Building - Mogadishu House 10 - CBTHouse10_G.gif,92961,507bc5a26daf3ffc4b58044bf16b2399af8e11db3175ffa2c9cb5e6bc1d1e45f,C:\Programs\Generals Big Extraction\ZH_Generals\W3D.big\Art\W3D,C:\Programs\Generals Big Extraction\ZH_Generals\W3D.big\Art\W3D\Civilian - Residential Building - Mogadishu House 10 - CBTHouse10_G.gif,new
218,01921--cbthouse11-sng--fdfcf84d,01921--cbthouse11-sng--fdfcf84d,1,W3DZH.big\Art\W3D\CBTHouse11_sng.w3d,gif,C:\Users\Jeff\Documents\Codex\2026-08-18\in\w3d-animation-production\output\01921--cbthouse11-sng--fdfcf84d\Civilian - Residential Building - Mogadishu House 11 - CBTHouse11_sng.gif,79995,73a500a587d71f46b70d9eb0d3f366adf6b3356f03f48a075725e642fafa1514,C:\Programs\Generals Big Extraction\W3DZH.big\Art\W3D,C:\Programs\Generals Big Extraction\W3DZH.big\Art\W3D\Civilian - Residential Building - Mogadishu House 11 - CBTHouse11_sng.gif,new
219,05432--cbthouse12-g--b997280f,05432--cbthouse12-g--b997280f,1,ZH_Generals\W3D.big\Art\W3D\CBTHouse12_G.w3d,gif,C:\Users\Jeff\Documents\Codex\2026-08-18\in\w3d-animation-production\output\05432--cbthouse12-g--b997280f\Civilian - Residential Building - Mogadishu House 12 - CBTHouse12_G.gif,45295,2b2e8820b03b73838a1b3f396c065fbdb8c8011146228565ca611f807232a130,C:\Programs\Generals Big Extraction\ZH_Generals\W3D.big\Art\W3D,C:\Programs\Generals Big Extraction\ZH_Generals\W3D.big\Art\W3D\Civilian - Residential Building - Mogadishu House 12 - CBTHouse12_G.gif,new
220,05440--cbthouse13-dng--4357306d,05440--cbthouse13-dng--4357306d,1,ZH_Generals\W3D.big\Art\W3D\CBTHouse13_DNG.w3d,gif,C:\Users\Jeff\Documents\Codex\2026-08-18\in\w3d-animation-production\output\05440--cbthouse13-dng--4357306d\Civilian - Residential Building - Mogadishu House 13 - CBTHouse13_DNG.gif,38576,ebb5c1a2dbfa7a87a332505262e3c9113a61fa11cac4119402e92e458ce04929,C:\Programs\Generals Big Extraction\ZH_Generals\W3D.big\Art\W3D,C:\Programs\Generals Big Extraction\ZH_Generals\W3D.big\Art\W3D\Civilian - Residential Building - Mogadishu House 13 - CBTHouse13_DNG.gif,new
221,05450--cbthouse15-g--b4f81026,05450--cbthouse15-g--b4f81026,1,ZH_Generals\W3D.big\Art\W3D\CBTHouse15_G.w3d,gif,C:\Users\Jeff\Documents\Codex\2026-08-18\in\w3d-animation-production\output\05450--cbthouse15-g--b4f81026\Civilian - Residential Building - Mogadishu House 15 - CBTHouse15_G.gif,80104,d23c5b35a5db9d7029969985659b61714018e483bc4a9e14f86e4e947d5e5e9d,C:\Programs\Generals Big Extraction\ZH_Generals\W3D.big\Art\W3D,C:\Programs\Generals Big Extraction\ZH_Generals\W3D.big\Art\W3D\Civilian - Residential Building - Mogadishu House 15 - CBTHouse15_G.gif,new
222,05457--cbthouse16-g--a1c5b84d,05457--cbthouse16-g--a1c5b84d,1,ZH_Generals\W3D.big\Art\W3D\CBTHouse16_G.w3d,gif,C:\Users\Jeff\Documents\Codex\2026-08-18\in\w3d-animation-production\output\05457--cbthouse16-g--a1c5b84d\Civilian - Residential Building - Mogadishu House 16 - CBTHouse16_G.gif,80407,d3f11bf7252ea42e5ee862e820d7cc0106c2851b42a727fd5219822b4c137a28,C:\Programs\Generals Big Extraction\ZH_Generals\W3D.big\Art\W3D,C:\Programs\Generals Big Extraction\ZH_Generals\W3D.big\Art\W3D\Civilian - Residential Building - Mogadishu House 16 - CBTHouse16_G.gif,new
223,05465--cbthouse17-g--013711df,05465--cbthouse17-g--013711df,1,ZH_Generals\W3D.big\Art\W3D\CBTHouse17_G.w3d,gif,C:\Users\Jeff\Documents\Codex\2026-08-18\in\w3d-animation-production\output\05465--cbthouse17-g--013711df\Civilian - Residential Building - Mogadishu House 17 - CBTHouse17_G.gif,66323,cc2ed191b7def61a248ed69d89070bd3bbf1e3e1ec75314c44a2233e925b98dc,C:\Programs\Generals Big Extraction\ZH_Generals\W3D.big\Art\W3D,C:\Programs\Generals Big Extraction\ZH_Generals\W3D.big\Art\W3D\Civilian - Residential Building - Mogadishu House 17 - CBTHouse17_G.gif,new
224,05006--cbnriverho-dg--e2611aa2,05006--cbnriverho-dg--e2611aa2,1,ZH_Generals\W3D.big\Art\W3D\CBNRiverHo_dg.w3d,gif,C:\Users\Jeff\Documents\Codex\2026-08-18\in\w3d-animation-production\output\05006--cbnriverho-dg--e2611aa2\Civilian - Residential Building - River House 01 - CBNRiverHo_dg.gif,81081,2af498eebb80ce62c9e7d53217a06c77d914184a7d0ac5fd3514771810125acf,C:\Programs\Generals Big Extraction\ZH_Generals\W3D.big\Art\W3D,C:\Programs\Generals Big Extraction\ZH_Generals\W3D.big\Art\W3D\Civilian - Residential Building - River House 01 - CBNRiverHo_dg.gif,new
225,01377--cbnriverh2-dsg--68ca7ba4,01377--cbnriverh2-dsg--68ca7ba4,1,W3DZH.big\Art\W3D\CBNRiverH2_dsg.w3d,gif,C:\Users\Jeff\Documents\Codex\2026-08-18\in\w3d-animation-production\output\01377--cbnriverh2-dsg--68ca7ba4\Civilian - Residential Building - River House 02 - CBNRiverH2_dsg.gif,60257,7b4b14f3b5ceb41011f7a660f2bf039d80150d558dfb4dc1d03b824611ba163b,C:\Programs\Generals Big Extraction\W3DZH.big\Art\W3D,C:\Programs\Generals Big Extraction\W3DZH.big\Art\W3D\Civilian - Residential Building - River House 02 - CBNRiverH2_dsg.gif,new
226,05170--cbtaprtmn1-g--d0444e6d,05170--cbtaprtmn1-g--d0444e6d,1,ZH_Generals\W3D.big\Art\W3D\CBTAprtmn1_G.w3d,gif,C:\Users\Jeff\Documents\Codex\2026-08-18\in\w3d-animation-production\output\05170--cbtaprtmn1-g--d0444e6d\Civilian - Residential Building - Stan Apartment 01 - CBTAprtmn1_G.gif,71893,cdb27d4094944b9390bd02eb0617dc7b5f71bffb6bfa692ef826f723bc8dea83,C:\Programs\Generals Big Extraction\ZH_Generals\W3D.big\Art\W3D,C:\Programs\Generals Big Extraction\ZH_Generals\W3D.big\Art\W3D\Civilian - Residential Building - Stan Apartment 01 - CBTAprtmn1_G.gif,new
227,05187--cbtaprtmn2-g--7f155410,05187--cbtaprtmn2-g--7f155410,1,ZH_Generals\W3D.big\Art\W3D\CBTAprtmn2_G.w3d,gif,C:\Users\Jeff\Documents\Codex\2026-08-18\in\w3d-animation-production\output\05187--cbtaprtmn2-g--7f155410\Civilian - Residential Building - Stan Apartment 02 - CBTAprtmn2_G.gif,81957,4d525f91eebc86036b0f4e10af223203f6d77252f3a78da77ab966c6d1172dbd,C:\Programs\Generals Big Extraction\ZH_Generals\W3D.big\Art\W3D,C:\Programs\Generals Big Extraction\ZH_Generals\W3D.big\Art\W3D\Civilian - Residential Building - Stan Apartment 02 - CBTAprtmn2_G.gif,new
228,04750--cbnaptbuil-g--4c51931f,04750--cbnaptbuil-g--4c51931f,1,ZH_Generals\W3D.big\Art\W3D\CBNAptBuil_G.w3d,gif,C:\Users\Jeff\Documents\Codex\2026-08-18\in\w3d-animation-production\output\04750--cbnaptbuil-g--4c51931f\Civilian - Residential Building - Stan Apartment Single 01 - CBNAptBuil_G.gif,59861,350a504df50ccb80c9f08774ee5d7515fc385b52bbb32064b15c5f12fb049d00,C:\Programs\Generals Big Extraction\ZH_Generals\W3D.big\Art\W3D,C:\Programs\Generals Big Extraction\ZH_Generals\W3D.big\Art\W3D\Civilian - Residential Building - Stan Apartment Single 01 - CBNAptBuil_G.gif,new
229,05621--cbtschlhs-dg--d91afe44,05621--cbtschlhs-dg--d91afe44,1,ZH_Generals\W3D.big\Art\W3D\CBTSchlhs_dg.w3d,gif,C:\Users\Jeff\Documents\Codex\2026-08-18\in\w3d-animation-production\output\05621--cbtschlhs-dg--d91afe44\Civilian - Residential Building - Stan Schoolhouse 02 - CBTSchlhs_dg.gif,40520,328aa179f5088cc3681ecf1b098b57101288c89a696243d03f5c6f5599985d9c,C:\Programs\Generals Big Extraction\ZH_Generals\W3D.big\Art\W3D,C:\Programs\Generals Big Extraction\ZH_Generals\W3D.big\Art\W3D\Civilian - Residential Building - Stan Schoolhouse 02 - CBTSchlhs_dg.gif,new
230,01481--cbntmhvfh-g--e02eaa4e,01481--cbntmhvfh-g--e02eaa4e,1,W3DZH.big\Art\W3D\CBNTmHvFH_G.w3d,gif,C:\Users\Jeff\Documents\Codex\2026-08-18\in\w3d-animation-production\output\01481--cbntmhvfh-g--e02eaa4e\Civilian - Residential Building - Temple Of Heaven Front House - CBNTmHvFH_G.gif,54188,69561d28ae25fe8c669d32f8e059cf9c0e67c8a8092d99ed2273f15faea1360a,C:\Programs\Generals Big Extraction\W3DZH.big\Art\W3D,C:\Programs\Generals Big Extraction\W3DZH.big\Art\W3D\Civilian - Residential Building - Temple Of Heaven Front House - CBNTmHvFH_G.gif,new
231,01487--cbntmhvgt-g--32eebc9e,01487--cbntmhvgt-g--32eebc9e,1,W3DZH.big\Art\W3D\CBNTmHvGT_G.w3d,gif,C:\Users\Jeff\Documents\Codex\2026-08-18\in\w3d-animation-production\output\01487--cbntmhvgt-g--32eebc9e\Civilian - Residential Building - Temple Of Heaven Gate House - CBNTmHvGT_G.gif,74975,1a94ef8252ba544a3e4e24844a44557dd06c5fe192b36012bfee037ccdfb3186,C:\Programs\Generals Big Extraction\W3DZH.big\Art\W3D,C:\Programs\Generals Big Extraction\W3DZH.big\Art\W3D\Civilian - Residential Building - Temple Of Heaven Gate House - CBNTmHvGT_G.gif,new
232,01501--cbntmhvsh-g--4a57cb08,01501--cbntmhvsh-g--4a57cb08,1,W3DZH.big\Art\W3D\CBNTmHvSH_G.w3d,gif,C:\Users\Jeff\Documents\Codex\2026-08-18\in\w3d-animation-production\output\01501--cbntmhvsh-g--4a57cb08\Civilian - Residential Building - Temple Of Heaven Side House - CBNTmHvSH_G.gif,33648,8a3f141c1b2eec06b5107729d8a404537342ea2e7270140adb16145962c8c736,C:\Programs\Generals Big Extraction\W3DZH.big\Art\W3D,C:\Programs\Generals Big Extraction\W3DZH.big\Art\W3D\Civilian - Residential Building - Temple Of Heaven Side House - CBNTmHvSH_G.gif,new
233,05761--cbwrfwhrs1-dg--ebf83957,05761--cbwrfwhrs1-dg--ebf83957,1,ZH_Generals\W3D.big\Art\W3D\CBWrFWhrs1_dg.w3d,gif,C:\Users\Jeff\Documents\Codex\2026-08-18\in\w3d-animation-production\output\05761--cbwrfwhrs1-dg--ebf83957\Civilian - Residential Building - Waterfront Wherehouse 01 - CBWrFWhrs1_dg.gif,34108,56ac556df67a28309e4710d2c3c2f4e688c653f8652bbea073253e466cbf4f49,C:\Programs\Generals Big Extraction\ZH_Generals\W3D.big\Art\W3D,C:\Programs\Generals Big Extraction\ZH_Generals\W3D.big\Art\W3D\Civilian - Residential Building - Waterfront Wherehouse 01 - CBWrFWhrs1_dg.gif,new
234,05750--cbwfrwhrs2-dg--382d8c50,05750--cbwfrwhrs2-dg--382d8c50,1,ZH_Generals\W3D.big\Art\W3D\CBWFrWhrs2_DG.w3d,gif,C:\Users\Jeff\Documents\Codex\2026-08-18\in\w3d-animation-production\output\05750--cbwfrwhrs2-dg--382d8c50\Civilian - Residential Building - Waterfront Wherehouse 02 - CBWFrWhrs2_DG.gif,52300,783af5f4538217508ec531d57285b854873d3b8e067a303e3e92d8b1ad9e4392,C:\Programs\Generals Big Extraction\ZH_Generals\W3D.big\Art\W3D,C:\Programs\Generals Big Extraction\ZH_Generals\W3D.big\Art\W3D\Civilian - Residential Building - Waterfront Wherehouse 02 - CBWFrWhrs2_DG.gif,new
235,03017--pmouthouse01-g--f2f365d2,03017--pmouthouse01-g--f2f365d2,1,W3DZH.big\Art\W3D\pmouthouse01_g.w3d,gif,C:\Users\Jeff\Documents\Codex\2026-08-18\in\w3d-animation-production\output\03017--pmouthouse01-g--f2f365d2\Environment - Base Building - Outhouse 01 - pmouthouse01_g.gif,103703,72897d867e05d8e9c6d9257e9a56aca61aac2c4d96efbc48e489c1457174619d,C:\Programs\Generals Big Extraction\W3DZH.big\Art\W3D,C:\Programs\Generals Big Extraction\W3DZH.big\Art\W3D\Environment - Base Building - Outhouse 01 - pmouthouse01_g.gif,new
236,03020--pmouthouse02-g--afde52eb,03020--pmouthouse02-g--afde52eb,1,W3DZH.big\Art\W3D\pmouthouse02_g.w3d,gif,C:\Users\Jeff\Documents\Codex\2026-08-18\in\w3d-animation-production\output\03020--pmouthouse02-g--afde52eb\Environment - Base Building - Outhouse 02 - pmouthouse02_g.gif,104203,0d151f7e1a9f08026f82023394928d57c309fdebf54124125629f419e2623bdd,C:\Programs\Generals Big Extraction\W3DZH.big\Art\W3D,C:\Programs\Generals Big Extraction\W3DZH.big\Art\W3D\Environment - Base Building - Outhouse 02 - pmouthouse02_g.gif,new
238,06628--pmchkpnt02-d--bf359356,06628--pmchkpnt02-d--bf359356,1,ZH_Generals\W3D.big\Art\W3D\PMChkPnt02_D.w3d,gif,C:\Users\Jeff\Documents\Codex\2026-08-18\in\w3d-animation-production\output\06628--pmchkpnt02-d--bf359356\Environment - Prop - Check Point Crossing Guard - PMChkPnt02_D.gif,47113,58b5ea488949abcece69ec2a90b70230a30ccbafe0b0f813b2410dcd25b53658,C:\Programs\Generals Big Extraction\ZH_Generals\W3D.big\Art\W3D,C:\Programs\Generals Big Extraction\ZH_Generals\W3D.big\Art\W3D\Environment - Prop - Check Point Crossing Guard - PMChkPnt02_D.gif,new
239,05841--pmclthln--17c264cb,05841--pmclthln--17c264cb,1,ZH_Generals\W3D.big\Art\W3D\Clothes Line - PMClthLn.w3d,gif,C:\Users\Jeff\Documents\Codex\2026-08-18\in\w3d-animation-production\output\05841--pmclthln--17c264cb\Environment - Prop - Clothes Line - PMClthLn.gif,259462,52f35ad5d3c2e2e1be0693d32684fc7baa46bc0b31c51b439cd6d62a2dcfcdea,C:\Programs\Generals Big Extraction\ZH_Generals\W3D.big\Art\W3D,C:\Programs\Generals Big Extraction\ZH_Generals\W3D.big\Art\W3D\Environment - Prop - Clothes Line - PMClthLn.gif,new
240,06896--pmrrsign--8617d215,06896--pmrrsign--8617d215,1,ZH_Generals\W3D.big\Art\W3D\RR Sign - PMRRSign.w3d,gif,C:\Users\Jeff\Documents\Codex\2026-08-18\in\w3d-animation-production\output\06896--pmrrsign--8617d215\Environment - Prop - RR Sign - PMRRSign.gif,29722,5c68c0504a38417138f5edc01e702a2578124e73645a815b8eaa276b723d984c,C:\Programs\Generals Big Extraction\ZH_Generals\W3D.big\Art\W3D,C:\Programs\Generals Big Extraction\ZH_Generals\W3D.big\Art\W3D\Environment - Prop - RR Sign - PMRRSign.gif,new
241,03041--pmsprinklr-d--3ef504cc,03041--pmsprinklr-d--3ef504cc,1,W3DZH.big\Art\W3D\PMSprinklr_d.w3d,gif,C:\Users\Jeff\Documents\Codex\2026-08-18\in\w3d-animation-production\output\03041--pmsprinklr-d--3ef504cc\Environment - Prop - Sprinkler - PMSprinklr_d.gif,43605,1ea646aa302441bcd16e2174d60214df4025da79717036d942c1ef52344c564b,C:\Programs\Generals Big Extraction\W3DZH.big\Art\W3D,C:\Programs\Generals Big Extraction\W3DZH.big\Art\W3D\Environment - Prop - Sprinkler - PMSprinklr_d.gif,new
242,06975--pmswing--a3933006,06975--pmswing--a3933006,1,ZH_Generals\W3D.big\Art\W3D\Swing - PMSwing.w3d,gif,C:\Users\Jeff\Documents\Codex\2026-08-18\in\w3d-animation-production\output\06975--pmswing--a3933006\Environment - Prop - Swing - PMSwing.gif,363259,4df091e7b13a630c340130d5b9abef8113719d61def6b7e290f5bbc585dc7593,C:\Programs\Generals Big Extraction\ZH_Generals\W3D.big\Art\W3D,C:\Programs\Generals Big Extraction\ZH_Generals\W3D.big\Art\W3D\Environment - Prop - Swing - PMSwing.gif,new
243,03058--pmtorch-n--ef136a40,03058--pmtorch-n--ef136a40,1,W3DZH.big\Art\W3D\PMTORCH_N.w3d,gif,C:\Users\Jeff\Documents\Codex\2026-08-18\in\w3d-animation-production\output\03058--pmtorch-n--ef136a40\Environment - Prop - Torches - PMTORCH_N.gif,49555,0c856ba0d66040f8d94586310376c8749627e619d3fc3b26df968cac7e66637b,C:\Programs\Generals Big Extraction\W3DZH.big\Art\W3D,C:\Programs\Generals Big Extraction\W3DZH.big\Art\W3D\Environment - Prop - Torches - PMTORCH_N.gif,new
244,03095--pmtrnfrmer2-d--c1cc922f,03095--pmtrnfrmer2-d--c1cc922f,1,W3DZH.big\Art\W3D\PMTrnfrmer2_d.w3d,gif,C:\Users\Jeff\Documents\Codex\2026-08-18\in\w3d-animation-production\output\03095--pmtrnfrmer2-d--c1cc922f\Environment - Prop - Trnfrmer 2 - PMTrnfrmer2_d.gif,72017,22fcf0d5079767299983a0d8e859b28051aac6ec6ec1838b82ca223bfe1ea67a,C:\Programs\Generals Big Extraction\W3DZH.big\Art\W3D,C:\Programs\Generals Big Extraction\W3DZH.big\Art\W3D\Environment - Prop - Trnfrmer 2 - PMTrnfrmer2_d.gif,new
245,03098--pmuncrate--fad3af0b,03098--pmuncrate--fad3af0b,1,W3DZH.big\Art\W3D\PMUNCrate.w3d,gif,C:\Users\Jeff\Documents\Codex\2026-08-18\in\w3d-animation-production\output\03098--pmuncrate--fad3af0b\Environment - Prop - UN Crate - PMUNCrate.gif,69660,5123386af4b999b1ac55e9b828a2f882c7d64e74e6c555ffc86d60861b876c2c,C:\Programs\Generals Big Extraction\W3DZH.big\Art\W3D,C:\Programs\Generals Big Extraction\W3DZH.big\Art\W3D\Environment - Prop - UN Crate - PMUNCrate.gif,new
246,03099--pmuncrate02--2787f814,03099--pmuncrate02--2787f814,1,W3DZH.big\Art\W3D\PMUNCrate02.w3d,gif,C:\Users\Jeff\Documents\Codex\2026-08-18\in\w3d-animation-production\output\03099--pmuncrate02--2787f814\Environment - Prop - UN Crate 02 - PMUNCrate02.gif,64971,66cb4a7dc3b45b6a7f138a112b423a475f3be4e977b6970089ca64411c4e0e03,C:\Programs\Generals Big Extraction\W3DZH.big\Art\W3D,C:\Programs\Generals Big Extraction\W3DZH.big\Art\W3D\Environment - Prop - UN Crate 02 - PMUNCrate02.gif,new
247,06099--uvcargopln--ef932146,06099--uvcargopln--ef932146,1,ZH_Generals\W3D.big\Art\W3D\GLA Jet Cargo Plane - UVCargoPln.w3d,gif,C:\Users\Jeff\Documents\Codex\2026-08-18\in\w3d-animation-production\output\06099--uvcargopln--ef932146\GLA - Aviation - Cargo Plane - UVCargoPln.gif,82314,e315b35a7002af7b2291351944304cd936b274232eb3ddc9047f7ac5fd068bda,C:\Programs\Generals Big Extraction\ZH_Generals\W3D.big\Art\W3D,C:\Programs\Generals Big Extraction\ZH_Generals\W3D.big\Art\W3D\GLA - Aviation - Cargo Plane - UVCargoPln.gif,new
248,07261--uvcargopln-d--cf903085,07261--uvcargopln-d--cf903085,1,ZH_Generals\W3D.big\Art\W3D\UVCargoPln_d.w3d,gif,C:\Users\Jeff\Documents\Codex\2026-08-18\in\w3d-animation-production\output\07261--uvcargopln-d--cf903085\GLA - Aviation - Cargo Plane - UVCargoPln_d.gif,84163,9c526b8c285c98fe3f200ebfb51e95dd24afb0be36875a30491b99379ce96ea0,C:\Programs\Generals Big Extraction\ZH_Generals\W3D.big\Art\W3D,C:\Programs\Generals Big Extraction\ZH_Generals\W3D.big\Art\W3D\GLA - Aviation - Cargo Plane - UVCargoPln_d.gif,new
249,03223--ubarfrccmd--96ad834b,03223--ubarfrccmd--96ad834b,1,W3DZH.big\Art\W3D\UBArFrcCmd.w3d,gif,C:\Users\Jeff\Documents\Codex\2026-08-18\in\w3d-animation-production\output\03223--ubarfrccmd--96ad834b\GLA - Base Building - Ar Frc Cmd - UBArFrcCmd.gif,54381,c2cd96e2fe6d5ccb12fe18a42ee95eec1af49b19beec10f1bf0e859b8fb52b24,C:\Programs\Generals Big Extraction\W3DZH.big\Art\W3D,C:\Programs\Generals Big Extraction\W3DZH.big\Art\W3D\GLA - Base Building - Ar Frc Cmd - UBArFrcCmd.gif,new
252,03235--ubarmdealf--e8a0334d,03235--ubarmdealf--e8a0334d,1,W3DZH.big\Art\W3D\UBArmDealF.w3d,gif,C:\Users\Jeff\Documents\Codex\2026-08-18\in\w3d-animation-production\output\03235--ubarmdealf--e8a0334d\GLA - Base Building - Arm Deal F - UBArmDealF.gif,116570,658eff2c7138957c58a5c7ab7558ef34841effd01657a0b50ba5b9de27ef7400,C:\Programs\Generals Big Extraction\W3DZH.big\Art\W3D,C:\Programs\Generals Big Extraction\W3DZH.big\Art\W3D\GLA - Base Building - Arm Deal F - UBArmDealF.gif,new
253,03237--ubarmdealf-ns--322be28e,03237--ubarmdealf-ns--322be28e,1,W3DZH.big\Art\W3D\UBArmDealF_NS.w3d,gif,C:\Users\Jeff\Documents\Codex\2026-08-18\in\w3d-animation-production\output\03237--ubarmdealf-ns--322be28e\GLA - Base Building - Arm Deal F NS - UBArmDealF_NS.gif,112329,62b7aa2becb61707fe9282d235a9c9c36233c76c2878d019d9f429b1a1481a71,C:\Programs\Generals Big Extraction\W3DZH.big\Art\W3D,C:\Programs\Generals Big Extraction\W3DZH.big\Art\W3D\GLA - Base Building - Arm Deal F NS - UBArmDealF_NS.gif,new
254,03275--ubblackmktf--30bb65ea,03275--ubblackmktf--30bb65ea,1,W3DZH.big\Art\W3D\UBBlackMktF.w3d,gif,C:\Users\Jeff\Documents\Codex\2026-08-18\in\w3d-animation-production\output\03275--ubblackmktf--30bb65ea\GLA - Base Building - Black Mkt F - UBBlackMktF.gif,337800,6f718acad9e59bd7fc9e57c7d165be71f2ae6c718ff7a18f079d2a019defc6a8,C:\Programs\Generals Big Extraction\W3DZH.big\Art\W3D,C:\Programs\Generals Big Extraction\W3DZH.big\Art\W3D\GLA - Base Building - Black Mkt F - UBBlackMktF.gif,new
255,03277--ubblackmktf-ns--7535ea57,03277--ubblackmktf-ns--7535ea57,1,W3DZH.big\Art\W3D\UBBlackMktF_NS.w3d,gif,C:\Users\Jeff\Documents\Codex\2026-08-18\in\w3d-animation-production\output\03277--ubblackmktf-ns--7535ea57\GLA - Base Building - Black Mkt F NS - UBBlackMktF_NS.gif,362795,cfe73728eb5fae355631bc33a42bd54200b1b00316440d7afd3c298c2723c083,C:\Programs\Generals Big Extraction\W3DZH.big\Art\W3D,C:\Programs\Generals Big Extraction\W3DZH.big\Art\W3D\GLA - Base Building - Black Mkt F NS - UBBlackMktF_NS.gif,new
256,03296--ubcmdcg--5dcc6174,03296--ubcmdcg--5dcc6174,1,W3DZH.big\Art\W3D\UBCmdCG.w3d,gif,C:\Users\Jeff\Documents\Codex\2026-08-18\in\w3d-animation-production\output\03296--ubcmdcg--5dcc6174\GLA - Base Building - Cmd CG - UBCmdCG.gif,124449,f56f3cd4fcbb36bada4f97ce10eb1f49204cb55e7fe8f52033eb23860d1676a6,C:\Programs\Generals Big Extraction\W3DZH.big\Art\W3D,C:\Programs\Generals Big Extraction\W3DZH.big\Art\W3D\GLA - Base Building - Cmd CG - UBCmdCG.gif,new
257,03297--ubcmdexg--b1268fba,03297--ubcmdexg--b1268fba,1,W3DZH.big\Art\W3D\UBCmdEXG.w3d,gif,C:\Users\Jeff\Documents\Codex\2026-08-18\in\w3d-animation-production\output\03297--ubcmdexg--b1268fba\GLA - Base Building - Cmd EXG - UBCmdEXG.gif,169811,64f748b73f74d6cb2d992043e10c06c31ffe314959694e13ac2de95fc3b71661,C:\Programs\Generals Big Extraction\W3DZH.big\Art\W3D,C:\Programs\Generals Big Extraction\W3DZH.big\Art\W3D\GLA - Base Building - Cmd EXG - UBCmdEXG.gif,new
258,03362--ubcmdhqf--9a7763bc,03362--ubcmdhqf--9a7763bc,1,W3DZH.big\Art\W3D\UBCmdHQF.w3d,gif,C:\Users\Jeff\Documents\Codex\2026-08-18\in\w3d-animation-production\output\03362--ubcmdhqf--9a7763bc\GLA - Base Building - Cmd HQF - UBCmdHQF.gif,159310,bae7490fe5837c96b557ad6121f30763ce3f3a377f2edaf51af135beb60be0f1,C:\Programs\Generals Big Extraction\W3DZH.big\Art\W3D,C:\Programs\Generals Big Extraction\W3DZH.big\Art\W3D\GLA - Base Building - Cmd HQF - UBCmdHQF.gif,new
259,03364--ubcmdhqf-ns--f015dff8,03364--ubcmdhqf-ns--f015dff8,1,W3DZH.big\Art\W3D\UBCmdHQF_NS.w3d,gif,C:\Users\Jeff\Documents\Codex\2026-08-18\in\w3d-animation-production\output\03364--ubcmdhqf-ns--f015dff8\GLA - Base Building - Cmd HQF NS - UBCmdHQF_NS.gif,114337,dec7c51ba1a4bdd613ded48a9a19a15485c514e6bd782572f5c14b63cfd39753,C:\Programs\Generals Big Extraction\W3DZH.big\Art\W3D,C:\Programs\Generals Big Extraction\W3DZH.big\Art\W3D\GLA - Base Building - Cmd HQF NS - UBCmdHQF_NS.gif,new
260,03391--ubcmdvg--0461740c,03391--ubcmdvg--0461740c,1,W3DZH.big\Art\W3D\UBCmdVG.w3d,gif,C:\Users\Jeff\Documents\Codex\2026-08-18\in\w3d-animation-production\output\03391--ubcmdvg--0461740c\GLA - Base Building - Cmd VG - UBCmdVG.gif,126824,87cbe38ccb311ddcd33876d744918dd17571e87ffffe94a6b3e7d87489dd3d46,C:\Programs\Generals Big Extraction\W3DZH.big\Art\W3D,C:\Programs\Generals Big Extraction\W3DZH.big\Art\W3D\GLA - Base Building - Cmd VG - UBCmdVG.gif,new
262,03395--ubhole-a1--360e4bcf,03395--ubhole-a1--360e4bcf,1,W3DZH.big\Art\W3D\UBHole_A1.w3d,gif,C:\Users\Jeff\Documents\Codex\2026-08-18\in\w3d-animation-production\output\03395--ubhole-a1--360e4bcf\GLA - Base Building - Hole - UBHole_A1.gif,538234,92aeaa5f9ddce0728f50ebab854fe773fd8b902fed4663e3e2244dcbcc4456c9,C:\Programs\Generals Big Extraction\W3DZH.big\Art\W3D,C:\Programs\Generals Big Extraction\W3DZH.big\Art\W3D\GLA - Base Building - Hole - UBHole_A1.gif,new
263,03449--ubprison-e--7dcec24e,03449--ubprison-e--7dcec24e,1,W3DZH.big\Art\W3D\UBPrison_E.w3d,gif,C:\Users\Jeff\Documents\Codex\2026-08-18\in\w3d-animation-production\output\03449--ubprison-e--7dcec24e\GLA - Base Building - Prison - UBPrison_E.gif,75875,d33db8f2e1d490d3e14ebf238d451fe3675d93082dc57809d8e1b975b1e4546b,C:\Programs\Generals Big Extraction\W3DZH.big\Art\W3D,C:\Programs\Generals Big Extraction\W3DZH.big\Art\W3D\GLA - Base Building - Prison - UBPrison_E.gif,new
271,03494--ubsnatk-sanm--8b5bb3f8,03494--ubsnatk-sanm--8b5bb3f8,1,W3DZH.big\Art\W3D\UBSnAtk_Sanm.w3d,mp4,C:\Users\Jeff\Documents\Codex\2026-08-18\in\w3d-animation-production\output\03494--ubsnatk-sanm--8b5bb3f8\GLA - Base Building - Sneak Attack Tunnel Network Start - UBSnAtk_Sanm.mp4,26194,766773bc29442ed0293de4314415c029b77a98ba199280971feb8b705683fe28,C:\Programs\Generals Big Extraction\W3DZH.big\Art\W3D,C:\Programs\Generals Big Extraction\W3DZH.big\Art\W3D\GLA - Base Building - Sneak Attack Tunnel Network Start - UBSnAtk_Sanm.mp4,new
272,03523--ubsupplyf--887263f0,03523--ubsupplyf--887263f0,1,W3DZH.big\Art\W3D\UBSupplyF.w3d,gif,C:\Users\Jeff\Documents\Codex\2026-08-18\in\w3d-animation-production\output\03523--ubsupplyf--887263f0\GLA - Base Building - Supply F - UBSupplyF.gif,119131,292c558c701e868871366515e11cf6b7f1b2bccaf276dfacaedb72b26c2a5c79,C:\Programs\Generals Big Extraction\W3DZH.big\Art\W3D,C:\Programs\Generals Big Extraction\W3DZH.big\Art\W3D\GLA - Base Building - Supply F - UBSupplyF.gif,new
273,03525--ubsupplyf-ns--674879eb,03525--ubsupplyf-ns--674879eb,1,W3DZH.big\Art\W3D\UBSupplyF_NS.w3d,gif,C:\Users\Jeff\Documents\Codex\2026-08-18\in\w3d-animation-production\output\03525--ubsupplyf-ns--674879eb\GLA - Base Building - Supply F NS - UBSupplyF_NS.gif,103429,d8941325cbede96e4d73b25de46647db9994e3cc57087ec9782a538c68d5e0a7,C:\Programs\Generals Big Extraction\W3DZH.big\Art\W3D,C:\Programs\Generals Big Extraction\W3DZH.big\Art\W3D\GLA - Base Building - Supply F NS - UBSupplyF_NS.gif,new
277,02308--ubcmdhqc--55903bdc,02308--ubcmdhqc--55903bdc,1,"W3DZH.big\Art\W3D\Chem Fake GLA Command Center, Chem GLA Command Center, GC Chem GLA Command Center - UBCmdHQC.w3d",gif,C:\Users\Jeff\Documents\Codex\2026-08-18\in\w3d-animation-production\output\02308--ubcmdhqc--55903bdc\GLA - Base Infrastructure - Command Center - UBCmdHQC.gif,213846,0209db760c02b4c8fcf13825af4a96295b69febddffd199c24727d3242137926,C:\Programs\Generals Big Extraction\W3DZH.big\Art\W3D,C:\Programs\Generals Big Extraction\W3DZH.big\Art\W3D\GLA - Base Infrastructure - Command Center - UBCmdHQC.gif,new
278,03350--ubcmdhqeg--752830d8,03350--ubcmdhqeg--752830d8,1,W3DZH.big\Art\W3D\UBCmdHqEG.w3d,gif,C:\Users\Jeff\Documents\Codex\2026-08-18\in\w3d-animation-production\output\03350--ubcmdhqeg--752830d8\GLA - Base Infrastructure - Fake GLA Command Center - UBCmdHqEG.gif,216320,dafc89412f56f3b40caae029d57a4b4072d92ab438b37b660fe989edd882a6cd,C:\Programs\Generals Big Extraction\W3DZH.big\Art\W3D,C:\Programs\Generals Big Extraction\W3DZH.big\Art\W3D\GLA - Base Infrastructure - Fake GLA Command Center - UBCmdHqEG.gif,new
280,03579--uvcombikejacker--b00a5886,03579--uvcombikejacker--b00a5886,1,W3DZH.big\Art\W3D\UVComBikeJacker.w3d,mp4,C:\Users\Jeff\Documents\Codex\2026-08-18\in\w3d-animation-production\output\03579--uvcombikejacker--b00a5886\GLA - Ground Vehicles - Com Bike Jacker - UVComBikeJacker.mp4,35341,0a58ee80d1865bc545c9bb32209f3e67f0ffe11ddea6984afcda7e3c77182110,C:\Programs\Generals Big Extraction\W3DZH.big\Art\W3D,C:\Programs\Generals Big Extraction\W3DZH.big\Art\W3D\GLA - Ground Vehicles - Com Bike Jacker - UVComBikeJacker.mp4,new
281,03581--uvcombikejacker-r--8f7194c3,03581--uvcombikejacker-r--8f7194c3,1,W3DZH.big\Art\W3D\UVComBikeJacker_r.w3d,mp4,C:\Users\Jeff\Documents\Codex\2026-08-18\in\w3d-animation-production\output\03581--uvcombikejacker-r--8f7194c3\GLA - Ground Vehicles - Com Bike Jacker r - UVComBikeJacker_r.mp4,32138,ae90ac4b4de8e64de60ff30ea932badfe3ec61c4249aaf92a173cdfd62085069,C:\Programs\Generals Big Extraction\W3DZH.big\Art\W3D,C:\Programs\Generals Big Extraction\W3DZH.big\Art\W3D\GLA - Ground Vehicles - Com Bike Jacker r - UVComBikeJacker_r.mp4,new
282,03582--uvcombiketer--1799fd75,03582--uvcombiketer--1799fd75,1,W3DZH.big\Art\W3D\UVComBikeTer.w3d,mp4,C:\Users\Jeff\Documents\Codex\2026-08-18\in\w3d-animation-production\output\03582--uvcombiketer--1799fd75\GLA - Ground Vehicles - Com Bike Ter - UVComBikeTer.mp4,36423,9497dbf147a0260425bc24f7a82d260de1c3f1ba6e1fcca2affd3965d5977b38,C:\Programs\Generals Big Extraction\W3DZH.big\Art\W3D,C:\Programs\Generals Big Extraction\W3DZH.big\Art\W3D\GLA - Ground Vehicles - Com Bike Ter - UVComBikeTer.mp4,new
283,03584--uvcombiketer-r--d51d0cb9,03584--uvcombiketer-r--d51d0cb9,1,W3DZH.big\Art\W3D\UVComBikeTer_r.w3d,mp4,C:\Users\Jeff\Documents\Codex\2026-08-18\in\w3d-animation-production\output\03584--uvcombiketer-r--d51d0cb9\GLA - Ground Vehicles - Com Bike Ter r - UVComBikeTer_r.mp4,28989,0a8f2124d4041023cf7def82a004b6302341033b0d8ea9a5778f8c876fa7bf80,C:\Programs\Generals Big Extraction\W3DZH.big\Art\W3D,C:\Programs\Generals Big Extraction\W3DZH.big\Art\W3D\GLA - Ground Vehicles - Com Bike Ter r - UVComBikeTer_r.mp4,new
284,03591--uvcombiketunfan--c18f8081,03591--uvcombiketunfan--c18f8081,1,W3DZH.big\Art\W3D\UVComBikeTunFan.w3d,mp4,C:\Users\Jeff\Documents\Codex\2026-08-18\in\w3d-animation-production\output\03591--uvcombiketunfan--c18f8081\GLA - Ground Vehicles - Com Bike Tun Fan - UVComBikeTunFan.mp4,28916,5649eac1f7e997f972b8cf50fb629cd237025687996beb457ca75879574c35fd,C:\Programs\Generals Big Extraction\W3DZH.big\Art\W3D,C:\Programs\Generals Big Extraction\W3DZH.big\Art\W3D\GLA - Ground Vehicles - Com Bike Tun Fan - UVComBikeTunFan.mp4,new
285,03593--uvcombiketunfan-r--7e13c6bf,03593--uvcombiketunfan-r--7e13c6bf,1,W3DZH.big\Art\W3D\UVComBikeTunFan_r.w3d,mp4,C:\Users\Jeff\Documents\Codex\2026-08-18\in\w3d-animation-production\output\03593--uvcombiketunfan-r--7e13c6bf\GLA - Ground Vehicles - Com Bike Tun Fan r - UVComBikeTunFan_r.mp4,23292,a324a659e770f5ce9203ab488e1327d7911fa9f27d518f8739b554cf30fa39b7,C:\Programs\Generals Big Extraction\W3DZH.big\Art\W3D,C:\Programs\Generals Big Extraction\W3DZH.big\Art\W3D\GLA - Ground Vehicles - Com Bike Tun Fan r - UVComBikeTunFan_r.mp4,new
286,03586--uvcombiketn-a1--b2268cbc,03586--uvcombiketn-a1--b2268cbc,1,W3DZH.big\Art\W3D\UVComBikeTn_A1.w3d,mp4,C:\Users\Jeff\Documents\Codex\2026-08-18\in\w3d-animation-production\output\03586--uvcombiketn-a1--b2268cbc\GLA - Ground Vehicles - Combat Bike - UVComBikeTn_A1.mp4,12513,d07dcdfc0ef8e0cd0c284e099f301078dae0af1c288dc5cabc7a4b1cdc1213b9,C:\Programs\Generals Big Extraction\W3DZH.big\Art\W3D,C:\Programs\Generals Big Extraction\W3DZH.big\Art\W3D\GLA - Ground Vehicles - Combat Bike - UVComBikeTn_A1.mp4,new
287,05785--uvquadcann--9c410ec0,05785--uvquadcann--9c410ec0,1,"ZH_Generals\W3D.big\Art\W3D\Chem GLA Vehicle Quad Cannon, CINE GLA Vehicle Quad Cannon, Demo GLA Vehicle Quad Cannon, GC Chem GLA Vehicle Quad Cannon, GC Slth GLA Vehicle Quad - UVQuadCann.w3d",mp4,C:\Users\Jeff\Documents\Codex\2026-08-18\in\w3d-animation-production\output\05785--uvquadcann--9c410ec0\GLA - Ground Vehicles - Quad Cannon - UVQuadCann.mp4,26309,06096831ab7ed126fedd45902ef48a04fd22275d86a5ecdffe4af37918ea8422,C:\Programs\Generals Big Extraction\ZH_Generals\W3D.big\Art\W3D,C:\Programs\Generals Big Extraction\ZH_Generals\W3D.big\Art\W3D\GLA - Ground Vehicles - Quad Cannon - UVQuadCann.mp4,new
288,05786--uvradarvan--f750bcf7,05786--uvradarvan--f750bcf7,1,"ZH_Generals\W3D.big\Art\W3D\Chem GLA Vehicle Radar Van, Demo GLA Vehicle Radar Van, GC Chem GLA Vehicle Radar Van, GC Slth GLA Vehicle Radar Van, GLA Vehicle Radar Van, Slth G - UVRadarVan.w3d",gif,C:\Users\Jeff\Documents\Codex\2026-08-18\in\w3d-animation-production\output\05786--uvradarvan--f750bcf7\GLA - Ground Vehicles - Radar Van - UVRadarVan.gif,209718,67cb8c64c189c0cb0f300c4c596a9a998618cbe945158afa0064ce95279445c5,C:\Programs\Generals Big Extraction\ZH_Generals\W3D.big\Art\W3D,C:\Programs\Generals Big Extraction\ZH_Generals\W3D.big\Art\W3D\GLA - Ground Vehicles - Radar Van - UVRadarVan.gif,new
290,05775--ubarmdeal--d8da7ade,05775--ubarmdeal--d8da7ade,1,"ZH_Generals\W3D.big\Art\W3D\Chem Fake GLA Arms Dealer, Chem GLA Arms Dealer, Demo Fake GLA Arms Dealer, Demo GLA Arms Dealer, Fake GLA Arms Dealer, GC Chem GLA Arms Dealer, GC - UBArmDeal.w3d",gif,C:\Users\Jeff\Documents\Codex\2026-08-18\in\w3d-animation-production\output\05775--ubarmdeal--d8da7ade\GLA - Production Building - Arms Dealer - UBArmDeal.gif,145146,ebf0f4252e1ffb8dfad504ea09cbab9ad7a2e4bc596dac6f101b03fe2e720059,C:\Programs\Generals Big Extraction\ZH_Generals\W3D.big\Art\W3D,C:\Programs\Generals Big Extraction\ZH_Generals\W3D.big\Art\W3D\GLA - Production Building - Arms Dealer - UBArmDeal.gif,new
291,03259--ubbarrkseg--5b89109d,03259--ubbarrkseg--5b89109d,1,W3DZH.big\Art\W3D\UBBarrksEG.w3d,gif,C:\Users\Jeff\Documents\Codex\2026-08-18\in\w3d-animation-production\output\03259--ubbarrkseg--5b89109d\GLA - Production Building - Barracks - UBBarrksEG.gif,161869,dc1c1dbb982c96e6ab7c092555b9bb41a4c18a42f52b1f351736f514b0c3a8ae,C:\Programs\Generals Big Extraction\W3DZH.big\Art\W3D,C:\Programs\Generals Big Extraction\W3DZH.big\Art\W3D\GLA - Production Building - Barracks - UBBarrksEG.gif,new
292,03255--ubbarracksf--94330a3a,03255--ubbarracksf--94330a3a,1,W3DZH.big\Art\W3D\UBBarracksF.w3d,gif,C:\Users\Jeff\Documents\Codex\2026-08-18\in\w3d-animation-production\output\03255--ubbarracksf--94330a3a\GLA - Production Building - Barracks F - UBBarracksF.gif,178655,863410e11b9a77ab2b0665c0a862b3cd1c48cb97eb2dfe23e922500b54175621,C:\Programs\Generals Big Extraction\W3DZH.big\Art\W3D,C:\Programs\Generals Big Extraction\W3DZH.big\Art\W3D\GLA - Production Building - Barracks F - UBBarracksF.gif,new
294,03280--ubblkmkteg-d--09917430,03280--ubblkmkteg-d--09917430,1,W3DZH.big\Art\W3D\UBBlkMktEG_D.w3d,gif,C:\Users\Jeff\Documents\Codex\2026-08-18\in\w3d-animation-production\output\03280--ubblkmkteg-d--09917430\GLA - Technology Building - Black Market - UBBlkMktEG_D.gif,163661,847421f8ec00147f870a532fd2131bd3132285682fc9f2a61b432db8b2d11ab8,C:\Programs\Generals Big Extraction\W3DZH.big\Art\W3D,C:\Programs\Generals Big Extraction\W3DZH.big\Art\W3D\GLA - Technology Building - Black Market - UBBlkMktEG_D.gif,new
295,05780--ubpalace--339f709f,05780--ubpalace--339f709f,1,"ZH_Generals\W3D.big\Art\W3D\Chem GLA Palace, Demo GLA Palace, GC Chem GLA Palace, GC Slth GLA Palace, GLA Palace, Slth GLA Palace - UBPalace.w3d",gif,C:\Users\Jeff\Documents\Codex\2026-08-18\in\w3d-animation-production\output\05780--ubpalace--339f709f\GLA - Technology Building - Palace - UBPalace.gif,135858,81d9c2dcec92330f18a458a1a30ff3af8caa3d4a18d4fc892be442510d4a7328,C:\Programs\Generals Big Extraction\ZH_Generals\W3D.big\Art\W3D,C:\Programs\Generals Big Extraction\ZH_Generals\W3D.big\Art\W3D\GLA - Technology Building - Palace - UBPalace.gif,new
296,03405--ubpalaceeg--72225459,03405--ubpalaceeg--72225459,1,W3DZH.big\Art\W3D\UBPalaceEG.w3d,gif,C:\Users\Jeff\Documents\Codex\2026-08-18\in\w3d-animation-production\output\03405--ubpalaceeg--72225459\GLA - Technology Building - Palace - UBPalaceEG.gif,124067,0e29546d82dedf51e60f710eb2099812934a776fcaaa6534274dd598a71b04cc,C:\Programs\Generals Big Extraction\W3DZH.big\Art\W3D,C:\Programs\Generals Big Extraction\W3DZH.big\Art\W3D\GLA - Technology Building - Palace - UBPalaceEG.gif,new
297,00144--cvcdtpln--7e9ede61,00144--cvcdtpln--7e9ede61,1,W3DZH.big\Art\W3D\Aircraft Crop Duster - CVCdtpln.w3d,gif,C:\Users\Jeff\Documents\Codex\2026-08-18\in\w3d-animation-production\output\00144--cvcdtpln--7e9ede61\Shared - Aviation - Aircraft Crop Duster - CVCdtpln.gif,18127,2e0e6f0f7c8b77b06fe82f1642223177dd75c6ee88dc93ff5ef9bff3e3f921c5,C:\Programs\Generals Big Extraction\W3DZH.big\Art\W3D,C:\Programs\Generals Big Extraction\W3DZH.big\Art\W3D\Shared - Aviation - Aircraft Crop Duster - CVCdtpln.gif,new
302,06980--zboderrick--7b2e9703,06980--zboderrick--7b2e9703,1,ZH_Generals\W3D.big\Art\W3D\Tech Oil Derrick - ZBODerrick.w3d,gif,C:\Users\Jeff\Documents\Codex\2026-08-18\in\w3d-animation-production\output\06980--zboderrick--7b2e9703\Shared - Base Building - Tech Oil Derrick - ZBODerrick.gif,233780,33e6f0095979696aeebc7fe3f92e496af2883d7974b17bbc54dd40941e9fa1e3,C:\Programs\Generals Big Extraction\ZH_Generals\W3D.big\Art\W3D,C:\Programs\Generals Big Extraction\ZH_Generals\W3D.big\Art\W3D\Shared - Base Building - Tech Oil Derrick - ZBODerrick.gif,new
303,03680--zbrefinery-en--04ea4d4a,03680--zbrefinery-en--04ea4d4a,1,W3DZH.big\Art\W3D\ZBRefinery_EN.w3d,gif,C:\Users\Jeff\Documents\Codex\2026-08-18\in\w3d-animation-production\output\03680--zbrefinery-en--04ea4d4a\Shared - Base Building - Tech Oil Refinery - ZBRefinery_EN.gif,52142,f0dec702a3382c77548eb2e470bf16f3852b7e7128dc44e7ad8ddf2bdaaad40b,C:\Programs\Generals Big Extraction\W3DZH.big\Art\W3D,C:\Programs\Generals Big Extraction\W3DZH.big\Art\W3D\Shared - Base Building - Tech Oil Refinery - ZBRefinery_EN.gif,new
305,03694--zbrprbay-es--aa103d75,03694--zbrprbay-es--aa103d75,1,W3DZH.big\Art\W3D\ZBRprBay_ES.w3d,gif,C:\Users\Jeff\Documents\Codex\2026-08-18\in\w3d-animation-production\output\03694--zbrprbay-es--aa103d75\Shared - Base Building - Tech Repairbay - ZBRprBay_ES.gif,26349,ad9dedd080522677dab044e79e8122a19055359429ffc128c4a559ac0bad17c3,C:\Programs\Generals Big Extraction\W3DZH.big\Art\W3D,C:\Programs\Generals Big Extraction\W3DZH.big\Art\W3D\Shared - Base Building - Tech Repairbay - ZBRprBay_ES.gif,new
306,03716--zbvalvstat-g--bcafd4c7,03716--zbvalvstat-g--bcafd4c7,1,W3DZH.big\Art\W3D\ZBValvStat_G.w3d,gif,C:\Users\Jeff\Documents\Codex\2026-08-18\in\w3d-animation-production\output\03716--zbvalvstat-g--bcafd4c7\Shared - Base Building - Valve Station - ZBValvStat_G.gif,57294,8eb1bf999609e8dbb68203c2648277d9c365a4e5c01c7636214e2193c34b8862,C:\Programs\Generals Big Extraction\W3DZH.big\Art\W3D,C:\Programs\Generals Big Extraction\W3DZH.big\Art\W3D\Shared - Base Building - Valve Station - ZBValvStat_G.gif,new
307,02533--cvtraincrsh01sm--ecb37077,02533--cvtraincrsh01sm--ecb37077,1,W3DZH.big\Art\W3D\CVTrainCRSH01SM.w3d,mp4,C:\Users\Jeff\Documents\Codex\2026-08-18\in\w3d-animation-production\output\02533--cvtraincrsh01sm--ecb37077\Shared - Ground Vehicles - CV Train CRSH 01 SM - CVTrainCRSH01SM.mp4,14355,23bc588b5615e1a278afbaaa507f6c99bfab1617da2a2b7c78258ef5d7456f90,C:\Programs\Generals Big Extraction\W3DZH.big\Art\W3D,C:\Programs\Generals Big Extraction\W3DZH.big\Art\W3D\Shared - Ground Vehicles - CV Train CRSH 01 SM - CVTrainCRSH01SM.mp4,new
309,05825--cvpolicecar2--c828aa93,05825--cvpolicecar2--c828aa93,1,ZH_Generals\W3D.big\Art\W3D\CINE Police Car - CVPoliceCar2.w3d,gif,C:\Users\Jeff\Documents\Codex\2026-08-18\in\w3d-animation-production\output\05825--cvpolicecar2--c828aa93\Shared - Ground Vehicles - Police Car - CVPoliceCar2.gif,35976,d09f5c3b4b7d7364b0fb60338c7e672d2bc33e4de2f44f47b3669a4041770c47,C:\Programs\Generals Big Extraction\ZH_Generals\W3D.big\Art\W3D,C:\Programs\Generals Big Extraction\ZH_Generals\W3D.big\Art\W3D\Shared - Ground Vehicles - Police Car - CVPoliceCar2.gif,new
310,06319--nbnmissle-a2dns--6457e3ff,06319--nbnmissle-a2dns--6457e3ff,1,ZH_Generals\W3D.big\Art\W3D\NBNMissle_A2DNS.w3d,mp4,C:\Users\Jeff\Documents\Codex\2026-08-18\in\w3d-animation-production\output\06319--nbnmissle-a2dns--6457e3ff\Shared - Superweapon - Nuclear Missile Launcher - NBNMissle_A2DNS.mp4,25763,de7b5a41fb4d8264e2cfe7e578ac76bf1380177af3285608a542d64dd4988933,C:\Programs\Generals Big Extraction\ZH_Generals\W3D.big\Art\W3D,C:\Programs\Generals Big Extraction\ZH_Generals\W3D.big\Art\W3D\Shared - Superweapon - Nuclear Missile Launcher - NBNMissle_A2DNS.mp4,new
311,06320--nbnmissle-a2ds--e80e2fab,06320--nbnmissle-a2ds--e80e2fab,1,ZH_Generals\W3D.big\Art\W3D\NBNMissle_A2DS.w3d,mp4,C:\Users\Jeff\Documents\Codex\2026-08-18\in\w3d-animation-production\output\06320--nbnmissle-a2ds--e80e2fab\Shared - Superweapon - Nuclear Missile Launcher - NBNMissle_A2DS.mp4,25495,4b3ee0b32856d212707a3dcd245f8e631c2346aadabe1e4f4ed493e7c80c18a8,C:\Programs\Generals Big Extraction\ZH_Generals\W3D.big\Art\W3D,C:\Programs\Generals Big Extraction\ZH_Generals\W3D.big\Art\W3D\Shared - Superweapon - Nuclear Missile Launcher - NBNMissle_A2DS.mp4,new
312,00219--avcrusader-a--a4959b5d,00219--avcrusader-a--a4959b5d,1,W3DZH.big\Art\W3D\AVCrusader_A.w3d,mp4,C:\Users\Jeff\Documents\Codex\2026-08-18\in\w3d-animation-production\output\00219--avcrusader-a--a4959b5d\USA - Armor - Crusader A - AVCrusader_A.mp4,17020,6ced39c5407db52fb15186460a68c1583c102399c42541c5b6aaa3ed7243d407,C:\Programs\Generals Big Extraction\W3DZH.big\Art\W3D,C:\Programs\Generals Big Extraction\W3DZH.big\Art\W3D\USA - Armor - Crusader A - AVCrusader_A.mp4,new
313,04043--avcargopln--fcefb84c,04043--avcargopln--fcefb84c,1,"ZH_Generals\W3D.big\Art\W3D\Air F America Jet Cargo Plane, America Jet Cargo Plane, CINE U 04 America Jet Cargo Plane HIGH, CINE U 04 America Jet Cargo Plane LOW, CINE U 04 Am - AvCargoPln.w3d",gif,C:\Users\Jeff\Documents\Codex\2026-08-18\in\w3d-animation-production\output\04043--avcargopln--fcefb84c\USA - Aviation - Cargo Plane - AvCargoPln.gif,77766,a86911d237b23f8527ba3908093665134bb3088ac79509a9092ba2aff58c57bf,C:\Programs\Generals Big Extraction\ZH_Generals\W3D.big\Art\W3D,C:\Programs\Generals Big Extraction\ZH_Generals\W3D.big\Art\W3D\USA - Aviation - Cargo Plane - AvCargoPln.gif,new
314,00128--avchinook--8447c341,00128--avchinook--8447c341,1,"W3DZH.big\Art\W3D\AFG America Vehicle Chinook, America Vehicle Chinook, CINE America Vehicle Chinook, Lazr America Vehicle Chinook, Sup W America Vehicle Chinook - AVChinook.w3d",mp4,C:\Users\Jeff\Documents\Codex\2026-08-18\in\w3d-animation-production\output\00128--avchinook--8447c341\USA - Aviation - Chinook Transport Helicopter - AVChinook.mp4,9632,e07aa961de478601c5ee1891d1a432c6730352d47b74ab369d044181faca683b,C:\Programs\Generals Big Extraction\W3DZH.big\Art\W3D,C:\Programs\Generals Big Extraction\W3DZH.big\Art\W3D\USA - Aviation - Chinook Transport Helicopter - AVChinook.mp4,new
315,00138--avchinookag--348351b1,00138--avchinookag--348351b1,1,W3DZH.big\Art\W3D\Air F America Vehicle Chinook - AVChinookAG.w3d,mp4,C:\Users\Jeff\Documents\Codex\2026-08-18\in\w3d-animation-production\output\00138--avchinookag--348351b1\USA - Aviation - Chinook Transport Helicopter - AVChinookAG.mp4,9874,61116a912599f5ccc16a5bcd4791dd3db3a95e7719afa27fee8de8e82e765354,C:\Programs\Generals Big Extraction\W3DZH.big\Art\W3D,C:\Programs\Generals Big Extraction\W3DZH.big\Art\W3D\USA - Aviation - Chinook Transport Helicopter - AVChinookAG.mp4,new
316,04080--avcomanche--01d791cf,04080--avcomanche--01d791cf,1,"ZH_Generals\W3D.big\Art\W3D\America Vehicle Comanche, CINE America Vehicle Comanche, CINE America Vehicle Comanche 02, CINE USA 08 America Vehicle Comanche, Lazr America Vehic - AVComanche.w3d",mp4,C:\Users\Jeff\Documents\Codex\2026-08-18\in\w3d-animation-production\output\04080--avcomanche--01d791cf\USA - Aviation - Comanche Attack Helicopter - AVComanche.mp4,9742,7f0079bd31a880bb752fa43e55f71251eb755d831441a49999d8e39912132eb8,C:\Programs\Generals Big Extraction\ZH_Generals\W3D.big\Art\W3D,C:\Programs\Generals Big Extraction\ZH_Generals\W3D.big\Art\W3D\USA - Aviation - Comanche Attack Helicopter - AVComanche.mp4,new
317,00139--avcomancheag--238d0b22,00139--avcomancheag--238d0b22,1,W3DZH.big\Art\W3D\Air F America Vehicle Comanche - AVComancheAG.w3d,mp4,C:\Users\Jeff\Documents\Codex\2026-08-18\in\w3d-animation-production\output\00139--avcomancheag--238d0b22\USA - Aviation - Comanche Attack Helicopter - AVComancheAG.mp4,10001,416800d1377c6c7355f725d8e2c23706b3af3a07b2f56a3d7755217062ad4540,C:\Programs\Generals Big Extraction\W3DZH.big\Art\W3D,C:\Programs\Generals Big Extraction\W3DZH.big\Art\W3D\USA - Aviation - Comanche Attack Helicopter - AVComancheAG.mp4,new
319,00134--avsgunship--52af7893,00134--avsgunship--52af7893,1,"W3DZH.big\Art\W3D\Air F America Jet Spectre Gunship 1, Air F America Jet Spectre Gunship 2, Air F America Jet Spectre Gunship 3, America Jet Spectre Gunship, Boss Jet Spectre - AVSGunship.w3d",gif,C:\Users\Jeff\Documents\Codex\2026-08-18\in\w3d-animation-production\output\00134--avsgunship--52af7893\USA - Aviation - Spectre Gunship - AVSGunship.gif,74715,84640698e255e899df436fbaceff8e6fda0c0abeb99605c6ab3424f2a2801a05,C:\Programs\Generals Big Extraction\W3DZH.big\Art\W3D,C:\Programs\Generals Big Extraction\W3DZH.big\Art\W3D\USA - Aviation - Spectre Gunship - AVSGunship.gif,new
321,00044--abbtcmdswg--41855822,00044--abbtcmdswg--41855822,1,W3DZH.big\Art\W3D\ABBtCmdSWG.w3d,gif,C:\Users\Jeff\Documents\Codex\2026-08-18\in\w3d-animation-production\output\00044--abbtcmdswg--41855822\USA - Base Building - Bt Cmd SWG - ABBtCmdSWG.gif,48467,49d2ebb3402503bc31412660939a6aa94f0685e61d353f3bdaa5b7f41f100463,C:\Programs\Generals Big Extraction\W3DZH.big\Art\W3D,C:\Programs\Generals Big Extraction\W3DZH.big\Art\W3D\USA - Base Building - Bt Cmd SWG - ABBtCmdSWG.gif,new
322,04065--pmchkpnt02--dd117935,04065--pmchkpnt02--dd117935,1,"ZH_Generals\W3D.big\Art\W3D\America Checkpoint, Check Point Crossing Guard - PMChkPnt02.w3d",gif,C:\Users\Jeff\Documents\Codex\2026-08-18\in\w3d-animation-production\output\04065--pmchkpnt02--dd117935\USA - Base Building - Checkpoint - PMChkPnt02.gif,126902,741d415ed170ddcc232ab571e6fa8a538ce7fe093acacd7dd2e27a82ef5f6d49,C:\Programs\Generals Big Extraction\ZH_Generals\W3D.big\Art\W3D,C:\Programs\Generals Big Extraction\ZH_Generals\W3D.big\Art\W3D\USA - Base Building - Checkpoint - PMChkPnt02.gif,new
324,00162--cbdriveins--30ffef67,00162--cbdriveins--30ffef67,1,W3DZH.big\Art\W3D\American Drive In Snacks - CBDriveInS.w3d,gif,C:\Users\Jeff\Documents\Codex\2026-08-18\in\w3d-animation-production\output\00162--cbdriveins--30ffef67\USA - Base Building - Drive In Snacks - CBDriveInS.gif,46066,87edfd80e56ddb6de644ac073282a22d01981366221c3e88121297791283150c,C:\Programs\Generals Big Extraction\W3DZH.big\Art\W3D,C:\Programs\Generals Big Extraction\W3DZH.big\Art\W3D\USA - Base Building - Drive In Snacks - CBDriveInS.gif,new
325,00164--cmfastfoo--d5fe0216,00164--cmfastfoo--d5fe0216,1,W3DZH.big\Art\W3D\American Fast Food - CMFastFoo.w3d,gif,C:\Users\Jeff\Documents\Codex\2026-08-18\in\w3d-animation-production\output\00164--cmfastfoo--d5fe0216\USA - Base Building - Fast Food - CMFastFoo.gif,146150,9177f49ef22e53e7722162a3f65b0da3d6112feb67a65a7496059bce5557c371,C:\Programs\Generals Big Extraction\W3DZH.big\Art\W3D,C:\Programs\Generals Big Extraction\W3DZH.big\Art\W3D\USA - Base Building - Fast Food - CMFastFoo.gif,new
326,00052--abgdctower--a3b02160,00052--abgdctower--a3b02160,1,W3DZH.big\Art\W3D\ABGDCTower.w3d,gif,C:\Users\Jeff\Documents\Codex\2026-08-18\in\w3d-animation-production\output\00052--abgdctower--a3b02160\USA - Base Building - GDC Tower - ABGDCTower.gif,66903,5d2bb51b023f8bc4e73eceb56a4a0eeb5e8f4f9d3097941deb6297db83661141,C:\Programs\Generals Big Extraction\W3DZH.big\Art\W3D,C:\Programs\Generals Big Extraction\W3DZH.big\Art\W3D\USA - Base Building - GDC Tower - ABGDCTower.gif,new
328,00095--absdlnksw--6763765a,00095--absdlnksw--6763765a,1,W3DZH.big\Art\W3D\ABSDLnkSW.w3d,gif,C:\Users\Jeff\Documents\Codex\2026-08-18\in\w3d-animation-production\output\00095--absdlnksw--6763765a\USA - Base Building - SD Lnk SW - ABSDLnkSW.gif,31080,c77b415b2f4384d9fdb083efddb199d0514822e3ca723b6a596ca7825e98122c,C:\Programs\Generals Big Extraction\W3DZH.big\Art\W3D,C:\Programs\Generals Big Extraction\W3DZH.big\Art\W3D\USA - Base Building - SD Lnk SW - ABSDLnkSW.gif,new
329,00099--absecuwall--bde04725,00099--absecuwall--bde04725,1,W3DZH.big\Art\W3D\ABSECUWALL.w3d,gif,C:\Users\Jeff\Documents\Codex\2026-08-18\in\w3d-animation-production\output\00099--absecuwall--bde04725\USA - Base Building - SECUWALL - ABSECUWALL.gif,61164,b7af58f6c953616e428010c64fece7b4f5beacc6b2a2d7d914d77140efcaa627,C:\Programs\Generals Big Extraction\W3DZH.big\Art\W3D,C:\Programs\Generals Big Extraction\W3DZH.big\Art\W3D\USA - Base Building - SECUWALL - ABSECUWALL.gif,new
330,00102--absecuwall-e--0705949c,00102--absecuwall-e--0705949c,1,W3DZH.big\Art\W3D\ABSecuWall_E.w3d,gif,C:\Users\Jeff\Documents\Codex\2026-08-18\in\w3d-animation-production\output\00102--absecuwall-e--0705949c\USA - Base Building - Secu Wall - ABSecuWall_E.gif,49878,295ef77428e559d27c75d71113e3f0c0ee63d03fe36a1f4db548219acd7b47e4,C:\Programs\Generals Big Extraction\W3DZH.big\Art\W3D,C:\Programs\Generals Big Extraction\W3DZH.big\Art\W3D\USA - Base Building - Secu Wall - ABSecuWall_E.gif,new
332,00114--abtmhkstmsw-a1--d7689cb0,00114--abtmhkstmsw-a1--d7689cb0,1,W3DZH.big\Art\W3D\ABTmHkStmSW_A1.w3d,gif,C:\Users\Jeff\Documents\Codex\2026-08-18\in\w3d-animation-production\output\00114--abtmhkstmsw-a1--d7689cb0\USA - Base Building - Tm Hk Stm SW A 1 - ABTmHkStmSW_A1.gif,397524,9c9e32219340f9639f161d39bbf0c6bf41225f721f7b3156bf293fdd66e03da9,C:\Programs\Generals Big Extraction\W3DZH.big\Art\W3D,C:\Programs\Generals Big Extraction\W3DZH.big\Art\W3D\USA - Base Building - Tm Hk Stm SW A 1 - ABTmHkStmSW_A1.gif,new
333,00115--abtmhkstmsw-a2--988338d0,00115--abtmhkstmsw-a2--988338d0,1,W3DZH.big\Art\W3D\ABTmHkStmSW_A2.w3d,gif,C:\Users\Jeff\Documents\Codex\2026-08-18\in\w3d-animation-production\output\00115--abtmhkstmsw-a2--988338d0\USA - Base Building - Tm Hk Stm SW A 2 - ABTmHkStmSW_A2.gif,416364,90de49a13a6a27444a80c30e7277f9d2b0afbf09ef0b559f7e8a2aae94cf01fa,C:\Programs\Generals Big Extraction\W3DZH.big\Art\W3D,C:\Programs\Generals Big Extraction\W3DZH.big\Art\W3D\USA - Base Building - Tm Hk Stm SW A 2 - ABTmHkStmSW_A2.gif,new
334,00116--abtmhkstmsw-a3--fe5c08d3,00116--abtmhkstmsw-a3--fe5c08d3,1,W3DZH.big\Art\W3D\ABTmHkStmSW_A3.w3d,gif,C:\Users\Jeff\Documents\Codex\2026-08-18\in\w3d-animation-production\output\00116--abtmhkstmsw-a3--fe5c08d3\USA - Base Building - Tm Hk Stm SW A 3 - ABTmHkStmSW_A3.gif,378915,874235ad61b1de0738d4a85fb500eb76795380707fca807b0bf8ca588bad2346,C:\Programs\Generals Big Extraction\W3DZH.big\Art\W3D,C:\Programs\Generals Big Extraction\W3DZH.big\Art\W3D\USA - Base Building - Tm Hk Stm SW A 3 - ABTmHkStmSW_A3.gif,new
335,00118--abtmhkstmsw-da1--588ce65a,00118--abtmhkstmsw-da1--588ce65a,1,W3DZH.big\Art\W3D\ABTmHkStmSW_DA1.w3d,gif,C:\Users\Jeff\Documents\Codex\2026-08-18\in\w3d-animation-production\output\00118--abtmhkstmsw-da1--588ce65a\USA - Base Building - Tm Hk Stm SW DA 1 - ABTmHkStmSW_DA1.gif,391526,2ca9048a8968f8b99ba74661d701c900b41965de44156c92ba733fe7709fa97b,C:\Programs\Generals Big Extraction\W3DZH.big\Art\W3D,C:\Programs\Generals Big Extraction\W3DZH.big\Art\W3D\USA - Base Building - Tm Hk Stm SW DA 1 - ABTmHkStmSW_DA1.gif,new
336,00119--abtmhkstmsw-da2--3036e064,00119--abtmhkstmsw-da2--3036e064,1,W3DZH.big\Art\W3D\ABTmHkStmSW_DA2.w3d,gif,C:\Users\Jeff\Documents\Codex\2026-08-18\in\w3d-animation-production\output\00119--abtmhkstmsw-da2--3036e064\USA - Base Building - Tm Hk Stm SW DA 2 - ABTmHkStmSW_DA2.gif,413163,c39c36dca1ee8e518e99444b9e1a7b662e1625d1390e2b8a627d65583d942220,C:\Programs\Generals Big Extraction\W3DZH.big\Art\W3D,C:\Programs\Generals Big Extraction\W3DZH.big\Art\W3D\USA - Base Building - Tm Hk Stm SW DA 2 - ABTmHkStmSW_DA2.gif,new
337,00120--abtmhkstmsw-da3--54b3a0be,00120--abtmhkstmsw-da3--54b3a0be,1,W3DZH.big\Art\W3D\ABTmHkStmSW_DA3.w3d,gif,C:\Users\Jeff\Documents\Codex\2026-08-18\in\w3d-animation-production\output\00120--abtmhkstmsw-da3--54b3a0be\USA - Base Building - Tm Hk Stm SW DA 3 - ABTmHkStmSW_DA3.gif,337959,977f3039159963de244b1c506fb32cf765b89a0f25f75d624476c5a53bb4e103,C:\Programs\Generals Big Extraction\W3DZH.big\Art\W3D,C:\Programs\Generals Big Extraction\W3DZH.big\Art\W3D\USA - Base Building - Tm Hk Stm SW DA 3 - ABTmHkStmSW_DA3.gif,new
338,00122--abtmhkstmsw-ea1--b11d33cf,00122--abtmhkstmsw-ea1--b11d33cf,1,W3DZH.big\Art\W3D\ABTmHkStmSW_EA1.w3d,gif,C:\Users\Jeff\Documents\Codex\2026-08-18\in\w3d-animation-production\output\00122--abtmhkstmsw-ea1--b11d33cf\USA - Base Building - Tm Hk Stm SW EA 1 - ABTmHkStmSW_EA1.gif,390050,473c621e0ff363811cf72a7de0d6ac6d6e952f0f13e45a62accd8fa50bac1adb,C:\Programs\Generals Big Extraction\W3DZH.big\Art\W3D,C:\Programs\Generals Big Extraction\W3DZH.big\Art\W3D\USA - Base Building - Tm Hk Stm SW EA 1 - ABTmHkStmSW_EA1.gif,new
339,00123--abtmhkstmsw-ea2--74e59836,00123--abtmhkstmsw-ea2--74e59836,1,W3DZH.big\Art\W3D\ABTmHkStmSW_EA2.w3d,gif,C:\Users\Jeff\Documents\Codex\2026-08-18\in\w3d-animation-production\output\00123--abtmhkstmsw-ea2--74e59836\USA - Base Building - Tm Hk Stm SW EA 2 - ABTmHkStmSW_EA2.gif,411347,d9f3e3ba0d49df368d13bfcb02980e1f920d5bd6d3abdfd6f1d32d7217ae24ba,C:\Programs\Generals Big Extraction\W3DZH.big\Art\W3D,C:\Programs\Generals Big Extraction\W3DZH.big\Art\W3D\USA - Base Building - Tm Hk Stm SW EA 2 - ABTmHkStmSW_EA2.gif,new
340,00124--abtmhkstmsw-ea3--e1f6e5c7,00124--abtmhkstmsw-ea3--e1f6e5c7,1,W3DZH.big\Art\W3D\ABTmHkStmSW_EA3.w3d,gif,C:\Users\Jeff\Documents\Codex\2026-08-18\in\w3d-animation-production\output\00124--abtmhkstmsw-ea3--e1f6e5c7\USA - Base Building - Tm Hk Stm SW EA 3 - ABTmHkStmSW_EA3.gif,334718,c61b8ae42a6f783b7c285b7ff2c3c56ce4b1d0c3a081ae0da9c53ed0a2e24251,C:\Programs\Generals Big Extraction\W3DZH.big\Art\W3D,C:\Programs\Generals Big Extraction\W3DZH.big\Art\W3D\USA - Base Building - Tm Hk Stm SW EA 3 - ABTmHkStmSW_EA3.gif,new
341,00108--absecwally-e--63c499bb,00108--absecwally-e--63c499bb,1,W3DZH.big\Art\W3D\ABSecWallY_E.w3d,gif,C:\Users\Jeff\Documents\Codex\2026-08-18\in\w3d-animation-production\output\00108--absecwally-e--63c499bb\USA - Base Building - Wall - ABSecWallY_E.gif,38918,414b3af873e723c4d735f653c240e53db43169fe4c87895f4c694572228fc0f7,C:\Programs\Generals Big Extraction\W3DZH.big\Art\W3D,C:\Programs\Generals Big Extraction\W3DZH.big\Art\W3D\USA - Base Building - Wall - ABSecWallY_E.gif,new
342,00130--abfirebase--6b00156e,00130--abfirebase--6b00156e,1,"W3DZH.big\Art\W3D\Air F America Fire Base, America Fire Base, Lazr America Fire Base, Sup W America Fire Base - ABFIREBASE.w3d",mp4,C:\Users\Jeff\Documents\Codex\2026-08-18\in\w3d-animation-production\output\00130--abfirebase--6b00156e\USA - Base Defense - Fire Base - ABFIREBASE.mp4,24542,cd8782a53100eeb4911b792080cd49e654d7435e49103db1c07f616f62bdf562,C:\Programs\Generals Big Extraction\W3DZH.big\Art\W3D,C:\Programs\Generals Big Extraction\W3DZH.big\Art\W3D\USA - Base Defense - Fire Base - ABFIREBASE.mp4,new
343,00047--abfirebase-d--9b3f0645,00047--abfirebase-d--9b3f0645,1,W3DZH.big\Art\W3D\ABFIREBASE_D.w3d,mp4,C:\Users\Jeff\Documents\Codex\2026-08-18\in\w3d-animation-production\output\00047--abfirebase-d--9b3f0645\USA - Base Defense - Fire Base - ABFIREBASE_D.mp4,23096,80803eba2cb7f9215836ba43e3dc145ce2a7dabb9a56b94d33f9239996ce65f7,C:\Programs\Generals Big Extraction\W3DZH.big\Art\W3D,C:\Programs\Generals Big Extraction\W3DZH.big\Art\W3D\USA - Base Defense - Fire Base - ABFIREBASE_D.mp4,new
345,00129--abbtcmdhqa--e78ee193,00129--abbtcmdhqa--e78ee193,1,W3DZH.big\Art\W3D\Air F America Command Center - AbbtCmdHQA.w3d,gif,C:\Users\Jeff\Documents\Codex\2026-08-18\in\w3d-animation-production\output\00129--abbtcmdhqa--e78ee193\USA - Base Infrastructure - Command Center - AbbtCmdHQA.gif,71567,a7ab7e9d0126e2f79ee646ec3271212253d38de1d62756ab8bb4f519bd11a4dd,C:\Programs\Generals Big Extraction\W3DZH.big\Art\W3D,C:\Programs\Generals Big Extraction\W3DZH.big\Art\W3D\USA - Base Infrastructure - Command Center - AbbtCmdHQA.gif,new
348,04050--avbattledr--01127027,04050--avbattledr--01127027,1,"ZH_Generals\W3D.big\Art\W3D\Air F America Vehicle Battle Drone, America Vehicle Battle Drone, Lazr America Vehicle Battle Drone, Sup W America Vehicle Battle Drone, Sup W Amer - avbattledr.w3d",mp4,C:\Users\Jeff\Documents\Codex\2026-08-18\in\w3d-animation-production\output\04050--avbattledr--01127027\USA - Ground Vehicles - Battle Drone - avbattledr.mp4,8173,5ae57267490668bc3868438ddf15f323209055ee5cae112d275e94aa52080577,C:\Programs\Generals Big Extraction\ZH_Generals\W3D.big\Art\W3D,C:\Programs\Generals Big Extraction\ZH_Generals\W3D.big\Art\W3D\USA - Ground Vehicles - Battle Drone - avbattledr.mp4,new
351,04051--avconstdoz-a--8a249895,04051--avconstdoz-a--8a249895,1,"ZH_Generals\W3D.big\Art\W3D\Air F America Vehicle Dozer, America Vehicle Dozer, Boss Vehicle Dozer, Lazr America Vehicle Dozer, Sup W America Vehicle Dozer - avconstdoz_A.w3d",mp4,C:\Users\Jeff\Documents\Codex\2026-08-18\in\w3d-animation-production\output\04051--avconstdoz-a--8a249895\USA - Ground Vehicles - Dozer - avconstdoz_A.mp4,37263,1659308990e4eceb5775e7855b84a0f1b733ae437c3238dce02a9a663b4859ac,C:\Programs\Generals Big Extraction\ZH_Generals\W3D.big\Art\W3D,C:\Programs\Generals Big Extraction\ZH_Generals\W3D.big\Art\W3D\USA - Ground Vehicles - Dozer - avconstdoz_A.mp4,new
353,00154--avrepairdr--9e43721a,00154--avrepairdr--9e43721a,1,W3DZH.big\Art\W3D\America Vehicle Repair Drone - avrepairdr.w3d,mp4,C:\Users\Jeff\Documents\Codex\2026-08-18\in\w3d-animation-production\output\00154--avrepairdr--9e43721a\USA - Ground Vehicles - Repair Drone - avrepairdr.mp4,21974,9bb6706452c4ea36927e8c8999f2a20e60adb962377990bfbd4d19824fe0dd4a,C:\Programs\Generals Big Extraction\W3DZH.big\Art\W3D,C:\Programs\Generals Big Extraction\W3DZH.big\Art\W3D\USA - Ground Vehicles - Repair Drone - avrepairdr.mp4,new
354,04052--avscoutdr--1c09ec5d,04052--avscoutdr--1c09ec5d,1,"ZH_Generals\W3D.big\Art\W3D\Air F America Vehicle Hellfire Drone, Air F America Vehicle Scout Drone, America Vehicle Scout Drone, Lazr America Vehicle Hellfire Drone, Lazr Amer - avscoutdr.w3d",mp4,C:\Users\Jeff\Documents\Codex\2026-08-18\in\w3d-animation-production\output\04052--avscoutdr--1c09ec5d\USA - Ground Vehicles - Scout Drone - avscoutdr.mp4,5979,95b06e8f09181ca025349fbeeca46746667ecd0c142c1f1478d5bc9b546492b8,C:\Programs\Generals Big Extraction\ZH_Generals\W3D.big\Art\W3D,C:\Programs\Generals Big Extraction\ZH_Generals\W3D.big\Art\W3D\USA - Ground Vehicles - Scout Drone - avscoutdr.mp4,new
355,00141--avsentry--06624208,00141--avsentry--06624208,1,"W3DZH.big\Art\W3D\Air F America Vehicle Sentry Drone, America Vehicle Sentry Drone, Boss Vehicle Sentry Drone, Lazr America Vehicle Sentry Drone, MISSION America Vehicle Sentry - AVSentry.w3d",gif,C:\Users\Jeff\Documents\Codex\2026-08-18\in\w3d-animation-production\output\00141--avsentry--06624208\USA - Ground Vehicles - Sentry Drone - AVSentry.gif,87361,942b8e32f627c2e0da67affa40f600c6ecaf53216a3d9d7a52b1f901e4e56feb,C:\Programs\Generals Big Extraction\W3DZH.big\Art\W3D,C:\Programs\Generals Big Extraction\W3DZH.big\Art\W3D\USA - Ground Vehicles - Sentry Drone - AVSentry.gif,new
356,00264--avsolodrn--3ec3891f,00264--avsolodrn--3ec3891f,1,W3DZH.big\Art\W3D\AVSoloDrn.w3d,mp4,C:\Users\Jeff\Documents\Codex\2026-08-18\in\w3d-animation-production\output\00264--avsolodrn--3ec3891f\USA - Ground Vehicles - Solo Drn - AVSoloDrn.mp4,8089,aee697b1776960a61fc1b9ff67982e3fb298c4fe6f16c43845c9d2258e2d7ed8,C:\Programs\Generals Big Extraction\W3DZH.big\Art\W3D,C:\Programs\Generals Big Extraction\W3DZH.big\Art\W3D\USA - Ground Vehicles - Solo Drn - AVSoloDrn.mp4,new
357,04055--avspydrone--dd3c7003,04055--avspydrone--dd3c7003,1,"ZH_Generals\W3D.big\Art\W3D\Air F America Vehicle Spy Drone, America Vehicle Spy Drone, Lazr America Vehicle Spy Drone, Sup W America Vehicle Spy Drone - AVSpyDrone.w3d",mp4,C:\Users\Jeff\Documents\Codex\2026-08-18\in\w3d-animation-production\output\04055--avspydrone--dd3c7003\USA - Ground Vehicles - Spy Drone - AVSpyDrone.mp4,22785,92cda9ce35acf0521279b83b94c499dffda9255642fce4cc59e5cc31fa907e4d,C:\Programs\Generals Big Extraction\ZH_Generals\W3D.big\Art\W3D,C:\Programs\Generals Big Extraction\ZH_Generals\W3D.big\Art\W3D\USA - Ground Vehicles - Spy Drone - AVSpyDrone.mp4,new
358,04038--abarfrccmd--8889ee32,04038--abarfrccmd--8889ee32,1,"ZH_Generals\W3D.big\Art\W3D\Air F America Airfield, America Airfield, Lazr America Airfield, Sup W America Airfield - ABArFrcCmd.w3d",gif,C:\Users\Jeff\Documents\Codex\2026-08-18\in\w3d-animation-production\output\04038--abarfrccmd--8889ee32\USA - Production Building - Airfield - ABArFrcCmd.gif,80870,44b52bce9e6673b1f94b8b55f895402a7f12c6f548dea746b0c9f947a79661b8,C:\Programs\Generals Big Extraction\ZH_Generals\W3D.big\Art\W3D,C:\Programs\Generals Big Extraction\ZH_Generals\W3D.big\Art\W3D\USA - Production Building - Airfield - ABArFrcCmd.gif,new
359,04039--abbarracks--38f9645f,04039--abbarracks--38f9645f,1,"ZH_Generals\W3D.big\Art\W3D\Air F America Barracks, America Barracks, Lazr America Barracks, Sup W America Barracks - ABBARRACKS.w3d",gif,C:\Users\Jeff\Documents\Codex\2026-08-18\in\w3d-animation-production\output\04039--abbarracks--38f9645f\USA - Production Building - Barracks - ABBARRACKS.gif,82762,95ab39a184b8a03ac565ea1c46b765103f2dbf457db2ffb77d84d966748940e2,C:\Programs\Generals Big Extraction\ZH_Generals\W3D.big\Art\W3D,C:\Programs\Generals Big Extraction\ZH_Generals\W3D.big\Art\W3D\USA - Production Building - Barracks - ABBARRACKS.gif,new
360,00056--abnukesilo-a2--3bd05a62,00056--abnukesilo-a2--3bd05a62,1,W3DZH.big\Art\W3D\ABNukeSilo_A2.w3d,mp4,C:\Users\Jeff\Documents\Codex\2026-08-18\in\w3d-animation-production\output\00056--abnukesilo-a2--3bd05a62\USA - Superweapon - Cruise Missile Launcher - ABNukeSilo_A2.mp4,23033,e123124f488038e4348b5485b06a6d298c040436da60497980dcbce797710600,C:\Programs\Generals Big Extraction\W3DZH.big\Art\W3D,C:\Programs\Generals Big Extraction\W3DZH.big\Art\W3D\USA - Superweapon - Cruise Missile Launcher - ABNukeSilo_A2.mp4,new
361,00057--abnukesilo-a2d--255fc182,00057--abnukesilo-a2d--255fc182,1,W3DZH.big\Art\W3D\ABNukeSilo_A2D.w3d,mp4,C:\Users\Jeff\Documents\Codex\2026-08-18\in\w3d-animation-production\output\00057--abnukesilo-a2d--255fc182\USA - Superweapon - Cruise Missile Launcher - ABNukeSilo_A2D.mp4,23390,4877679e7592ebd113362f5d9fc51b6676b92c6cc9398fe42e45fcd4c96f3519,C:\Programs\Generals Big Extraction\W3DZH.big\Art\W3D,C:\Programs\Generals Big Extraction\W3DZH.big\Art\W3D\USA - Superweapon - Cruise Missile Launcher - ABNukeSilo_A2D.mp4,new
