label,value_index,text,extra
GUI:GameOptions,1,GAME OPTIONS,
GUI:SinglePlayer,1,SOLO PLAY,
GUI:Network,1,NETWORK,
GUI:Options,1,OPTIONS,
GUI:Skirmish,1,SKIRMISH,
GUI:Back,1,BACK,
GUI:StartGame,1,PLAY GAME,
GUI:Color,1,Color,
GUI:Slower,1,Slower,
GUI:Faster,1,Faster,
GUI:Low,1,Low,
GUI:Medium,1,Medium,
GUI:High,1,High,
GUI:None,1,None,
GUI:Random,1,Random,
GUI:Cancel,1,CANCEL,
GUI:Ok,1,OK,
GUI:Delete,1,Remove,
GUI:Description,1,Description,
GUI:Load,1,LOAD,
GUI:Progress,1,Progress,
GUI:Assign,1,Assign,
GUI:CustomizeKeyboard,1,Customize Keyboard,
GUI:Category,1,Category,
GUI:Commands,1,Commands,
GUI:ResetAll,1,Reset All,
GUI:DisplayOptions,1,DISPLAY OPTIONS,
GUI:KeyboardOptions,1,Keyboard Options,
GUI:MainMenu,1,EXIT,
GUI:Units,1,Units,
GUI:Buildings,1,Buildings,
GUI:Players,1,Players,
GUI:Preview,1,Map Preview,
GUI:Save,1,Save,
GUI:Side,1,Army,
GUI:Accept,1,ACCEPT,
GUI:Games,1,Games,
GUI:Join,1,JOIN GAME,
GUI:LoadGame,1,LOAD GAME,
GUI:SaveGame,1,SAVE GAME,
GUI:Score,1,Score,
GUI:Add,1,Add,
GUI:MusicVolume,1,Music Volume,
GUI:VoiceVolume,1,Voice Volume,
GUI:Play,1,Play Game,
GUI:Stop,1,STOP,
GUI:Continue,1,CONTINUE,
GUI:MaxPing,1,Max Ping Allowed:,
GUI:Ladder,1,Ladder,
GUI:Close,1,Close,
GUI:Help,1,Help,
GUI:Rank,1,Rank,
GUI:Password,1,Password,
GUI:Disconnect,1,DISCONNECT,
GUI:No,1,NO,
GUI:Yes,1,YES,
GUI:Blank,1,.,
GUI:Open,1,Open,
GUI:Closed,1,Closed,
GUI:Login,1,LOGIN,
GUI:WOLWelcome,1,Welcome General %hs,
GUI:QuickMatch,1,QUICKMATCH,
GUI:CustomMatch,1,CUSTOM MATCH,
GUI:LadderRank,1,Ladder Rank,
GUI:Disconnects,1,Disconnects,
GUI:CreateGame,1,CREATE GAME,
GUI:AutoLogin,1,Auto Login in the Future,
GUI:AddBuddy,1,Add Buddy,
GUI:RemoveBuddy,1,Remove Buddy,
GUI:AudioOptions,1,AUDIO OPTIONS,
GUI:LadderWins,1,Ladder Wins,
GUI:LadderLosses,1,Ladder Losses,
GUI:LadderPoints,1,Ladder Points,
WOL:BuddyOffline,1,%ls is offline,
WOL:Locale00,1,Unknown,
WOL:Locale01,1,Other Location,
WOL:Locale02,1,United States,
WOL:Locale03,1,Canada,
WOL:Locale04,1,United Kingdom,
WOL:Locale05,1,Germany,
WOL:Locale06,1,France,
WOL:Locale07,1,Spain,
WOL:Locale08,1,Netherlands,
WOL:Locale09,1,Belgium,
WOL:Locale10,1,Austria,
WOL:Locale11,1,Switzerland,
WOL:Locale12,1,Italy,
WOL:Locale13,1,Denmark,
WOL:Locale14,1,Sweden,
WOL:Locale15,1,Norway,
WOL:Locale16,1,Finland,
WOL:Locale17,1,Israel,
WOL:Locale18,1,South Africa,
WOL:Locale19,1,Japan,
WOL:Locale20,1,Korea,
WOL:Locale21,1,China,
WOL:Locale22,1,Singapore,
WOL:Locale23,1,Taiwan,
WOL:Locale24,1,Malaysia,
WOL:Locale25,1,Australia,
WOL:Locale26,1,New Zealand,
WOL:Locale27,1,Brazil,
WOL:Locale28,1,Thailand,
WOL:Locale29,1,Argentina,
WOL:Locale30,1,Philippines,
WOL:Locale31,1,Greece,
WOL:Locale32,1,Ireland,
WOL:Locale33,1,Poland,
WOL:Locale34,1,Portugal,
WOL:Locale35,1,Mexico,
WOL:Locale36,1,Russia,
WOL:Locale37,1,Turkey,
GUI:Observer,1,Observer,
GUI:Team,1,Team,
LETTER:G,1,G,
LETTER:L,1,L,
LETTER:M,1,M,
LETTER:S,1,S,
LETTER:O,1,O,
NUMBER:1,1,1,
NUMBER:2,1,2,
NUMBER:3,1,3,
NUMBER:4,1,4,
NUMBER:5,1,5,
NUMBER:6,1,6,
NUMBER:7,1,7,
NUMBER:8,1,8,
NUMBER:9,1,9,
NUMBER:0,1,0,
Color:Gold,1,Gold,
Color:Red,1,Red,
Color:Blue,1,Blue,
Color:Green,1,Green,
Color:Orange,1,Orange,
Color:SkyBlue,1,Cyan,
Color:Purple,1,Purple,
Color:Pink,1,Pink,
MSG:Testing,1,"Mary had a little lamb, it's fleece as white as snow",
MSG:Test2,1,"And everywhere that Mary when, the lamb was sure to go",
GUI:ShowBehindBuildings,1,Heat signature behind buildings ON,
GUI:HideBehindBuildings,1,Heat signature behind buildings OFF,
GUI:DetailsSetToLowest,1,Low graphics detail,
GUI:ReturnGraphicsToPreviousSettings,1,Setting your graphic details to their previous settings,
GUI:BeaconLabel,1,Type message:,
GUI:Beacon,1,Beacon,
GUI:EACopyright,1,© 2003 ELECTRONIC ARTS INC. ALL RIGHTS RESERVED,
GUI:DeleteBeacon,1,"Delete 
 Beacon",
GUI:BeaconPlaced,1,A Beacon was placed by %ls,
GUI:BeaconPlacementFailed,1,Cannot place Beacon here,
GUI:TooManyBeacons,1,"Sorry, you can't place any more Beacons",
GUI:EA,1,EA,
GUI:TestBrowser,1,Test Browser,
GUI:Multiplayer,1,MULTIPLAYER,
GUI:GameName,1,Game Name:,
GUI:NoFileSelected,1,PLEASE SELECT A FILE,
GUI:PleaseSelectAFile,1,Please select a file,
GUI:DeleteFile,1,DELETE FILE?,
GUI:AreYouSureDelete,1,Are you sure you would like to delete the selected file?,
GUI:CopyFileToDesktop,1,COPY REPLAY TO DESKTOP?,
GUI:AreYouSureCopy,1,Are you sure you want to copy this file to the Desktop? This will overwrite any file with the same name,
GUI:ErrorCopyingFile,1,THERE WAS AN ERROR COPYING THE FILE,
GUI:LoadReplay,1,LOAD REPLAY,
GUI:DeleteReplay,1,DELETE REPLAY,
GUI:CopyReplay,1,COPY REPLAY,
GUI:ErrorDeletingFile,1,THERE WAS AN ERROR DELETING THE FILE,
GUI:ShortDescription,1,Short description of the game:,
GUI:LadderName,1,Ladder Name:,
GUI:LadderPassword,1,Ladder Password,
GUI:LadderURL,1,Homepage: %hs,
GUI:LadderHasPassword,1,This Ladder is password protected,
GUI:LadderMinWins,1,Minimum wins required: %d,
GUI:LadderMaxWins,1,Maximum wins allowed: %d,
GUI:LadderFactions,1,Allowed army factions:,
GUI:LadderRandomFactions,1,Random army factions:,
GUI:LadderMaps,1,Allowed maps:,
GUI:LadderRandomMaps,1,Random maps:,
GUI:AllowObservers,1,Allow Observers,
GUI:USA,1,USA,
GUI:China,1,China,
GUI:GLA,1,GLA,
GUI:AmericaAllies,1,USA Allies,
GUI:ChinaAllies,1,China Allies,
GUI:GLAAllies,1,GLA Allies,
GUI:AmericaEnemies,1,USA Enemies,
GUI:ChinaEnemies,1,China Enemies,
GUI:GLAEnemies,1,GLA Enemies,
GUI:EndCampaign,1,END CAMPAIGN,
GUI:Retry,1,PLAY AGAIN?,
GUI:RecentSave,1,Recent Save,
GUI:GetUpdate,1,Get Update,
GUI:DirectConnect,1,DIRECT CONNECT,
GUI:WorldBuilder,1,WORLD BUILDER,
GUI:WorldBuilderLoadFailed,1,World Builder failed to load,
GUI:DontUseAccount,1,Don't Use Account,
GUI:UseAccount,1,Use Account,
GUI:ScoreScreen,1,Score Screen,
GUI:Rehost,1,PLAY AGAIN?,
GUI:UnitsBuilt,1,"Units 
 Created",
GUI:UnitsLost,1,"Units 
 Lost",
GUI:UnitsKilled,1,"Units 
 Destroyed",
GUI:BuildingsBuilt,1,"Buildings 
 Constructed",
GUI:BuildingsLost,1,"Buildings 
 Lost",
GUI:BuildingsKilled,1,"Buildings 
 Destroyed",
GUI:ResourcesCollected,1,"Supplies 
 Collected",
GUI:QuitPopupTitle,1,EXIT?,
GUI:QuitPopupMessage,1,Are you sure you want to exit?,
GUI:MaxSelectionSize,1,You can only select %d units at one time,
GUI:MessagesOn,1,Messages Enabled,
GUI:MissionDescription,1,Mission Description,
GUI:MOTD,1,Message Of The Day,
GUI:DesyncTitle,1,Out of Synch,
GUI:DesyncText,1,"C&C Generals Zero Hour has gone out of synch with the other game participants. It is possible that the other participants have modified their versions. C&C Generals Zero Hour cannot continue, however, you may add players to your Ignore List from your Communicator if you choose not to play with them in the future",
GUI:LadderDetails,1,Ladder Info,
GUI:SystemMaps,1,Official Maps,
GUI:UserMaps,1,Unofficial Maps,
GUI:WaitingToBeginConnection,1,Waiting to begin,
GUI:NetgearDelay,1,Send Delay,
GUI:WaitingForManglerResponse,1,Waiting for external Internet Provider response,
GUI:WaitingForMangledPort,1,Waiting for port number,
GUI:WaitingForResponse,1,Waiting for probe response,
GUI:ConnectionDone,1,Connection is completed,
GUI:ConnectionFailed,1,Connection has failed,
GUI:UnknownConnectionState,1,Status of NAT/Firewall is unknown,
GUI:Logout,1,MAIN MENU,
GUI:CancelMapSelect,1,CANCEL,
GUI:Deny,1,Reject,
GUI:Victory,1,Victory,
GUI:Ignore,1,IGNORE,
GUI:Unignore,1,Unignore,
GUI:Stats,1,Persona,
GUI:GetMapPack,1,Download Map Pack,
GUI:Defeat,1,Defeat,
GUI:YouAreVictorious,1,You are Victorious!,
GUI:YouHaveBeenDefeated,1,You have been Defeated,
GUI:PlayerAlive,1,Playing,
GUI:PlayerDead,1,Defeated,
GUI:PlayerObserver,1,Observing,
GUI:PlayerObserverGone,1,AWOL,
GUI:PlayerGone,1,AWOL,
GUI:PlayerName,1,Player Name,
GUI:Info,1,Player Info,
GUI:Players:,1,Players:,
GUI:GameOptions:,1,Game Options:,
GUI:GameName:,1,Game:,
GUI:MapName:,1,Map:,
GUI:SelectMap,1,SELECT MAP,
GUI:SelectAMap,1,SELECT MAP,
GUI:SelectAGame,1,SELECT GAME,
GUI:Start,1,PLAY GAME,
GUI:Host,1,CREATE GAME,
GUI:LocaleSelect,1,SELECT YOUR LOCALE,
GUI:Command&ConquerGenerals,1,Command & Conquer (TM) Generals Zero Hour,
GUI:Command&Conquer,1,Command & Conquer (TM),
GUI:Generals,1,Generals Zero Hour,
GUI:GeneralsOnline,1,ONLINE,
GUI:SendDelay,1,Send Delay,
GUI:FirewallRefresh,1,Refresh NAT,
GUI:Exit,1,EXIT GAME,
GUI:X,1,X,
GUI:Campaign,1,CAMPAIGN,
GUI:WestwoodPacific,1,EA Pacific,
GUI:ClickToDisplayGameInfo,1,Click to display game info,
GUI:GameInfo,1,Game Info,
GUI:OptionsDescription,1,Display Game Options Dialog,
GUI:SFXVolume,1,Sound FX Volume,
GUI:3DSound,1,3D Sound,
GUI:ScrollSpeed,1,Scroll Speed,
GUI:Resolution,1,Resolution,
GUI:Resolution0,1,1024x768,
GUI:Resolution1,1,800x600,
GUI:Resolution2,1,640x480,
GUI:Detail,1,Detail,
GUI:???,1,???,
GUI:Faction,1,Army,
GUI:AntiAliasing0,1,Off,
GUI:AntiAliasing1,1,Low,
GUI:AntiAliasing2,1,High,
GUI:IPAddresses,1,LAN IP:,
GUI:MinPointPercent,1,Min Win Percent Required:,
GUI:MaxPointPercent,1,Max Win Percent Allowed:,
GUI:NumPlayers,1,Players:,
GUI:PlayersVersusPlayers,1,%dv%d,
GUI:TimeInMilliseconds,1,%d ms,
GUI:MaxDisconnects,1,Max Disconnects Allowed:,
GUI:Confirm,1,Are you sure?,
GUI:NothingSelected,1,Nothing selected,
GUI:SelectedAcrossScreen,1,Selected across screen,
GUI:SelectedAcrossMap,1,Selected across map,
KEYBOARD:Shift+,1,Shift+,
KEYBOARD:Alt+,1,Alt+,
KEYBOARD:Ctrl+,1,Ctrl+,
TOOLTIP:ScienceCost,1,Cost: %d,
TOOLTIP:Cost,1,Cost: %d,
TOOLTIP:SupplyWarehouse,1,"
 $%d remain",
TOOLTIP:LobbyPlayers,1,Players currently in the Game Lobby,
TOOLTIP:StartWorldBuilder,1,Start the World Builder editor,
TOOLTIP:GetUpdate,1,Download game update,
TOOLTIP:GetMapPack,1,Download new map pack,
TOOLTIP:Skirmish,1,Enter Skirmish setup menu,
TOOLTIP:Online,1,Click to join C&C Generals Zero Hour Online. Test your skills against opponents from around the world!,
TOOLTIP:Network,1,Click to Join the Network Lobby. Test your mettle against your friends over a Local Area Network,
TOOLTIP:Options,1,"Click to modify the game options. You may adjust your video, audio and game preferences",
TOOLTIP:Exit,1,"Exit C&C Generals Zero Hour. Good luck in the field, Commander",
TOOLTIP:ExitGame,1,"Exit C&C Generals Zero Hour. Good luck in the field, Commander",
TOOLTIP:LoadGame,1,Click to load the selected game,
TOOLTIP:MapPreviewWindow,1,Map previews can give you a leg up on the battle to come. Make sure to look for your Supply Docks & Tech Buildings. You may also choose your starting point,
TOOLTIP:SaveGame,1,Click to save your game in progress,
TOOLTIP:AcceptButton,1,Accept your current choice,
TOOLTIP:CopyReplayToDesktop,1,Copy selected Replay file to your Desktop,
TOOLTIP:ProviderType,1,Select your Audio Provider,
TOOLTIP:SpeakerType,1,Select your Speaker Configuration,
TOOLTIP:LANPlayer,1,%ls@%ls,
TOOLTIP:Resolution,1,"Pick a screen resolution for your game. The higher the resolution, the slower your game is likely to play",
TOOLTIP:CommandCategory,1,Pick a category of keyboard command,
TOOLTIP:CommandDescription,1,The description of your selected command,
TOOLTIP:StartPosition,1,Starting Position,
TOOLTIP:SelectMap,1,Select the battlefield you would like to use,
TOOLTIP:Vote,1,Click to vote player out of game in order for you to continue,
TOOLTIP:NumberOfVotes,1,Votes cast to remove player,
TOOLTIP:QuitMultiplayerGame,1,Exit to game menus,
TOOLTIP:RestartGame,1,Restart game with same preferences,
TOOLTIP:Help,1,.,
TOOLTIP:StartLocation,1,Starting position,
TOOLTIP:ReturnToGame,1,RETURN TO GAME,
TOOLTIP:CommandList,1,Available commands for the current category,
TOOLTIP:CurrentHotkey,1,Displays the current Hotkey for this command,
TOOLTIP:AssignHotkey,1,Enter your new command Hotkey here,
TOOLTIP:AssignHotkeyCurrent,1,The command this Hotkey is currently assigned to,
TOOLTIP:AssignButton,1,Assigns your chosen Hotkey command,
TOOLTIP:ResetAll,1,Resets all of your keyboard Hotkeys to default,
TOOLTIP:BackButton,1,Return to previous menu,
TOOLTIP:ProviderSelect,1,Select the 3-D Audio Provider. The game has already chosen your optimal set up but you may manually change if you prefer,
TOOLTIP:SpeakerSelect,1,Select your speaker setup. The game has already chosen your optimal set up but you may manually change if you prefer,
TOOLTIP:DontUseAccount,1,Log in without using your C&C Generals Zero Hour Online Account. You will not be able to access your Player Persona or Communicator,
TOOLTIP:CommunicatorButton,1,Contact your buddies,
TOOLTIP:NameButton,1,Sort by game name,
TOOLTIP:PingButton,1,Sort by Ping,
TOOLTIP:UseAccount,1,Join C&C Generals Zero Hour Online,
TOOLTIP:Login,1,Join C&C Generals Zero Hour Online,
TOOLTIP:CreateAccount,1,Create a new C&C Generals Zero Hour Online account,
TOOLTIP:TOS,1,View the Service Terms agreement,
TOOLTIP:RememberInfo,1,Remember login info. Not recommended for computers with multiple users,
TOOLTIP:Back,1,Return to previous screen,
TOOLTIP:BattleHonors,1,"The Battle Honors a player has received 
 Battle Honors are won by achieving certain goals in solo or multiplay",
TOOLTIP:BattleHonorStreak3,1,"Streak Honor 
 Player has won 3 Skirmish games in a row 
 Earn a new medal for 3, 10, 25, 100, 500 & 1000 consecutive wins",
TOOLTIP:BattleHonorStreak10,1,"Streak Honor 
 Player has won 10 Skirmish games in a row 
 Earn a new medal for 3, 10, 25, 100, 500 & 1000 consecutive wins",
TOOLTIP:BattleHonorLoyaltyUSA,1,"USA Loyalty Honor 
 Player has played 20+ games in a row as the USA",
TOOLTIP:BattleHonorLoyaltyChina,1,"China Loyalty Honor 
 Player has played 20+ games in a row as China",
TOOLTIP:BattleHonorLoyaltyGLA,1,"GLA Loyalty Honor 
 Player has played 20+ games in a row as the GLA",
TOOLTIP:BattleHonorBattleTank,1,"Battle Tank Honor 
 Player has built 50+ tanks in a solo or multiplayer online game",
TOOLTIP:BattleHonorAirWing,1,"Air Wing Honor 
 Player has built 20+ aircraft in a solo or multiplayer online game",
TOOLTIP:BattleHonorEndurance,1,"Endurance Honor 
 Beat every map to earn a Bronze, Silver, or Gold medal",
TOOLTIP:BattleHonorCampaignUSA,1,"USA Campaign Honor 
 Complete the USA Campaign to earn this honor 
 Beat the campaign on Hard difficulty to achieve the highest honor",
TOOLTIP:BattleHonorCampaignChina,1,"China Campaign Honor 
 Complete the China Campaign to earn this honor 
 Beat the campaign on Hard difficulty to achieve the highest honor",
TOOLTIP:BattleHonorCampaignGLA,1,"GLA Campaign Honor 
 Complete the GLA Campaign to earn this honor 
 Beat the campaign on Hard difficulty to achieve the highest honor",
TOOLTIP:BattleHonorChallenge,1,"Challenge Honor 
 Player has defeated a Hard computer opponent",
TOOLTIP:ProgressToNextRank,1,Progress until the next rank is acheived,
TOOLTIP:SetLocale,1,Change your current Locale selection,
TOOLTIP:DeleteAccount,1,Delete your current account,
TOOLTIP:AsianText,1,"Click to toggle Asian chat, etc",
TOOLTIP:NonAsianText,1,"Click to toggle Non Asian chat, etc",
GUI:AreYouSureDeleteAccount,1,Are you sure you want to permanently delete your account and all your saved statistics?,
GUI:NonAsianText,1,Non-Asian Text,
GUI:AsianText,1,Asian Text,
GUI:DeleteAccount,1,DELETE ACCOUNT,
GUI:SetLocale,1,SET LOCALE,
GUI:WinLoss,1,Win/Loss,
GUI:FavSide,1,Favorite Army,
GUI:Discons,1,Disconnects,
GUI:BattleHonors,1,Battle Honors,
GUI:TotalBuddys,1,Total Buddys,
GUI:PlayerStatistics,1,"%hs, from %ls",
GUI:TotalBuilt,1,Total Built,
GUI:TotalDeaths,1,Total Deaths,
GUI:TotalKills,1,Total Kills,
GUI:FavoriteUnit,1,Favorite Unit,
GUI:FavoriteSide,1,Favorite Army,
GUI:Loses,1,Losses,
GUI:Wins,1,Wins,
GUI:TotalDesyncs,1,Desyncs,
GUI:TotalDisconnects,1,Disconnects,
GUI:GamesPlayed,1,Games Played,
GUI:TOS,1,SERVICE TERMS,
GUI:RememberInfo,1,Remember my Info,
GUI:HostWantsToStart,1,The Host wants to start. Press the Accept button,
GUI:PlayerNoMap,1,%ls does not have the map %ls,
GUI:LocalPlayerNoMap,1,You do not have the map %ls,
GUI:NeedMorePlayers,1,You need more player(s) to start the game,
GUI:NotifiedStartIntent,1,The other players have been notified that you want to start the game,
GUI:HostLeft,1,The host left the game but C&C Generals Zero Hour will continue,
GUI:HostLeftTitle,1,HOST HAS LEFT,
GUI:WidenSearch,1,WIDEN SEARCH,
GUI:QMAborted,1,Matching aborted,
GUI:DrawScrollAnchor,1,Draw scroll anchor,
GUI:MoveScrollAnchor,1,Move scroll anchor,
GUI:GroupRoom1,1,1 vs 1,
GUI:GroupRoom2,1,2 vs 2,
GUI:GroupRoom3,1,3 vs 3,
GUI:Email,1,Email,
GUI:NoLadder,1,No Ladder,
GUI:ChooseLadder,1,CHOOSE A LADDER,
GUI:UnknownLadder,1,Unknown Ladder,
GUI:WOLLogin,1,GENERALS ONLINE LOG IN,
GUI:PleaseEnterWOLInfo,1,Please enter info,
GUI:Username,1,Nickname,
GUI:Server,1,Server,
GUI:RememberPassword,1,Remember My Password,
GUI:CreateAccount,1,CREATE ACCOUNT,
GUI:TryAgain,1,Try Again,
GUI:NetworkOptions,1,NETWORK OPTIONS,
GUI:GammaAdjustment,1,Brightness,
GUI:HelpDescription,1,Display help dialog,
GUI:ReturnToGame,1,RETURN TO GAME,
GUI:NewGame,1,New Game,
GUI:RestartGame,1,RESTART GAME,
GUI:MatchingProgress,1,QuickMatch Progress,
GUI:Player'sName,1,Opponent's Name,
GUI:AllTimeWins,1,All-Time Wins,
GUI:AllTimeLosses,1,All-Time Losses,
GUI:AllTimePoints,1,All-Time Rank Points,
GUI:AllTimeDisconnects,1,All-Time Disconnects,
GUI:HighestRank,1,All-Time Highest Rank,
GUI:Honor,1,Battle Honors,
GUI:LastUpdated,1,Player Profile Last Updated,
GUI:WOLIconKey,1,Icon Key,
GUI:MyInfo,1,MY PERSONA,
GUI:Buddies,1,COMMUNICATOR,
GUI:Community,1,Daily Army Win Percentages,
GUI:SortAlpha,1,Name,
GUI:SortPing,1,Connection,
GUI:SortBuddies,1,Buddies,
GUI:GSRank0,1,Private,
GUI:GSRank1,1,Corporal,
GUI:GSRank2,1,Sergeant,
GUI:GSRank3,1,Lieutenant,
GUI:GSRank4,1,Captain,
GUI:GSRank5,1,Major,
GUI:GSRank6,1,Colonel,
GUI:GSRank7,1,Brigadier General,
GUI:GSRank8,1,General,
GUI:GSRank9,1,Commander in Chief,
GUI:GSErrorTitle,1,Notification,
GUI:GSDisconnected,1,You have been disconnected from the chat server,
GUI:GSDisconReason1,1,That nickname has already been taken. Please choose another,
GUI:GSDisconReason2,1,That nickname is invalid. Please choose another,
GUI:GSDisconReason3,1,Lost connection to C&C Generals Zero Hour Online,
GUI:GSDisconReason4,1,Could not connect to C&C Generals Zero Hour Online,
GUI:GSDisconReason5,1,Login process has timed out. Please check your internet connection,
GUI:GSDisconReason6,1,"That nickname/email combo does not exist. If you want to create an account, click on Create Account",
GUI:GSDisconReason7,1,That email is invalid,
GUI:GSDisconReason8,1,That password is incorrect. Please try again,
GUI:GSDisconReason9,1,Bad profile,
GUI:GSDisconReason10,1,Profile has been deleted,
GUI:GSDisconReason11,1,Buddy server connection was refused,
GUI:GSDisconReason12,1,Buddy server authorization failed,
GUI:GSDisconReason13,1,Serial number is invalid. Please try another,
GUI:GSDisconReason14,1,Registry is corrupt and has been altered,
GUI:GSDisconReason15,1,Serial number is banned,
GUI:GSGroupRoomJoinFail,1,Failed to join chat room,
GUI:JoinFailedRoomFull,1,Failed to join - the room is full,
GUI:JoinFailedInviteOnly,1,Failed to join - the room is invitation only,
GUI:JoinFailedBannedFromRoom,1,Failed to join - you have been banned from the room,
GUI:JoinFailedBadPassword,1,Failed to join - incorrect password,
GUI:JoinFailedAlreadyInRoom,1,Failed to join - you are already in a room,
GUI:JoinFailedNoConnection,1,Failed to join - no connection to chat server,
GUI:JoinFailedCRCMismatch,1,Failed to join - the game is a different version,
GUI:JoinFailedUnknownLadder,1,Failed to join - the game is using an unknown ladder,
GUI:JoinFailedDefault,1,FAILED TO JOIN ROOM,
GUI:GSKicked,1,You were kicked from the room,
GUI:NATNegotiationFailed,1,Unable to connect to other player(s),
GUI:GPErrorTitle,1,BUDDY ERROR,
GUI:GPDisconnected,1,You have been disconnected from the buddy server. Would you like to reconnect?,
GUI:GPNoProfile,1,You did not log in using a Profile. No Buddy information is available,
GUI:PSErrorTitle,1,PERSISTENT STORAGE ERROR,
GUI:PSCannotConnect,1,Could not connect to the persistent storage server,
Buddy:Offline,1,Offline,
Buddy:Online,1,Online,
Buddy:Chatting,1,Chatting in %ls,
Buddy:Staging,1,Staging in %ls,
Buddy:Loading,1,Loading in %ls,
Buddy:Playing,1,Playing in %ls,
Buddy:Matching,1,QuickMatching,
Buddy:OnlineNotification,1,%hs is now online,
Buddy:OfflineNotification,1,%hs is now offline,
Buddy:AddNotification,1,Add Buddy request from %hs,
Buddy:MessageNotification,1,"%hs says: 
 '%s...'",
GUI:Com/Tac,1,Com/Tac,
GUI:MoneySymbol,1,$,
GUI:$$$,1,$$$,
GUI:OverchargeExhausted,1,Overcharge exhausted,
GUI:NotEnoughMoneyToBuild,1,You don't have enough money to build that,
GUI:NotEnoughMoneyToUpgrade,1,You don't have enough money to make upgrade,
GUI:Level,1,Level,
GUI:Tac,1,Tac,
GUI:Strat,1,Strat,
GUI:Struct,1,Struct,
GUI:Waypt,1,Waypt,
GUI:WOLStatus,1,C&C Generals Zero Hour Online Status,
GUI:AIDifficulty,1,Computer Difficulty,
GUI:EasyAI,1,Easy Army,
GUI:MediumAI,1,Medium Army,
GUI:HardAI,1,Hard Army,
GUI:Hide,1,BACK,
GUI:Pause,1,Pause,
GUI:NextFrame,1,Next Frame,
GUI:ReplayMenu,1,LOAD,
GUI:AntiAliasing,1,Anti-Aliasing,
GUI:ScreenCapture,1,Screen Captured to '%s',
GUI:ScreenshotCapture,1,Screen Capture,
GUI:ScreenshotCaptureDescription,1,Take a snapshot of the game screen,
GUI:Null,1,.,
GUI:CRCMismatch,1,Game has detected a mismatch. This means the multiplayer game has lost synchronization data between the players,
GUI:CurrentHotkey,1,Current Hotkey,
GUI:AssignNewHotkey,1,Assign New Hotkey,
GUI:CurrentlyAssignedTo,1,Currently Assigned To,
GUI:Reset,1,Reset,
QM:JOININGQMCHANNEL,1,Joining QuickMatch...,
QM:WORKING,1,There are %d players currently attempting to match...,
QM:POOLSIZE,1,There are %d players currently attempting to match...,
QM:LOOKINGFORBOT,1,Looking for the C&C Generals Zero Hour Online MatchMaker...,
QM:SENTINFO,1,Game info has been sent...,
QM:WIDENINGSEARCH,1,Widening search for opponents closest to your preferences...,
QM:MATCHED,1,"Excellent, a match has been found...",
QM:INCHANNEL,1,In channel...,
QM:NEGOTIATINGFIREWALLS,1,Negotiating firewalls...,
QM:STARTINGGAME,1,Starting the game...,
QM:COULDNOTFINDBOT,1,Could not find the MatchMaker,
QM:COULDNOTFINDCHANNEL,1,Could not find QuickMatch channel,
QM:COULDNOTNEGOTIATEFIREWALLS,1,Could not negotiate firewalls,
QM:STOPPED,1,Quickmatch aborted,
QM:WaitingForPlayerToJoin,1,Waiting for opponent to join,
QM:FindingGameChannel,1,Finding opponent's game,
QM:JoinedGameChannel,1,Joined opponent's game,
QM:PlayerJoined,1,Opponent joined,
QM:LookingForMatchChannel,1,Looking for QuickMatch channel,
QM:NoMatchChannel,1,No match QuickMatch channel found,
QM:JoinedMatchChannel,1,QuickMatch channel joined,
QM:NoMatchingBot,1,MatchMaker not found,
QM:GameNotFound,1,QuickMatch could not find your opponent's game not found,
QM:TimeoutOtherPlayer,1,QuickMatch timed out waiting for opponent to join the game,
Version:Format4,1,%d.%02d.%d Build %d %c%c,
Version:Format3,1,Version %d.%02d.%d,
Version:Format2,1,Version %d.%02d,
Version:BuildTime,1,%ls %ls,
Version:BuildMachine,1,Build machine: %ls,
Version:BuildUser,1,By %ls,
GUI:SuperweaponDaisyCutter,1,Fuel Air Bomb,
GUI:SuperweaponParadropAmerica,1,Paradrop,
GUI:SuperweaponClusterMines,1,Cluster Mines,
GUI:SuperweaponEMPPulse,1,EMP Pulse,
GUI:SuperweaponA10ThunderboltMissileStrike,1,A10 Missile Strike,
GUI:SuperweaponCrateDrop,1,Crate Drop,
GUI:SuperweaponCarpetBomb,1,Carpet Bomb,
GUI:SuperweaponNapalmStrike,1,Napalm Strike,
GUI:SuperweaponCashHack,1,Cash Hack,
GUI:SuperweaponNeutronMissile,1,Nuclear Missile,
GUI:SuperweaponScudStorm,1,Scud Storm,
GUI:SuperweaponTerrorCell,1,Terror Cell,
GUI:SuperweaponRebelAmbush,1,Ambush,
GUI:SuperweaponBlackMarketNuke,1,Black Market Nuke,
GUI:SuperweaponAnthraxBomb,1,Anthrax Bomb,
GUI:SuperweaponDemoralize,1,Demoralize,
GUI:SpecialAbilityGuidedMissiles,1,Laser Guided Missile,
GUI:SpecialAbilityDetonateCharges,1,Detonate Charges,
GUI:SuperweaponParticleUplinkCannon,1,Particle Uplink Cannon,
GUI:PatchAvailable,1,UPDATE AVAILABLE,
GUI:MustPatchForOnline,1,You must download the Update to play C&C Generals Zero Hour Online,
GUI:CanPatchForOnline,1,Would you like to download the Update?,
GUI:CheckingForPatches,1,Checking for Updates,
GUI:DownloadErrorTitle,1,DOWNLOAD ERROR,
GUI:DownloadSuccessTitle,1,DOWNLOAD SUCCESS,
GUI:DownloadSuccess,1,Download completed without errors,
GUI:DownloadSuccessMustQuit,1,Click OK to exit Command & Conquer Generals Zero Hour and apply the Update,
GUI:DownloadBytesRatio,1,%d / %d bytes,
GUI:DownloadTimeLeft,1,%d:%02d:%02d remaining,
GUI:DownloadUnknownTime,1,???,
FTP:StatusIdle,1,Idle,
FTP:UnknownError,1,Unknown Error,
FTP:NoSuchServer,1,No Such Server,
FTP:CouldNotConnect,1,Could Not Connect,
FTP:LoginFailed,1,Login Failed,
FTP:NoSuchFile,1,No Such File,
FTP:LocalFileOpenFailed,1,Local File Open Failed,
FTP:TCPError,1,TCP Error,
FTP:DisconnectError,1,Disconnect Error,
FTP:StatusConnecting,1,Connecting,
FTP:StatusLoggingIn,1,Logging In,
FTP:StatusFindingFile,1,Finding File,
FTP:StatusQueryingResume,1,Querying to Resume Download,
FTP:StatusDownloading,1,Downloading,
FTP:StatusDisconnecting,1,Disconnecting,
FTP:StatusFinishing,1,Finishing,
FTP:StatusDone,1,Done,
FTP:StatusNone,1,None,
WOL:InternalError,1,C&C Generals Zero Hour Online Internal Error,
WOL:ServerBan,1,"Sorry, you've been banned from C&C Generals Zero Hour Online. Please review the Service Terms",
WOL:DisconnectedError,1,"Sorry, you've been banned from C&C Generals Zero Hour Online. Please review the Service Terms",
WOL:NoServers,1,C&C Generals Zero Hour Online not found,
WOL:LoginTimeout,1,Timed out waiting to join C&C Generals Zero Hour Online,
WOL:NoMatchChannel,1,No match channel found,
WOL:NoMatchbot,1,No MatchMaker found,
WOL:BadMatchParams,1,Bad match parameters,
WOL:ChatErrorNickInUse,1,That nickname is already in use,
WOL:ChatErrorBadPass,1,Incorrect password for that name,
WOL:ChatErrorNoneSuch,1,No such user or channel,
WOL:ChatErrorConNetDown,1,Network connection is down,
WOL:ChatErrorConLookupFailed,1,DNS lookup failed,
WOL:ChatErrorConError,1,Fatal network error occurred,
WOL:ChatErrorTimeout,1,Timeout occurred,
WOL:ChatErrorMustPatch,1,You must get the latest Update before joining C&C Generals Zero Hour Online,
WOL:ChatErrorStatusError,1,Internal status error,
WOL:ChatErrorUnknownResponse,1,Unknown response,
WOL:ChatErrorChannelFull,1,Channel is full,
WOL:ChatErrorChannelExists,1,Channel already exists,
WOL:ChatErrorChannelDoesNotExist,1,Channel does not exist,
WOL:ChatErrorBadChannelPassword,1,Bad channel password,
WOL:ChatErrorBanned,1,"Sorry, you've been banned from C&C Generals Zero Hour Online. Please review the Service Terms",
WOL:ChatErrorNotOper,1,Cannot perform that operation,
WOL:ChatErrorAccountDisabled,1,Your account has been disabled,
WOL:ChatErrorSerialBanned,1,Your serial number has been banned. Please review the Service Terms,
WOL:ChatErrorSerialDup,1,Your serial is already in use,
WOL:ChatErrorSerialUnknown,1,Your serial is invalid,
WOL:NetUtilErrorGeneric,1,Generic NetUtil error,
WOL:NetUtilErrorBusy,1,Busy,
WOL:NetUtilErrorTimeout,1,Timeout,
WOL:NetUtilErrorInvalidField,1,Invalid field,
WOL:NetUtilErrorCantVerify,1,Can't verify,
WOL:NetUtilFinished,1,Finished,
WOL:UnknownError,1,Unknown error,
WOL:CouldNotCreateChannel,1,Could not create channel,
WOL:ErrorTitle,1,C&C Generals Zero Hour Online Error,
WOL:LoginErrorTitle,1,Login Error,
WOL:CreatingChannel,1,Creating channel,
WOL:ChannelClosed,1,Channel has closed,
WOL:BadChannelPassword,1,Bad channel password,
WOL:ChannelFull,1,Channel full,
WOL:BannedFromChannel,1,You've been banned from the channel,
WOL:CannotJoinChannel,1,Cannot join channel,
WOL:NoWOLAPI,1,Shared Internet Components have not been installed,
WOL:OldWOLAPI,1,Shared Internet Components need to be updated. Please install from the C&C Generals Zero Hour disc,
WOL:BadRegistry,1,C&C Generals Zero Hour Registry is corrupt,
WOL:GotPing,1,"Received ping of %dms. The lower the ping, the better the connection",
WOL:ServerListAndVersion,1,Fetching server list,
WOL:GettingPings,1,"Getting pings. The lower the ping, the better the connection",
WOL:Connecting,1,Connecting,
WOL:JoinedChannel,1,You joined %ls,
WOL:LeftChannel,1,You left %ls,
WOL:UserKicked,1,%ls kicked %ls out of %ls,
WOL:BeginIgnoreList,1,Begin Ignore List,
WOL:IgnoredUser,1,%ls,
WOL:EndIgnoreList,1,End Ignore List,
WOL:DownloadPatchNow,1,Would you like to download the Update at this time?,
WOL:FindInChannel,1,%ls is in %s,
WOL:FindInChannelOtherServer,1,%ls is in %s on %s,
WOL:FindOffline,1,%ls is not logged in,
WOL:FindHiding,1,%ls is not responding to search,
WOL:FindNotInChannel,1,%ls is not in a channel,
WOL:FindNotInChannelOtherServer,1,%ls is on %s,
WOL:Lob_49_0,1,Main Lobby,
WOL:Lob_49_1,1,Alternate,
WOL:Lob_49_2,1,Reality,
WOL:Lob_41_0,1,QuickMatch,
WOL:UnknownServer,1,unknown server,
WOL:UnknownChannel,1,unknown channel,
WOL:BuddyMatching,1,%ls is QuickMatching,
WOL:BuddyNotInChan,1,%ls is online,
WOL:BuddyInGame,1,%ls is playing a game,
WOL:BuddyInChat,1,%ls is chatting in %ls,
WOL:BuddyGameSetup,1,%ls is in %ls,
WOL:BuddyMatchingOtherServer,1,%ls is QuickMatching on %ls,
WOL:BuddyNotInChanOtherServer,1,%ls is online on %ls,
WOL:BuddyInGameOtherServer,1,%ls is playing a game on %ls,
WOL:BuddyInChatOtherServer,1,%ls is chatting in %ls on %ls,
WOL:BuddyGameSetupOtherServer,1,%ls is in %ls on %ls,
WOL:BuddyHiding,1,%ls is hiding,
Chat:Everyone,1,Everyone Views,
Chat:Allies,1,Only Allies View,
GUI:Clear,1,CLEAR,
LAN:GameStartTimerPlural,1,Game will start in %d seconds,
LAN:GameStartTimerSingular,1,Game will start in %d second,
LAN:HostNotResponding,1,Game exited; the host was not responding,
LAN:PlayerDropped,1,%ls dropped; player was not responding,
LAN:NeedMorePlayers,1,You need more than %d player(s) to start a game,
LAN:NeedMoreTeams,1,You need more than 1 team to start a game,
LAN:TooManyPlayers,1,This map only supports up to %d players,
LAN:OK,1,OK,
LAN:ErrorNoGameSelected,1,Please select a game first,
LAN:ErrorTimeout,1,Connection timed out,
LAN:ErrorGameFull,1,This game is full,
LAN:ErrorDuplicateName,1,Duplicate name already in game,
LAN:ErrorCRCMismatch,1,Game has detected a mismatch. This means the multiplayer game has lost synchronization data between the players. It is possible that your opponent has modified his version and you may want to include him on your Ignore List,
LAN:ErrorGameStarted,1,"Sorry, this game has already started",
LAN:ErrorGameExists,1,A game of the same name already exists,
LAN:ErrorGameGone,1,Game has dissappeared,
LAN:ErrorBusy,1,Another operation is pending,
LAN:ErrorUnknown,1,Unknown error,
LAN:JoinFailed,1,JOIN FAILED,
Network:PlayerLeft,1,%ls left the game,
INI:MissingDisplayName,1,MISSING DisplayName for Object '%S',
INI:FactionDefault,1,Default Army,
INI:FactionObserver,1,Observer,
INI:FactionCivilian,1,Civilian,
INI:FactionAmerica,1,USA,
INI:FactionChina,1,China,
INI:FactionGLA,1,GLA,
INI:FactionChinaHacker,1,Chinese Hacker,
SIDE:America,1,USA,
SIDE:China,1,China,
SIDE:GLA,1,GLA,
INI:RankLevel1,1,1 Star General,
INI:RankLevel2,1,2 Star General,
INI:RankLevel3,1,3 Star General,
INI:RankLevel4,1,4 Star General,
INI:RankLevel5,1,5 Star General,
INI:RankLevel6,1,Mr. Bad Dude (Rank 6),
INI:RankLevel7,1,Dr. Death (Rank 7),
INI:RankLevel8,1,Ultimate Deadly Dude (Rank 8),
TOOLTIP:MyInfo,1,"Click to explore your Persona Information. You may view your rank, points, wins, losses, Battle Honors, etc",
TOOLTIP:CustomMatch,1,Click to join the Custom Match Lobby to meet and chat with other players,
TOOLTIP:SelectAll,1,QuickMatch on all available maps,
TOOLTIP:SelectNone,1,QuickMatch on no maps,
TOOLTIP:EnterPassword,1,Please enter a password,
TOOLTIP:Quickmatch,1,Click to begin QuickMatch. QuickMatch will attempt to automatically match you with your closest skill level and preferences,
TOOLTIP:GameLobbys,1,.,
TOOLTIP:ClearButton,1,Clear the chat text window,
TOOLTIP:Disconnectbutton,1,Click to disconnect from your current game. Disconnect will be counted toward your overall total,
TOOLTIP:playersonline,1,List of players currently on C&C Generals Zero Hour Online,
TOOLTIP:WidenSearch,1,"Click to widen your opponent search criteria. The more specific your criteria is, the more difficult it can be to find an opponent",
TOOLTIP:Emote,1,.,
TOOLTIP:JoinGame,1,Click to join the selected game,
TOOLTIP:BuddyButton,1,Sort game list by Buddies,
TOOLTIP:matchingprogress,1,You can watch as QuickMatch searches for your best match. Keep your fingers crossed!,
TOOLTIP:CancelButton,1,Click to cancel the current operation,
TOOLTIP:resizewindows,1,Click and drag vertically to change the size of your Game List window vs. your Chat window,
TOOLTIP:CreateGame,1,Create a new game. The game will be displayed in the Game List window for other players to join,
TOOLTIP:ChatWindow,1,Type and press Enter in the Text Entry box below to send messages to this Chat window. Other players can read and respond,
TOOLTIP:StopSearch,1,Abort your current search,
TOOLTIP:StartSearch,1,Begin searching,
TOOLTIP:UnknownGame,1,Unknown game,
TOOLTIP:textentrybox,1,Type and press Enter in this Text Entry box to send messages to the Chat window above,
TOOLTIP:PlayersInLobby,1,Current players in your lobby,
TOOLTIP:LocalPlayer,1,Current player %s,
TOOLTIP:BuddyPlayer,1,Your buddy %s,
TOOLTIP:ProfiledPlayer,1,%s,
TOOLTIP:GenericPlayer,1,%s,
TOOLTIP:IgnoredModifier,1,(ignored),
TOOLTIP:PlayerInfo,1,"
 Region: %s 
 %d wins/%d losses",
TOOLTIP:GameInfoGameName,1,Game Name: %s,
TOOLTIP:GameInfoLadderName,1,"
 Ladder: %s",
TOOLTIP:LadderName,1,Ladder: %s,
TOOLTIP:UnknownLadder,1,"
 Unknown ladder",
TOOLTIP:NoLadder,1,"
 No ladder",
TOOLTIP:InvalidGameVersionSingleLine,1,This game version is different,
TOOLTIP:GameInfoMap,1,"
 Map: %s 
 Players:",
TOOLTIP:GameInfoPlayer,1,"
 %s (%d/%d)",
TOOLTIP:FreeForAll,1,Free For All. No teams/allies allowed,
TOOLTIP:ListOfPlayers,1,Players in the current game,
TOOLTIP:MapName,1,Currently selected map,
TOOLTIP:GameName,1,Name of the game,
TOOLTIP:StartGame,1,Begin a multiplayer game,
TOOLTIP:IgnoreButton,1,Ignore player,
TOOLTIP:closeButton,1,.,
TOOLTIP:GameOptions,1,Options currently enabled in the game,
TOOLTIP:Crates,1,Bonus crates,
TOOLTIP:SuperWeapons,1,"Super Weapons. Particle Cannon, Nuclear Missile, etc",
DOZER:ConstructionComplete,1,Construction Complete: %s,
DOZER:RepairComplete,1,Repair Operation Complete,
UPGRADE:UpgradeComplete,1,Upgrade Complete: %s,
GUI:CantBuildRestrictedTerrain,1,The terrain prevents you from building here,
GUI:CantBuildNotFlatEnough,1,The terrain is not flat enough to build here,
GUI:CantBuildObjectsInTheWay,1,You cannot build there because there are obstacles in the way,
GUI:CantBuildNoClearPath,1,Unit cannot reach construction site,
GUI:CantBuildShroud,1,You must explore there before building,
GUI:CantBuildThere,1,You can't build here,
GUI:RallyPointObjectsInTheWay,1,"Unable to set rally point, object(s) are in the way of the destination",
GUI:RallyPointNoPath,1,Unable to set rally point,
GUI:RallyPointSet,1,%s rally point set,
GUI:MouseType,1,Mouse Type,
GUI:Com,1,EAPIM,
GUI:CONTROL,1,Control,
GUI:INFORMATION,1,Information,
GUI:INTERFACE,1,Interface,
GUI:SELECTION,1,Selection,
GUI:TAUNT,1,Taunt,
GUI:MISC,1,Misc,
GUI:DEBUG,1,Debug,
GUI:Cheer,1,Cheer,
GUI:CheerDescription,1,Commands your forces to exult over your great deeds,
GUI:Deploy,1,Deploy Object,
GUI:DeployDescription,1,Deploy selected object(s),
GUI:Guard,1,Guard,
GUI:GuardDescription,1,Set the selected object(s) into 'guard area' mode,
GUI:CreateFormation,1,Create Formation,
GUI:Follow,1,Follow,
GUI:FollowDescription,1,Toggle follow state of selected object(s),
GUI:ToggleControlBar,1,Toggle Control Bar,
GUI:ToggleControlBarDescription,1,Toggles the In Game Control Bar on/off,
GUI:ToggleLetterbox,1,Toggle Letter Box,
GUI:ToggleLetterboxDescription,1,Toggles Letterbox Mode on/off,
GUI:Scatter,1,Scatter,
GUI:StopObject,1,Stop Object,
GUI:StopObjectDescription,1,Stop the selected object(s),
GUI:GoToRadarEvent,1,Go to Radar Event,
GUI:GoToRadarEventDescription,1,Center the tactical view on the last radar event,
GUI:SaveView1,1,Set Bookmark 1,
GUI:SaveView1Description,1,Set view bookmark map position 1,
GUI:SaveView2,1,Set Bookmark 2,
GUI:SaveView2Description,1,Set view bookmark map position 2,
GUI:SaveView3,1,Set Bookmark 3,
GUI:SaveView3Description,1,Set view bookmark map position 3,
GUI:SaveView4,1,Set Bookmark 4,
GUI:SaveView4Description,1,Set view bookmark map position 4,
GUI:ViewView1,1,View Bookmark 1,
GUI:ViewView1Description,1,View bookmarked map position 1,
GUI:ViewView2,1,View Bookmark 2,
GUI:ViewView2Description,1,View bookmarked map position 2,
GUI:ViewView3,1,View Bookmark 3,
GUI:ViewView3Description,1,View bookmarked map position 3,
GUI:ViewView4,1,View Bookmark 4,
GUI:ViewView4Description,1,View bookmarked map position 4,
GUI:CenterBase,1,Center Base,
GUI:CenterBaseDescription,1,Center the view about the player's base,
GUI:SelectNone,1,Select None,
GUI:SelectAll,1,Select All,
GUI:SelectAllDescription,1,Selects all military units,
GUI:SelectNextUnit,1,Next Object,
GUI:SelectNextUnitDescription,1,Select the next object,
GUI:SelectPrevUnit,1,Previous Object,
GUI:SelectPrevUnitDescription,1,Select the previous unit,
GUI:SelectNextWorker,1,Next Worker,
GUI:SelectNextWorkerDescription,1,Select the next Worker,
GUI:SelectPrevWorker,1,Previous Worker,
GUI:SelectPrevWorkerDescription,1,Select the previous Worker,
GUI:TypeSelect,1,Type Select,
GUI:TypeSelectDescription,1,Selects units by type. Double left click a unit to select all of the same type,
GUI:CreateTeam0,1,Create Team 0,
GUI:CreateTeam0Description,1,Creates team 0 from currently selected units,
GUI:CreateTeam1,1,Create Team 1,
GUI:CreateTeam1Description,1,Creates team 1 from currently selected units,
GUI:CreateTeam2,1,Create Team 2,
GUI:CreateTeam2Description,1,Creates team 2 from currently selected units,
GUI:CreateTeam3,1,Create Team 3,
GUI:CreateTeam3Description,1,Creates team 3 from currently selected units,
GUI:CreateTeam4,1,Create Team 4,
GUI:CreateTeam4Description,1,Creates team 4 from currently selected units,
GUI:CreateTeam5,1,Create Team 5,
GUI:CreateTeam5Description,1,Creates team 5 from currently selected units,
GUI:CreateTeam6,1,Create Team 6,
GUI:CreateTeam6Description,1,Creates team 6 from currently selected units,
GUI:CreateTeam7,1,Create Team 7,
GUI:CreateTeam7Description,1,Creates team 7 from currently selected units,
GUI:CreateTeam8,1,Create Team 8,
GUI:CreateTeam8Description,1,Creates team 8 from currently selected units,
GUI:CreateTeam9,1,Create Team 9,
GUI:CreateTeam9Description,1,Creates team 9 from currently selected units,
GUI:SelectTeam0,1,Select Team 0,
GUI:SelectTeam0Description,1,Select members of team 0,
GUI:SelectTeam1,1,Select Team 1,
GUI:SelectTeam1Description,1,Select members of team 1,
GUI:SelectTeam2,1,Select Team 2,
GUI:SelectTeam2Description,1,Select members of team 2,
GUI:SelectTeam3,1,Select Team 3,
GUI:SelectTeam3Description,1,Select members of team 3,
GUI:SelectTeam4,1,Select Team 4,
GUI:SelectTeam4Description,1,Select members of team 4,
GUI:SelectTeam5,1,Select Team 5,
GUI:SelectTeam5Description,1,Select members of team 5,
GUI:SelectTeam6,1,Select Team 6,
GUI:SelectTeam6Description,1,Select members of team 6,
GUI:SelectTeam7,1,Select Team 7,
GUI:SelectTeam7Description,1,Select members of team 7,
GUI:SelectTeam8,1,Select Team 8,
GUI:SelectTeam8Description,1,Select members of team 8,
GUI:SelectTeam9,1,Select Team 9,
GUI:SelectTeam9Description,1,Select members of team 9,
GUI:ViewTeam0,1,Center Team 0,
GUI:ViewTeam0Description,1,Select and center view about team 0,
GUI:ViewTeam1,1,Center Team 1,
GUI:ViewTeam1Description,1,Select and center view about team 1,
GUI:ViewTeam2,1,Center Team 2,
GUI:ViewTeam2Description,1,Select and center view about team 2,
GUI:ViewTeam3,1,Center Team 3,
GUI:ViewTeam3Description,1,Select and center view about team 3,
GUI:ViewTeam4,1,Center Team 4,
GUI:ViewTeam4Description,1,Select and center view about team 4,
GUI:ViewTeam5,1,Center Team 5,
GUI:ViewTeam5Description,1,Select and center view about team 5,
GUI:ViewTeam6,1,Center Team 6,
GUI:ViewTeam6Description,1,Select and center view about team 6,
GUI:ViewTeam7,1,Center Team 7,
GUI:ViewTeam7Description,1,Select and center view about team 7,
GUI:ViewTeam8,1,Center Team 8,
GUI:ViewTeam8Description,1,Select and center view about team 8,
GUI:ViewTeam9,1,Center Team 9,
GUI:ViewTeam9Description,1,Select and center view about team 9,
GUI:LocalIPDesc,1,Local IP,
GUI:RemoteIPDesc,1,Remote IP,
GUI:SaveCamera,1,Save camera in replays,
GUI:UseCamera,1,Use saved camera in replays,
Mouse:Windows,1,Windows Cursor,
Mouse:W3D,1,W3D Cursor,
Mouse:Poly,1,Polygon Cursor,
Mouse:DX8,1,DX8 Cursor,
Mouse:Heal,1,Get Healed,
Mouse:GetRepaired,1,Get Repaired,
Mouse:Dock,1,Dock,
Mouse:DoRepair,1,Repair,
Mouse:ResumeConstruction,1,Resume Construction,
Mouse:Enter,1,Enter,
Mouse:SetRallyPoint,1,Set Rally Point,
Mouse:DisguiseAsVehicle,1,Disguise As This!,
Mouse:Invalid,1,INVALID,
Mouse:FireFlame,1,Burn,
Mouse:FireFlashBang,1,Flash Bang,
Mouse:FireTranqDarts,1,Tranq Darts,
Mouse:FireStunBullets,1,Stun Bullets,
Mouse:MakeCarBomb,1,Make Carbomb,
Mouse:Hijack,1,Hijack,
Mouse:FireBomb,1,"Fire 
 Bomb",
Mouse:Defector,1,"Make 
 Defector",
Mouse:CaptureBuilding,1,Capture Building,
Mouse:DisableVehicleHack,1,Disable Vehicle,
Mouse:StealCashHack,1,Steal Cash,
Mouse:SnipeVehicle,1,Snipe Vehicle,
Mouse:DisableBuildingHack,1,Disable Building,
Mouse:LaserGuidedMissiles,1,Laser Guided Missiles,
Mouse:TankHunterTNTAttack,1,TNT Attack,
Mouse:A10ThunderboltStrike,1,A10-Strike Location,
Mouse:StabAttack,1,Stab,
Mouse:PlaceRemoteCharge,1,Place Remote Charge,
Mouse:PlaceTimedCharge,1,Place Timed Charge,
Mouse:RepairVehicles,1,&Emergency Repair,
Mouse:Demoralize,1,Demoralize,
Mouse:PickUpPrisoner,1,Pick Up Prisoner,
Mouse:Return,1,Return,
Mouse:PlaceBeacon,1,Place Beacon,
SCRIPT:TestString,1,"This is like a test string, dude",
SCRIPT:LongTestString,1,"This is like a really long test string, dude. It makes sure that the word wrap and the spacing works",
SCIENCE:GeneralName,1,<Enter Name>,
SCIENCE:SkillPoints,1,Skill Points: %d,
SCIENCE:Rank,1,Level %d,
SCIENCE:TempName,1,Give My Science A Name,
SCIENCE:TempDescription,1,Please take the time to fill out my description located in Science.ini! Thanks a bunch,
SCIENCE:USAPaladin,1,Paladin Tank,
SCIENCE:USAPathFinder,1,Pathfinder,
SCIENCE:USAStealthFighter,1,Stealth Fighter,
SCIENCE:USASpyDrone,1,Spy Drone,
SCIENCE:USAParaDrop1,1,Para Drop 1,
SCIENCE:USAParaDrop2,1,Para Drop 2,
SCIENCE:USAParaDrop3,1,Para Drop 3,
SCIENCE:USAA10Strike1,1,A10 Strike 1,
SCIENCE:USAA10Strike2,1,A10 Strike 2,
SCIENCE:USAA10Strike3,1,A10 Strike 3,
SCIENCE:USADaisyCutter,1,Fuel Air Bomb,
SCIENCE:ChinaNukeLauncher,1,Nuke Cannon,
SCIENCE:ChinaRedGuardTraining,1,Red Guard Training,
SCIENCE:ChinaClusterMines,1,Cluster Mines,
SCIENCE:ChinaArtilleryTraining,1,Artillery Training,
SCIENCE:ChinaArtilleryBarrage,1,Artillery Barrage 1,
SCIENCE:ChinaArtilleryBarrage2,1,Artillery Barrage 2,
SCIENCE:ChinaArtilleryBarrage3,1,Artillery Barrage 3,
SCIENCE:ChinaCashHack1,1,Cash Hack 1,
SCIENCE:ChinaCashHack2,1,Cash Hack 2,
SCIENCE:ChinaCashHack3,1,Cash Hack 3,
SCIENCE:ChinaEMPPulse,1,EMP Pulse,
SCIENCE:GLAHijacker,1,Hijacker,
SCIENCE:GLASCUDLauncher,1,SCUD Launcher,
SCIENCE:GLAMaruaderTank,1,Marauder Tank,
SCIENCE:GLATechnicalTraining,1,Technical Training,
SCIENCE:GLARebelAmbush1,1,Rebel Ambush 1,
SCIENCE:GLARebelAmbush2,1,Rebel Ambush 2,
SCIENCE:GLARebelAmbush3,1,Rebel Ambush 3,
SCIENCE:GLACashBounty1,1,Cash Bounty 1,
SCIENCE:GLACashBounty2,1,Cash Bounty 2,
SCIENCE:GLACashBounty3,1,Cash Bounty 3,
SCIENCE:GLAAnthraxBomb,1,Anthrax Bomb,
CONTROLBAR:Demoralize,1,Demoralize,
CONTROLBAR:CIAIntelligence,1,Intelligen&ce,
CONTROLBAR:CombatDrop,1,&Combat Drop,
CONTROLBAR:Guard,1,&Guard,
CONTROLBAR:GuardWithoutPursuit,1,Guard &Close,
CONTROLBAR:GuardFlyingUnitsOnly,1,Guard Ai&r,
CONTROLBAR:AttackMove,1,&Attack Move,
CONTROLBAR:Stop,1,&Stop,
CONTROLBAR:Waypoints,1,Waypoin&t,
CONTROLBAR:CancelBuild,1,&Cancel Build,
CONTROLBAR:Contaminate,1,&Contaminate,
CONTROLBAR:FireWall,1,&Fire Wall,
CONTROLBAR:UpgradeGLAArmTheMob,1,Arm the &Mob,
CONTROLBAR:UpgradeChinaOverlordGattlingCannon,1,Gattling &Cannon,
CONTROLBAR:UpgradeChinaOverlordPropagandaTower,1,Propaganda &Tower,
CONTROLBAR:UpgradeChinaOverlordBattleBunker,1,Battle &Bunker,
CONTROLBAR:FireBomb,1,&Fire Bomb,
CONTROLBAR:UnderConstructionDesc,1,Building: %.0f%%,
CONTROLBAR:OCLTimerDesc,1,Time Until Next Drop: %d:%d,
CONTROLBAR:OCLTimerDescWithPadding,1,Time Until Next Drop: %d:0%d,
CONTROLBAR:InitiateBattlePlanBombardment,1,&Bombardment Battle Plan,
CONTROLBAR:InitiateBattlePlanHoldTheLine,1,H&old The Line Battle Plan,
CONTROLBAR:InitiateBattlePlanSearchAndDestroy,1,Search and &Destroy Plan,
CONTROLBAR:TempDescription,1,Please take the time to fill out my description located in CommandButton.ini! Thanks a bunch,
CONTROLBAR:CleanupAreaDescription,1,Automatically cleans up bio toxins and radiation in area surrounding target location,
CONTROLBAR:ConstructAmericaCommandCenter,1,&Command Center,
CONTROLBAR:ConstructAmericaPowerPlant,1,Cold Fusion &Reactor,
CONTROLBAR:ConstructAmericaBarracks,1,&Barracks,
CONTROLBAR:ConstructAmericaSupplyCenter,1,S&upply Center,
CONTROLBAR:ConstructAmericaWall,1,Security &Fence,
CONTROLBAR:ConstructAmericaWarFactory,1,W&ar Factory,
CONTROLBAR:ConstructAmericaGuardianControlCenter,1,"Guardian 
 Center",
CONTROLBAR:ConstructAmericaPatriotBattery,1,Patriot &Missile System,
CONTROLBAR:ConstructAmericaParticleCannonUplink,1,&Particle Cannon,
CONTROLBAR:ConstructAmericaStrategyCenter,1,Strateg&y Center,
CONTROLBAR:ConstructAmericaSupplyDropZone,1,Supply Drop &Zone,
CONTROLBAR:ConstructAmericaDetentionCamp,1,&Detention Camp,
CONTROLBAR:ConstructAmericaTankCrusader,1,&Crusader,
CONTROLBAR:ConstructAmericaTankPaladin,1,&Paladin,
CONTROLBAR:ConstructAmericaInfantryRanger,1,Ran&ger,
CONTROLBAR:Evacuate,1,E&vacuate,
CONTROLBAR:ExecuteRailedTransport,1,Transport,
CONTROLBAR:TransportExit,1,Exit Transport,
CONTROLBAR:ConstructGLACommandCenter,1,&Command Center,
CONTROLBAR:ConstructGLADemoTrap,1,&Demo Trap,
CONTROLBAR:ConstructGLABarracks,1,&Barracks,
CONTROLBAR:ConstructGLASupplyStash,1,S&upply Stash,
CONTROLBAR:ConstructGLABurningBarricade,1,&Burning Barricade,
CONTROLBAR:ConstructGLAArmsDealer,1,&Arms Dealer,
CONTROLBAR:ConstructChinaCommandCenter,1,&Command Center,
CONTROLBAR:ConstructChinaPowerPlant,1,Nuclear &Reactor,
CONTROLBAR:ConstructChinaBarracks,1,&Barracks,
CONTROLBAR:ConstructChinaSupplyCenter,1,S&upply Center,
CONTROLBAR:ConstructChinaConcreteWall,1,Concrete Wa&ll,
CONTROLBAR:ConstructChinaWarFactory,1,W&ar Factory,
CONTROLBAR:ConstructAmericaDozer,1,Construction &Dozer,
CONTROLBAR:ConstructGLAWorker,1,Wor&ker,
CONTROLBAR:ConstructChinaDozer,1,Construction &Dozer,
CONTROLBAR:ConstructGLATankScorpion,1,&Scorpion,
CONTROLBAR:ConstructGLATankMarauder,1,&Marauder Tank,
CONTROLBAR:ConstructGLAVehicleRocketBuggy,1,Rocket &Buggy,
CONTROLBAR:ConstructGLAVehicleRadarVan,1,Radar &Van,
CONTROLBAR:ConstructChinaTankOverlord,1,&Overlord,
CONTROLBAR:ConstructChinaTankGattling,1,&Gattling Tank,
CONTROLBAR:ConstructGLAInfantryRebel,1,Re&bel,
CONTROLBAR:ConstructChinaInfantryRedguard,1,Red &Guard,
CONTROLBAR:ConstructAmericaVehicleChinook,1,&Chinook,
CONTROLBAR:ConstructGLAVehicleSupplyTruck,1,Supply &Truck,
CONTROLBAR:ConstructChinaVehicleSupplyTruck,1,Supply &Truck,
CONTROLBAR:ConstructAmericaJetRaptor,1,Rap&tor,
CONTROLBAR:ConstructAmericaJetAurora,1,Aurora &Bomber,
CONTROLBAR:ConstructAmericaJetStealthFighter,1,Stealth &Fighter,
CONTROLBAR:ConstructAmericaVehicleStarlifter,1,Starlifter,
CONTROLBAR:ConstructAmericaVehicleComanche,1,&Comanche,
CONTROLBAR:ConstructAmericaInfantryMissileDefender,1,&Missile Defender,
CONTROLBAR:ConstructAmericaInfantryPathfinder,1,&Pathfinder,
CONTROLBAR:ConstructAmericaInfantryColonelBurton,1,Colonel Burto&n,
CONTROLBAR:ConstructAmericaInfantryBiohazardTech,1,Biohazard Tech,
CONTROLBAR:ConstructAmericaVehicleTomahawk,1,&Tomahawk,
CONTROLBAR:ConstructAmericaVehicleMedic,1,&Ambulance,
CONTROLBAR:ConstructAmericaVehicleHumvee,1,Hum&vee,
CONTROLBAR:ConstructAmericaVehicleBattleDrone,1,&Battle Drone,
CONTROLBAR:ConstructAmericaVehicleScoutDrone,1,Scout &Drone,
CONTROLBAR:ConstructChinaJetMIG,1,Mi&G,
CONTROLBAR:ConstructChinaInfantryBlackLotus,1,&Black Lotus,
CONTROLBAR:ConstructChinaInfantryTankHunter,1,&Tank Hunter,
CONTROLBAR:ConstructChinaInfantrySecretPolice,1,"Secret 
 Police",
CONTROLBAR:ConstructChinaInfantryHacker,1,H&acker,
CONTROLBAR:ConstructChinaBunker,1,Bun&ker,
CONTROLBAR:ConstructChinaPropagandaCenter,1,&Propaganda Center,
CONTROLBAR:ConstructChinaAirfield,1,Air &Field,
CONTROLBAR:ConstructAmericaAirfield,1,Air &Field,
CONTROLBAR:ConstructChinaGattlingCannon,1,&Gattling Cannon,
CONTROLBAR:ConstructChinaNuclearMissileLauncher,1,Nuclear &Missile,
CONTROLBAR:ConstructChinaSpeakerTower,1,Speaker &Tower,
CONTROLBAR:ConstructChinaVehicleInfernoCannon,1,&Inferno Cannon,
CONTROLBAR:ConstructChinaVehicleNukeLauncher,1,N&uke Cannon,
CONTROLBAR:ConstructChinaVehicleTroopCrawler,1,&Troop Crawler,
CONTROLBAR:ConstructChinaTankSeismic,1,"Seismic 
 Tank",
CONTROLBAR:ConstructChinaTankDragon,1,&Dragon Tank,
CONTROLBAR:ConstructChinaVehiclePropagandaBlimp,1,"Prop 
 Blimp",
CONTROLBAR:ConstructGLAInfantryTerrorist,1,&Terrorist,
CONTROLBAR:ConstructGLAInfantryRPGTrooper,1,RP&G Trooper,
CONTROLBAR:ConstructGLATunnelNetwork,1,Tunnel &Network,
CONTROLBAR:ConstructGLAPalace,1,&Palace,
CONTROLBAR:ConstructGLABlackMarket,1,Black &Market,
CONTROLBAR:ConstructGLAStingerSite,1,S&tinger Site,
CONTROLBAR:ConstructGLAScudStorm,1,SCUD St&orm,
CONTROLBAR:ConstructGLAPrison,1,P&rison,
CONTROLBAR:ConstructGLAVehicleToxinTruck,1,Toxin Tr&actor,
CONTROLBAR:ConstructGLATankBattleMaster,1,&Battlemaster,
CONTROLBAR:ConstructGLAVehicleTechnical,1,&Technical,
CONTROLBAR:ConstructGLAInfantryHijacker,1,H&ijacker,
CONTROLBAR:ConstructGLAInfantryJarmenKell,1,&Jarmen Kell,
CONTROLBAR:ConstructGLAInfantryAngryMob,1,Angr&y Mob,
CONTROLBAR:ConstructGLAVehicleQuadCannon,1,Q&uad Cannon,
CONTROLBAR:ConstructGLAVehicleBombTruck,1,B&omb Truck,
CONTROLBAR:ConstructGLAVehicleScudLauncher,1,SCUD &Launcher,
CONTROLBAR:UpgradeAmericaAdvancedTraining,1,&Advanced Training,
CONTROLBAR:UpgradeAmericaDroneArmor,1,D&rone Armor,
CONTROLBAR:UpgradeChinaMines,1,&Land Mines,
CONTROLBAR:UpgradeAmericaRadar,1,&Radar,
CONTROLBAR:UpgradeAmericaScoutDrones,1,S&cout Drones,
CONTROLBAR:UpgradeAmericaAdvancedControlRods,1,&Control Rods,
CONTROLBAR:UpgradeAmericaLaserMissiles,1,&Laser Missiles,
CONTROLBAR:UpgradeAmericaExtraFuel,1,Extra &Fuel,
CONTROLBAR:UpgradeAmericaFlashBangGrenade,1,&Flash-Bang Grenades,
CONTROLBAR:UpgradeAmericaCompositeArmor,1,Com&posite Armor,
CONTROLBAR:UpgradeAmericaTomahawkRemoteControl,1,Cruise &Missiles,
CONTROLBAR:UpgradeAmericaAircraftFuel,1,Air Fuel,
CONTROLBAR:UpgradeAmericaTOWMissile,1,TOW M&issile,
CONTROLBAR:UpgradeComancheRocketPods,1,Rocket &Pods,
CONTROLBAR:UpgradeAmericaRailGun,1,"Rail 
 Gun",
CONTROLBAR:UpgradeChinaRadar,1,R&adar,
CONTROLBAR:UpgradeChinaNationalism,1,&Nationalism,
CONTROLBAR:UpgradeChinaAntiTankGrenade,1,&Anti-Tank Grenades,
CONTROLBAR:UpgradeChinaVehicleHack,1,&Vehicle Hack,
CONTROLBAR:UpgradeChinaIRGoggles,1,&IR Goggles,
CONTROLBAR:UpgradeChinaBlackNapalm,1,Black &Napalm,
CONTROLBAR:UpgradeChinaChainGuns,1,&Chain Guns,
CONTROLBAR:UpgradeChinaSubliminalMessaging,1,Su&bliminal Messaging,
CONTROLBAR:UpgradeChinaUraniumShells,1,&Uranium Shells,
CONTROLBAR:UpgradeChinaNuclearTanks,1,Nuclear &Tanks,
CONTROLBAR:UpgradeChinaStunBullets,1,Stun &Bullets,
CONTROLBAR:UpgradeGLARadar,1,&Radar,
CONTROLBAR:UpgradeGLARadarVanScan,1,Radar S&can,
CONTROLBAR:UpgradeGLAScorpionRocket,1,Scorpion Roc&ket,
CONTROLBAR:UpgradeGLABuggyAmmo,1,Buggy &Ammo,
CONTROLBAR:UpgradeGLABombTruckBioBomb,1,&BioBombs,
CONTROLBAR:DisguiseAsVehicle,1,&Disguise as Vehicle,
CONTROLBAR:UpgradeGLABombTruckHighExplosiveBomb,1,High Explosive B&omb,
CONTROLBAR:UpgradeGLAAnthraxBeta,1,&Anthrax Beta,
CONTROLBAR:UpgradeGLAToxinShells,1,&Toxin Shells,
CONTROLBAR:UpgradeGLAJunkRepair,1,&Junk Repair,
CONTROLBAR:UpgradeGLAAPBullets,1,AP &Bullets,
CONTROLBAR:UpgradeGLAAPRockets,1,AP &Rockets,
CONTROLBAR:UpgradeGLACamouflage,1,&Camouflage,
CONTROLBAR:UpgradeGLATranqDarts,1,&Tranq Darts,
CONTROLBAR:SetRallyPoint,1,&Rally Point,
CONTROLBAR:Sell,1,Sell,
CONTROLBAR:Overcharge,1,&Overcharge,
CONTROLBAR:DragonFlame,1,F&lame,
CONTROLBAR:PickUpPrisoner,1,"&Pick Up 
 Prisoner",
CONTROLBAR:ReturnToPrison,1,&Return,
CONTROLBAR:FireRocket,1,&Fire Rocket,
CONTROLBAR:AnthraxWarhead,1,A&nthrax Warhead,
CONTROLBAR:ExplosiveWarhead,1,Ex&plosive Warhead,
CONTROLBAR:Fire20mmCannon,1,&Fire 20mm Cannon,
CONTROLBAR:FireAntiTankMissiles,1,Fire &Missiles,
CONTROLBAR:FireRocketPods,1,Fire &Rockets,
CONTROLBAR:FireNapalmMissile,1,Fire &Napalm,
CONTROLBAR:DaisyCutter,1,Fuel Air &Bomb,
CONTROLBAR:NeutronMissile,1,&Nuclear Missile,
CONTROLBAR:ScudStorm,1,SC&UD Storm,
CONTROLBAR:NapalmStrike,1,&Napalm Strike,
CONTROLBAR:A10ThunderboltMissileStrike,1,&A10 Missile Strike,
CONTROLBAR:CashHack,1,&Cash Hack,
CONTROLBAR:Ambush,1,&Ambush,
CONTROLBAR:BlackMarketNuke,1,"Black Market 
 Nuke",
CONTROLBAR:AnthraxBomb,1,Anthrax &Bomb,
CONTROLBAR:Paradrop,1,Paradr&op,
CONTROLBAR:CarpetBomb,1,Carpe&t Bomb,
CONTROLBAR:ClusterMines,1,Cluster M&ines,
CONTROLBAR:EMPPulse,1,EMP P&ulse,
CONTROLBAR:ArtilleryBarrage,1,Artillery &Barrage,
CONTROLBAR:CrateDrop,1,"Crate 
 Drop",
CONTROLBAR:SpySatellite,1,&Spy Satellite,
CONTROLBAR:SpyDrone,1,Sp&y Drone,
CONTROLBAR:RadarVanScan,1,Radar S&can,
CONTROLBAR:Defector,1,&Defector,
CONTROLBAR:Bayonet,1,&Bayonet,
CONTROLBAR:SniperAttack,1,S&niper Attack,
CONTROLBAR:CaptureBuilding,1,&Capture Building,
CONTROLBAR:DisableVehicleHack,1,&Vehicle Hack,
CONTROLBAR:StealCashHack,1,Cash Hac&k,
CONTROLBAR:InternetHack,1,Hack &Internet,
CONTROLBAR:DisableBuildingHack,1,&Disable Building,
CONTROLBAR:CarBomb,1,&Car Bomb,
CONTROLBAR:Hijack,1,Hi&jack,
CONTROLBAR:TNTAttack,1,&TNT Attack,
CONTROLBAR:Requirements,1,Requires: %s,
CONTROLBAR:LaserMissileAttack,1,&Laser Missile Attack,
CONTROLBAR:KnifeAttack,1,&Knife Attack,
CONTROLBAR:ClimbCliff,1,&Climb Cliff,
CONTROLBAR:TimedDemoCharge,1,&Timed Demo Charge,
CONTROLBAR:RemoteDemoCharge,1,&Remote Demo Charge,
CONTROLBAR:DetonateCharges,1,&Detonate Charges,
CONTROLBAR:DetonateNuke,1,Detonate &Nuke,
CONTROLBAR:ManualControl,1,&Manual Control,
CONTROLBAR:ProximityFuse,1,&Proximity Fuse,
CONTROLBAR:Detonate,1,&Detonate!,
CONTROLBAR:EmergencyRepair,1,&Emergency Repair,
CONTROLBAR:FireParticleUplinkCannon,1,&Particle Cannon,
CONTROLBAR:Options,1,In-Game Menu,
CONTROLBAR:OptionsDescription,1,This will open up the In-Game Menu,
CONTROLBAR:IdleWorker,1,Idle Worker,
CONTROLBAR:IdleWorkerDescription,1,Click to select the next idle worker,
CONTROLBAR:Beacon,1,Beacon,
CONTROLBAR:BeaconDescription,1,Click to place a beacon,
CONTROLBAR:Communicator,1,Communicator,
CONTROLBAR:CommunicatorDescription,1,Click to open the Generals Communicator,
CONTROLBAR:AmbulanceCleanupArea,1,&Clean Toxins,
RADAR:UnitUnderAttack,1,Unit under attack,
RADAR:StructureUnderAttack,1,Structure under attack,
RADAR:UnderAttack,1,Under attack,
RADAR:Infiltration,1,Enemy infiltration detected,
UPGRADE:AdvancedTraining,1,Advanced Training,
UPGRADE:AmericaLaserMissiles,1,America Laser Missiles,
UPGRADE:Mines,1,Land Mines,
UPGRADE:Radar,1,Radar,
UPGRADE:OverlordGattlingCannon,1,Overlord Gattling Cannon,
UPGRADE:OverlordPropagandaTower,1,Overlord Propaganda Tower,
UPGRADE:OverlordBattleBunker,1,Overlord Battle Bunker,
UPGRADE:ControlRods,1,Control Rods,
UPGRADE:ScoutDrone,1,Scout Drone,
UPGRADE:BattleDrone,1,Battle Drone,
UPGRADE:RangerFlashBangGrenade,1,Ranger Flash-Bang Grenades,
UPGRADE:HoverTank,1,Hover Tank,
UPGRADE:TomahawkRemoteControl,1,Cruise Missiles,
UPGRADE:AircraftFuel,1,Aircraft Fuel,
UPGRADE:LaserMissiles,1,Laser Missiles,
UPGRADE:TOWMissile,1,TOW Missile,
UPGRADE:ComancheRocketPods,1,Comanche Rocket Pods,
UPGRADE:RailGun,1,Rail Gun,
UPGRADE:Nationalism,1,Nationalism,
UPGRADE:AntiTankGrenade,1,Anti-Tank Grenades,
UPGRADE:VehicleHack,1,Vehicle Hack,
UPGRADE:IRGoggles,1,Infrared Goggles,
UPGRADE:BlackNapalm,1,Black Napalm,
UPGRADE:ChainGuns,1,Chain Guns,
UPGRADE:SubliminalMessaging,1,Subliminal Messaging,
UPGRADE:UraniumShells,1,Uranium Shells,
UPGRADE:NuclearTanks,1,Nuclear Tanks,
UPGRADE:StunBullets,1,Stun Bullets,
UPGRADE:TranqDarts,1,Tranq. Darts,
UPGRADE:APBullets,1,AP Bullets,
UPGRADE:BioBomb,1,Bio-Bomb,
UPGRADE:HighExplosiveBomb,1,High-Explosive Bomb,
UPGRADE:ArmTheMob,1,Arm The Mob,
UPGRADE:ScorpionRocket,1,Scorpion Rocket,
UPGRADE:SCUDLauncherExplosiveWarhead,1,Explosive Warhead,
UPGRADE:SCUDLauncherAnthraxWarhead,1,Anthrax Warhead,
UPGRADE:BuggyAmmo,1,Rocket Buggy Ammo,
UPGRADE:AnthraxBeta,1,Anthrax Beta,
UPGRADE:ToxinShells,1,Toxin Shells,
UPGRADE:JunkRepair,1,Junk Repair,
UPGRADE:Camouflage,1,Camouflage,
UPGRADE:CompositeArmor,1,Composite Armor,
OBJECT:Beacon,1,Beacon,
OBJECT:Dam,1,Dam,
OBJECT:CommandCenter,1,Command Center,
OBJECT:ColdFusionReactor,1,Cold Fusion Reactor,
OBJECT:NuclearReactor,1,Nuclear Reactor,
OBJECT:DemoTrap,1,Demo Trap,
OBJECT:PowerPlant,1,Power Plant,
OBJECT:DetentionCamp,1,Detention Camp,
OBJECT:StrategyCenter,1,Strategy Center,
OBJECT:Airfield,1,Air Field,
OBJECT:SupplyCenter,1,Supply Center,
OBJECT:AmericaSupplyDropZone,1,Supply Drop Zone,
OBJECT:SupplyStash,1,Supply Stash,
OBJECT:Barracks,1,Barracks,
OBJECT:BlackMarket,1,Black Market,
OBJECT:WarFactory,1,War Factory,
OBJECT:ArmsDealer,1,Arms Dealer,
OBJECT:AmmoCache,1,Ammo Cache,
OBJECT:AmphibiousTransport,1,Amphibious Transport,
OBJECT:AutoFerry,1,Automobile Ferry,
OBJECT:TrainGuide,1,Train Guide,
OBJECT:AngryMob,1,Angry Mob,
OBJECT:TankHunter,1,Tank Hunter,
OBJECT:Apartment,1,Apartment,
OBJECT:ChemicalFactory,1,Chemical Factory,
OBJECT:GovBuilding,1,Government Building,
OBJECT:TechHospital,1,Hospital -- Capture to allow all infantry to auto heal,
OBJECT:ApartmentComplex,1,Apartment Complex,
OBJECT:SpyPost,1,Spy Post,
OBJECT:SupplyPile,1,Supply Pile,
OBJECT:TrainStation,1,Train Station,
OBJECT:TechRadioStation,1,Radio Station,
OBJECT:TechOilDerrick,1,Oil Derrick -- Capture to receive additional funds,
OBJECT:Arcade,1,Arcade,
OBJECT:Aurora,1,Aurora Bomber,
OBJECT:A10Thunderbolt,1,A10 Thunderbolt,
OBJECT:AVPOWTRUCK,1,POW Truck,
OBJECT:B52,1,B52,
OBJECT:BMW,1,Car,
OBJECT:Bank,1,Bank,
OBJECT:BarnCoop,1,Barn Coop,
OBJECT:BarnShed,1,Barn Shed,
OBJECT:Barrel,1,Barrel,
OBJECT:BattleDrone,1,Battle Drone,
OBJECT:BattleMaster,1,Battlemaster,
OBJECT:Battleship,1,Battleship,
OBJECT:BigRig,1,Big Rig,
OBJECT:BikeRack,1,Bike Rack,
OBJECT:Billboard,1,Billboard,
OBJECT:Bird,1,Bird,
OBJECT:BombTruck,1,Bomb Truck,
OBJECT:Boulders,1,Boulders,
OBJECT:Boxes,1,Boxes,
OBJECT:BrickWall,1,Brick Wall,
OBJECT:BrokenWall,1,Broken Wall,
OBJECT:Bunker,1,Bunker,
OBJECT:BurningBarricade,1,Burning Barricade,
OBJECT:Checkpoint,1,Checkpoint,
OBJECT:BusStop,1,Bus Stop,
OBJECT:Bush,1,Bush,
OBJECT:Camaro,1,Car,
OBJECT:CarBug,1,Car,
OBJECT:CarSwatchEuro,1,Car,
OBJECT:CargoLoadingCranes,1,Cargo Loading Cranes,
OBJECT:CargoNet,1,Cargo Net,
OBJECT:Cart,1,Cart,
OBJECT:ChainLinkFence,1,Chain-link Fence,
OBJECT:Chalet,1,Chalet,
OBJECT:CheckPointCrossingGuard,1,Checkpoint,
OBJECT:Chinook,1,Chinook,
OBJECT:Church,1,Church,
OBJECT:Clete,1,Cleat,
OBJECT:ClothesLine,1,Clothesline,
OBJECT:Comanche,1,Comanche,
OBJECT:ComancheHull,1,Comanche Hull,
OBJECT:CompactCar,1,Compact Car,
OBJECT:Ambassador,1,Ambassador,
OBJECT:Redguard,1,Red Guard,
OBJECT:ConstructionBarricade,1,Construction Barricade,
OBJECT:ConvenienceStore,1,Convenience Store,
OBJECT:ConvoyTruck,1,Convoy Truck,
OBJECT:Cottage,1,Cottage,
OBJECT:Crate,1,Crate,
OBJECT:CrossingGuard,1,Crossing Guard,
OBJECT:Crusader,1,Crusader,
OBJECT:Paladin,1,Paladin,
OBJECT:DaisyCutterBomb,1,Fuel Air Bomb,
OBJECT:BlackMarketNuke,1,Black Market Nuke,
OBJECT:ToxinTank,1,Toxin Tank,
OBJECT:AnthraxBomb,1,Anthrax Bomb,
OBJECT:CarpetBomb,1,Carpet Bomb,
OBJECT:ClusterMinesBomb,1,Cluster Mines,
OBJECT:EMPPulseBomb,1,EMP Pulse,
OBJECT:NeutronMissile,1,Nuclear Missile,
OBJECT:Dealership,1,Dealership,
OBJECT:Dirt,1,Dirt,
OBJECT:Docks,1,Docks,
OBJECT:DogwoodTree,1,Tree,
OBJECT:Dozer,1,Construction Dozer,
OBJECT:Dragon,1,Dragon Tank,
OBJECT:ElectricRetail,1,Electric Retail,
OBJECT:ElectricalTransformer,1,Electrical Transformer,
OBJECT:FireHydrant,1,Fire Hydrant,
OBJECT:StructureMine,1,Mine,
OBJECT:ClusterMine,1,Mine,
OBJECT:FireStorm,1,Fire Storm,
OBJECT:FlamingInfantry,1,Flaming Infantry,
OBJECT:ToxicInfantry,1,Toxic Infantry,
OBJECT:FoodCart,1,Food Cart,
OBJECT:Fountain,1,Fountain,
OBJECT:FruitStand,1,Fruit Stand,
OBJECT:Gargoyle,1,Gargoyle,
OBJECT:GasStation,1,Gas Station,
OBJECT:GasStorageFacility,1,Gas Storage Facility,
OBJECT:GattlingTank,1,Gattling Tank,
OBJECT:GrassHut,1,Grass Hut,
OBJECT:Gravel,1,Gravel,
OBJECT:FlashBangGrenade,1,Flash-Bang Grenade,
OBJECT:TankShell,1,Tank Shell,
OBJECT:Rebel,1,Rebel,
OBJECT:JarmenKell,1,Jarmen Kell,
OBJECT:GuardTower,1,Guard Tower,
OBJECT:GuardianControlCenter,1,Guardian Control Center,
OBJECT:GuardianDrone,1,Guardian Drone,
OBJECT:BlackLotus,1,Black Lotus,
OBJECT:Hanger,1,Hangar,
OBJECT:HarvardsOffice,1,Trash Bin,
OBJECT:Hedge,1,Hedge,
OBJECT:HighwaySign,1,Highway Sign,
OBJECT:Hijacker,1,Hijacker,
OBJECT:AngryMobNexus,1,<<ANGRY M0B>>,
OBJECT:Hotel,1,Hotel,
OBJECT:Humvee,1,Humvee,
OBJECT:POWTruck,1,POW Truck,
OBJECT:IndustrialBuilding,1,Industrial Building,
OBJECT:InfernoCannon,1,Inferno Cannon,
OBJECT:JapaneseLantern,1,Japanese Lantern,
OBJECT:JunkCar,1,Junk Car,
OBJECT:Limo,1,Limo,
OBJECT:Lumber,1,Lumber,
OBJECT:MIG,1,MiG,
OBJECT:MailBox,1,MailBox,
OBJECT:ManHoleCover,1,ManHole Cover,
OBJECT:MapleTree,1,Tree,
OBJECT:MarketVendor,1,Market Vendor,
OBJECT:Medic,1,Ambulance,
OBJECT:MegaMall,1,Mega Mall,
OBJECT:Missile,1,Missile,
OBJECT:MissileTeam,1,Missile Defender,
OBJECT:Moat,1,Moat,
OBJECT:MogadishuHighrise,1,Highrise,
OBJECT:NewsStand,1,News Stand,
OBJECT:NightClub,1,Night Club,
OBJECT:NotAMosque,1,Dome,
OBJECT:NuclearMissile,1,Nuclear Missile,
OBJECT:NukeLauncher,1,Nuke Cannon,
OBJECT:ParticleCannon,1,Particle Cannon,
OBJECT:OakTree,1,Tree,
OBJECT:Office,1,Office,
OBJECT:OilDepot,1,Oil Depot,
OBJECT:OilRefinery,1,Oil Refinery,
OBJECT:OilTank,1,Oil Tank,
OBJECT:OldWoodenTelephonePole,1,Telephone Pole,
OBJECT:Outpost,1,Outpost,
OBJECT:Overlord,1,Overlord,
OBJECT:Palace,1,Palace,
OBJECT:PalmTree,1,Tree,
OBJECT:ParkBench,1,Park Bench,
OBJECT:ParkGazebo,1,Park Gazebo,
OBJECT:ParkPavillion,1,Park Pavilion,
OBJECT:ParkingGarage,1,Parking Garage,
OBJECT:ParkingMeter,1,Parking Meter,
OBJECT:Pathfinder,1,Pathfinder,
OBJECT:PatriotBattery,1,Patriot Missile System,
OBJECT:GattlingCannon,1,Gattling Cannon,
OBJECT:PatriotMissile,1,Patriot Missile System,
OBJECT:PhoneBooth,1,Phone Booth,
OBJECT:PineTree,1,Tree,
OBJECT:PoliceCar,1,Police Car,
OBJECT:Prison,1,Prison,
OBJECT:PropagandaBlimp,1,Prop. Blimp,
OBJECT:PropagandaCenter,1,Propaganda Center,
OBJECT:Pub,1,Watering Hole,
OBJECT:QuadCannon,1,Quad Cannon,
OBJECT:QuonsetHut,1,Quonset Hut,
OBJECT:RailTie,1,Rail Tie,
OBJECT:Ranger,1,Ranger,
OBJECT:Raptor,1,Raptor,
OBJECT:RaptorPilot,1,Pilot,
OBJECT:Restaurant,1,Restaurant,
OBJECT:RetailStore,1,Retail Store,
OBJECT:RiverHouse,1,River House,
OBJECT:RoadCone,1,Road Cone,
OBJECT:RocketBuggy,1,Rocket Buggy,
OBJECT:RadarVan,1,Radar Van,
OBJECT:RocketBuggyDebris,1,Rocket Buggy Debris,
OBJECT:RocketBuggyMissile,1,Rocket Buggy Missile,
OBJECT:TomahawkMissile,1,Tomahawk Missile,
OBJECT:SCUDMissile,1,SCUD Missile,
OBJECT:RangerTeamMissile,1,Ranger Team Missile,
OBJECT:Rocks,1,Rocks,
OBJECT:RopeCoil,1,Rope Coil,
OBJECT:Rubble,1,Rubble,
OBJECT:ColonelBurton,1,Colonel Burton,
OBJECT:SUV,1,SUV,
OBJECT:Schoolhouse,1,Schoolhouse,
OBJECT:Scorpion,1,Scorpion,
OBJECT:Marauder,1,Marauder Tank,
OBJECT:ScoutDrone,1,Scout Drone,
OBJECT:SpyDrone,1,Spy Drone,
OBJECT:ScrapCar,1,Scrap Car,
OBJECT:ScudLauncher,1,SCUD Launcher,
OBJECT:ScudStorm,1,SCUD Storm,
OBJECT:SecretLab,1,Secret Lab,
OBJECT:SecretPolice,1,Secret Police,
OBJECT:SecurityFence,1,Security Fence,
OBJECT:Hacker,1,Hacker,
OBJECT:Officer,1,Officer,
OBJECT:Agent,1,Agent,
OBJECT:Sedan,1,Sedan,
OBJECT:SeismicTank,1,Seismic Tank,
OBJECT:Shack,1,Shack,
OBJECT:ShippingContainer,1,Shipping Container,
OBJECT:ShippingCrate,1,Shipping Crate,
OBJECT:SignalLights,1,Signal Lights,
OBJECT:Slide,1,Slide,
OBJECT:SovietBuilding,1,Old Office Building,
OBJECT:SovietGovtBuildingSmall,1,Old Govt. Building,
OBJECT:SovietRadioBuilding,1,Old Radio Building,
OBJECT:SpeakerTower,1,Speaker Tower,
OBJECT:SportCar,1,Sports Car,
OBJECT:Sprinkler,1,Sprinkler,
OBJECT:SpruceTree,1,Tree,
OBJECT:StanTallTower,1,Tall Tower,
OBJECT:Starlifter,1,Starlifter2,
OBJECT:StatueAngel,1,Angel Statue,
OBJECT:StatueLenin,1,Statue,
OBJECT:StatueRoman,1,Roman Statue,
OBJECT:StealthFighter,1,Stealth Fighter,
OBJECT:StingerSite,1,Stinger Site,
OBJECT:StoneArch,1,Stone Arch,
OBJECT:StoneWall,1,Stone Wall,
OBJECT:PicketFence,1,Picket Fence,
OBJECT:StopLight,1,Stop Light,
OBJECT:StreetLamp,1,Street Lamp,
OBJECT:StreetLight,1,Street Light,
OBJECT:StreetSign,1,Street Sign,
OBJECT:SupplyTruck,1,Supply Truck,
OBJECT:SupplyWarehouse,1,Supply Dock,
OBJECT:Swing,1,Swing,
OBJECT:TVStation,1,TV Station,
OBJECT:TankTrap,1,Tank Trap,
OBJECT:TankerTruck,1,Tanker Truck,
OBJECT:TaxiCab,1,Taxi Cab,
OBJECT:Technical,1,Technical,
OBJECT:Tent,1,Tent,
OBJECT:Terrorist,1,Terrorist,
OBJECT:Tire,1,Tire,
OBJECT:TireObstacle,1,Tire Obstacle,
OBJECT:Tollbooth,1,Toll booth,
OBJECT:Tomahawk,1,Tomahawk,
OBJECT:TownHouse,1,Townhouse,
OBJECT:ToxinTruck,1,Toxin Tractor,
OBJECT:TrashCan,1,Trash Can,
OBJECT:TrashDumpster,1,Trash Bin,
OBJECT:TrashPaper,1,Trash Paper,
OBJECT:TrashPile,1,Trash Pile,
OBJECT:TreeStump,1,Tree Stump,
OBJECT:TroopCrawler,1,Troop Crawler,
OBJECT:TunnelDefender,1,RPG Trooper,
OBJECT:TunnelNetwork,1,Tunnel Network,
OBJECT:Cave,1,Cave,
OBJECT:GLAHole,1,GLA Hole,
OBJECT:GLARock,1,GLA Rock,
OBJECT:UNHumvee,1,UN Humvee,
OBJECT:UNSoldier,1,UN Soldier,
OBJECT:VendingMachine,1,Vending Machine,
OBJECT:Wall,1,Wall,
OBJECT:ConcreteWall,1,Concrete Wall,
OBJECT:WatchTower,1,Watch Tower,
OBJECT:WaterPlant,1,Water Plant,
OBJECT:WindMill,1,Wind Mill,
OBJECT:WoodBeams,1,Wood Beams,
OBJECT:WoodTower,1,Wood Tower,
OBJECT:WoodWall,1,Wood Wall,
OBJECT:WoodenBarrels,1,Wooden Barrels,
OBJECT:Worker,1,Worker,
OBJECT:Birch,1,Tree,
OBJECT:Building,1,Building,
OBJECT:Cathedral,1,Cathedral,
OBJECT:FarmHouse,1,Farm House,
OBJECT:Fir,1,Tree,
OBJECT:Garage,1,Garage,
OBJECT:OscarTheGrouch,1,Junk Dealer,
OBJECT:Pilot,1,Pilot,
OBJECT:Pump,1,Pump,
OBJECT:Shop,1,Shop,
OBJECT:StingerMissile,1,Stinger Missile,
OBJECT:StingerSoldier,1,Stinger Soldier,
OBJECT:StorageTank,1,Storage Tank,
OBJECT:Well,1,Well,
OBJECT:WineVat,1,Vat,
OBJECT:GenericMale,1,Civilian,
OBJECT:GenericFemale,1,Civilian,
OBJECT:MogadishuFemaleCivilian,1,Civilian,
OBJECT:MogadishuMaleCivilian,1,Civilian,
OBJECT:Crane,1,Crane,
OBJECT:OceanCenter,1,Convention Center,
OBJECT:SoccerStadium,1,Soccer Stadium,
OBJECT:Ambulance,1,Ambulance,
OBJECT:AsianCar,1,Car,
OBJECT:Backhoe,1,Backhoe,
OBJECT:LargeForklift,1,Large Forklift,
OBJECT:SmallForklift,1,Forklift,
OBJECT:CropDuster,1,Crop Duster,
OBJECT:Cessna,1,Plane,
OBJECT:ChickenTruck,1,Chicken Truck,
OBJECT:Combine,1,Combine,
OBJECT:Eurovan,1,Van,
OBJECT:EuroPoliceVan,1,Police Van,
OBJECT:Firetruck,1,Fire Truck,
OBJECT:FarmerTruck,1,Farmer Truck,
OBJECT:AsianFishingBoat,1,Fishing Boat,
OBJECT:TourBus,1,Tour Bus,
OBJECT:FishingTrowler,1,Fishing Trawler,
OBJECT:WorkTruck,1,Work Truck,
OBJECT:TugBoat,1,Tug Boat,
OBJECT:BioHazardTech,1,Bio-Hazard Technician,
OBJECT:MilitiaTank,1,Militia Tank,
Network:PlayerDisconnected,1,%s has been disconnected,
Network:PlayerLeftGame,1,%s has left the game,
Network:Vote,1,Vote,
Network:QuitGame,1,QUIT GAME,
MAP:AlpineAssault,1,Alpine Assault,
MAP:AustrianAmbush,1,Market Garden,
MAP:Badlands,1,Desert Fury,
MAP:BridgeBusters,1,Iron Dragon,
MAP:KashmarKlash,1,Wasteland Warlords,
MAP:Oasis,1,Golden Oasis,
MAP:ScorchedEarth,1,Scorched Earth,
MAP:SleepyHollow,1,Heartland Shield,
MAP:SmalltownUSA,1,Homeland Alliance,
MAP:TampicoTrauma,1,Silent River,
MAP:WoodcrestCircle,1,Final Crusader,
MAP:XinjiangBang,1,Winter Wolf,
Audio:Speakers0,1,2 Speakers,
Audio:Speakers1,1,Headphones,
Audio:Speakers2,1,Surround Sound,
Audio:Speakers3,1,4 Speaker,
Audio:Speakers4,1,5.1 Surround,
Audio:Speakers5,1,7.1 Surround,
MAP:CHI01ObjectiveText,1,"MISSION OBJECTIVE 
 Destroy the Nuclear Warhead Storage Facility",
MAP:CHI02Open,1,"Hong Kong, China 
 Hong Kong Crisis",
SCRIPT:CHI02AudioHolder01,1,"<Red Guard speaking> 
 'General, we're all that's left of the assault force! We need to build a Command Center and get the radar up to receive new orders'",
SCRIPT:CHI02AudioHolder02,1,"<Red Guard speaking> 
 'General, if we don't get our radar up we can't receive intelligence on the enemy's position. We need that radar'",
SCRIPT:CHI02AudioHolder03,1,"<'EVA' speaking> 
 'General, you're alive!?! We thought we lost you when the bridge went down. Well, you're not out of danger yet, so let's get started'",
SCRIPT:CHI02AudioHolder04,1,"<'EVA' speaking> 
 'First, you're going to need to finish your base. The barracks, reactor, and supply center are all essential to your survival, so finish constructing them immediately. I'll contact you again once your base is complete'",
SCRIPT:CHI02AudioHolder05,1,"<'EVA' speaking> 
 'Excellent, your base is complete, except for a War Factory. We need to get you one now. There should be a surplus base--with a War Factory--here'",
SCRIPT:CHI02AudioHolder06,1,"<'EVA' speaking> 
 'I don't know what condition the base is in, but it should allow you to build armored units to help your fight. Get there as soon as possible, General.'",
SCRIPT:CHI02AudioHolder07,1,"<'EVA' speaking> 
 'Now we know the GLA's reason for coming to Hong Kong: They're targeting key buildings around the city. Our main objective is to destroy all of the GLA's forces, but if we can also keep them from destroying those buildings, our leaders would be most grateful.'",
SCRIPT:CHI02AudioHolder08,1,"<'EVA' speaking> 
 'If you can keep your radar operating, I can track the Terrorists for you and give you their possible targets.'",
SCRIPT:CHI02AudioHolder09,1,"<'EVA' speaking> 
 'General, a Terrorist is leaving the Convention Center, and he's strapped with enough explosives to bring down a building! I'll mark the Terrorist in red on your radar. I'll mark his possible targets in yellow. Stop him before he reaches one of those targets!'",
SCRIPT:CHI02AudioHolder10,1,"<'EVA' speaking> 
 'Another Terrorist has left the Convention Center! I'll mark his location in red. His possible targets are marked in yellow. Stop him, General.'",
SCRIPT:CHI02AudioHolder11,1,"<'EVA' speaking> 
 'General, this building is a Terrorist target--we must protect it!'",
SCRIPT:CHI02AudioHolder12,1,"<'EVA' speaking> 
 'General, the Terrorists have taken over the Convention Center! You're going to have to destroy the Convention Center and the attached parking structures to stop the Terrorist threat.'",
SCRIPT:CHI02AudioHolder13,1,"<'EVA' speaking> 
 'Excellent, you've reached the surplus base. Hmm, it's not much to look at, but it will allow you to build tanks, and more War Factories, if you need.'",
SCRIPT:CHI02AudioHolder14,1,"<'EVA' speaking> 
 'The Terrorist threat is finished. Good work, General.'",
SCRIPT:CHI02AudioHolder15,1,"<'EVA' speaking> 
 'General, I've detected GLA armored units on the move. They didn't come from the Convention Center, so the GLA must have another base somewhere in Hong Kong. Find that base and destroy it!'",
SCRIPT:CHI02AudioHolder16,1,"<'EVA' speaking> 
 'General, the GLA have brought their Toxin Tractors with them. You'll know them by the green ooze they spray. Keep your infantry units away from them and use your tanks to deal with this new threat.'",
SCRIPT:CHI02AudioHolder17,1,"<'EVA' speaking> 
 'Good work, General, you've destroyed the Toxin base. Now they shouldn't be able to build any more Toxin Tractors.'",
SCRIPT:CHI02AudioHolder18,1,"<'EVA' speaking> 
 'Wait, General, there is a large force up ahead. I'll call for an EMP strike to clear the area, standby.'",
SCRIPT:CHI02AudioHolder19,1,"<'EVA' speaking> 
 'That should give you a clear path to their base. Let's finish this, General.'",
SCRIPT:CHI02AudioHolder20,1,"<AutoFerry Capt. speaking> 
 'Finally, the military is here! Those Terrorists are ruining my business! If you put your forces aboard I'll take you out to the Convention Center. You can sneak in the backdoor and catch them by surprise. Jut hit the Transport button when you're ready.'",
SCRIPT:CHI02Box01,1,"Use the DOZER to build the COMMAND CENTER 
 Once the COMMAND CENTER is complete, 
 select it and begin the RADAR upgrade 
 Once the upgrade is finished, a radar screen will appear 
 in the lower-left-hand corner of the Command Interface",
SCRIPT:CHI02Box02,1,"NEW UNIT: DRAGON TANK 
 The DRAGON TANK breathes fire that can quickly dispatch enemy infantry, 
 even if they are garrisoned inside a building or structure",
MAP:CHI02Obj01,1,"MISSION OBJECTIVE: 
 Destroy the Convention Center 
 and its attached parking structures 
 to stop the Terrorist threat",
MAP:CHI02Obj02,1,"MISSION OBJECTIVE: 
 Destroy the GLA base",
MAP:CHI02SecondaryObj01,1,"Secondary Objective: 
 Stop GLA Terrorists from destroying 
 targeted buildings in downtown Hong Kong",
MAP:CHI02SecondaryObj02,1,"Secondary Objective: 
 Destroy the Toxin Tractor production facility",
MAP:CHI03Open,1,"Three Gorges Dam...Hubei Province, China 
 A Flood of Violence",
MAP:CHI03Obj1,1,"MISSION OBJECTIVE: 
 Destroy the Dam",
MAP:CHI03Obj2,1,"MISSION OBJECTIVE: 
 Destroy the GLA base",
MAP:CHI03Obj3,1,"MISSION OBJECTIVE: 
 Defeat all remaining GLA forces",
MAP:CHI03AudioHolder01,1,"<Red Guard speaking> 'General, the water level has dropped! GLA forces are crossing the river!'",
MAP:CHI06Open,1,"Bishkek, Aldastan Subcapital 
 Dead in their Tracks",
MAP:CHI06Obj1,1,"MISSION OBJECTIVE: 
 Get Black Lotus to the middle of the train bridge",
MAP:CHI07Open,1,"Dushanbe, Aldastan Capital City 
 Nuclear Winter",
MAP:Demo58Open,1,"Kazakhstan DMZ 
 Operation: Blue Eagle",
MAP:Demo58End1,1,Battle Control Off-Line...,
MAP:Demo58End2,1,"COMMAND AND CONQUER GENERALS 
 COMING: CHRISTMAS 2002",
MAP:Demo48Open,1,"Mazar Free Fire Zone 
 Operation: White Knight",
MAP:GLA02MapName,1,Pillage the Village,
MAP:GLA02Open,1,"Villages Outside Almaty, Kazakhstan 
 Aid Supplies Drop Zone",
MAP:GLA02ObjectiveText01,1,"MISSION OBJECTIVE 
 Collect $40,000 in stolen supplies",
MAP:GLA021stThirdObjective,1,"First Goal: 
 Collect $20,000 by taking the UN Convoys' crates",
MAP:GLA022ndThirdObjective,1,"Second Goal: 
 Collect $30,000 by taking the crates dropped by the US planes",
MAP:GLA023rdThirdObjective,1,"Final Goal: Collect $40,000 in supplies by raiding the US base",
MAP:GLA02CivBuildingHint,1,"Villagers have supplies stored in their homes 
 Destroy their homes and steal the supplies hidden there",
MAP:GLA02CivKillHint,1,The villagers are taking our supplies. STOP THEM,
MAP:GLA02QuadsArrival,1,"Reinforcements have arrived: 
 Use Quad Cannons to bring down enemy aircraft",
MAP:GLA02CrateReminder,1,Collect the crates to reach your goal,
MAP:GLA02MonkeyReminder,1,You will not reach our goal if you spend all your money,
MAP:GLA06MapName,1,Appropriate Poisons,
MAP:GLA06Open,1,"Western Shore of the Aral Sea, Kazakhstan 
 Toxic Waste Containment and Disposal Facilities",
MAP:GLA06MissionObjective,1,"MISSION OBJECTIVE: 
 Capture 4 Bunkers and Wipe out all American defenders",
MAP:GLA06BunkerWarning,1,"WARNING: 
 The Bunkers are fragile and will explode violently when destroyed",
MAP:GLA06BunkerDestroyed,1,"WARNING: 
 The fool Americans are trying to stop us by destroying the bunkers",
MAP:GLA06BunkerRetaken,1,The Americans have retaken our bunker. Take it back now,
MAP:GLA06BunkerObjective,1,You must own 4 bunkers to complete your mission,
MAP:GLA06KillEnemies,1,"You own the required number of bunkers 
 Now wipe out the Americans to secure your victory",
MAP:GLA06ScoutsInBase,1,"American scouts have found us 
 Be prepared to fight the Americans",
MAP:GLA06Only8Bunkers,1,"You must be more careful with the bunkers 
 You must own 4 to complete your mission",
MAP:GLA06Only6Bunkers,1,"Only 6 Bunkers remain 
 If 3 more are destroyed your mission will fail",
MAP:GLA06Only4Bunkers,1,"WARNING: 
 If another bunker is destroyed your mission will fail",
MAP:GLA07MapName,1,Trojan Horse,
MAP:GLA07Open,1,"Somewhere Near Lenger, Kazakhstan 
 Splinter Cell-Controlled Region",
SCRIPT:GLA07ChnTmr,1,Chinese Forces Arrive In:,
MAP:GLA07ChineseArrival,1,WARNING: Chinese forces have entered the area,
MAP:GLA07MissionObjective,1,"MISSION OBJECTIVE 
 Eliminate all traitors",
MAP:GLA07ConvoyHint01,1,"Sneak the stolen trucks into the traitors' base 
 Once inside detonate the trucks to destroy the traitors",
MAP:GLA07ConvoyHint02,1,"WARNING: 
 If your forces are seen with the stolen trucks the traitors 
 will know they are yours",
MAP:GLA07ConvoyHint03,1,"WARNING: This area is off limits to the stolen trucks 
 If the traitors discover them here they will be attacked",
MAP:GLA07ConvoyHint04,1,"Order the trucks to detonate near the traitors' buildings 
 for maximum effectiveness",
MAP:GLA07BaseKIACleanUp,1,"The traitor base is destroyed 
 Wipe out their remaining forces to complete your victory",
MAP:GLA07ConvoyDetected,1,"ALERT: 
 The traitors know we control the convoy 
 The convoy will now be attacked by the traitors",
MAP:GLA03Open,1,"Zhambul, Kazakhstan 
 Chinese-Controlled Civilian Population Center",
MAP:USA01Open,1,"Mazar Free Fire Zone 
 Operation: Silent Dawn",
SCRIPT:TrainingMove,1,Left click on units to select them. Selected units can be given commands. With a unit selected you can left click on the ground to give them a move command. Left click on enemy soldiers to order your selected unit to attack,
SCRIPT:TrainingCommand,1,You have liberated a USA Command Center. Here you can use many of your special abilities. To choose technologies and special weapons click on the flashing General button,
SCRIPT:TrainingExplor,1,The Fog of War around your units can be pushed back by moving into new and unexplored areas. The Fog shows you where you have explored and where you have not. Explore new areas to find enemy forces and resources to expand your army,
SCRIPT:TrainingBarracks,1,You have liberated a USA Barracks. Buildings like this allow you to train new units. The Barracks trains soldiers. Left click on your new Barracks to see what soldiers you can train. Left click on a unit in the Barracks to spend the supplies to create that unit,
SCRIPT:TrainingPilots,1,You have freed several Pilots. USA pilots are often veterans of many battles and they can enter your vehicles to provide their skills and experience to the crew of the vehicle. Vehicles with golden chevrons near them have experienced crews and are more effective in combat,
SCRIPT:TrainingSupply,1,"You have liberated a USA Supply Center. Supply Centers collect supplies, providing you with the resources to build new buildings and units. Each Supply Center automatically generates a single Chinook helicopter that will gather supplies for you",
SCRIPT:TrainingDozer,1,"You have liberated a USA Construction Dozer. Left click on your new Construction Dozer to see what buildings it can create. Select the War Factory and choose a location for it to be built. Once done creating the War Factory, the Dozer will be available for other construction projects",
SCRIPT:TrainingUnits,1,Your new War Factory can be used to build vehicles like Crusader Tanks. Left click on a Crusader Tank to order it to be built. You can left click multiple times to order multiple tanks to be constructed,
SCRIPT:TrainingPower,1,You have liberated a USA Cold Fusion Reactor. Reactors are used by American and Chinese forces to power their base. Your power bar indicates how much power your base has. If your base runs low on power base defenses may go off-line and your radar will go out,
SCRIPT:TrainingAbilities,1,"Some units have special abilities. Select a unit to see what special powers it has. Left click on the power to activate it. In the case of the USA Crusader Tank, each tank can build a single Battle Drone. Battle Drones are small robotic helpers that automatically engage enemies and repair their Crusader Tank in case it is damaged by enemy fire",
SCRIPT:TrainingObjective,1,You have liberated an entire USA base and are now ready to carry the fight to the enemy. Each mission has mission objectives that you must follow in order to win the mission and to progress in your war against your enemies. Follow the mission objective to win the mission,
SCRIPT:TrainingUrban,1,Civilian buildings can be occupied by soldiers. Order your soldiers to enter civilian buildings to get a defensive bonus. Civilian buildings occupied in this way are powerful strong-points for your troops and can be used to defend important routes into and out of your base,
SCRIPT:TrainingTech,1,"Civilian Objective Buildings can be captured by your Rangers. Holding these buildings will give you advantages against your enemies. Capture the Oil Derricks by selecting a Ranger, left clicking the capture button and then left clicking on the Oil Derrick itself. Oil Derricks provide you with additional resources as they pump oil",
SCRIPT:TrainingCrate,1,"Crates contain bonus items for your soldiers that will increase their abilities. Additional ammunition, armor and other items can be found in crates. Order your soldiers or vehicles to move onto a crate to open it and collect the contents",
SCRIPT:TrainingMissionObjective,1,"MISSION OBJECTIVE 
 Destroy GLA Bio-Weapons Factory",
SCRIPT:TrainingOpeningObjective,1,"MISSION OBJECTIVE 
 Liberate the USA Base",
MAP:USA01Opening,1,"Iraqi War Zone 
 Operation: Final Justice",
MAP:USA01BahdadText,1,"Siege of Baghdad 
 Day 3",
MAP:USA01ObjectiveText,1,"MISSION OBJECTIVE 
 Destroy the SCUD Storm",
MAP:USA02Open,1,"Al Hanad, Yemen 
 Operation: Treasure Hunt",
MAP:USA02Objective1Text,1,"MISSION OBJECTIVE 
 Rescue Captured Pilots",
MAP:USA02Objective2Text,1,"MISSION OBJECTIVE 
 Return the final Pilot to Base for debriefing",
MAP:USA03Objective1Text,1,"MISSION OBJECTIVE 
 Ensure the escape of 100 U.S. forces",
SCRIPT:USA03RescueCounter,1,Escaped U.S. Forces:,
MAP:USA04Open,1,"Kazakhstan Coast, 1400 Hours 
 Operation: Stormbringer",
SCRIPT:USA04BomberTimer,1,Bombers Arriving In:,
MAP:USA06Objective1Text,1,"MISSION OBJECTIVE: 
 Prevent the GLA from constructing their river base",
MAP:USA06Objective2Text,1,"MISSION OBJECTIVE: 
 Destroy the GLA's Main Base",
SCRIPT:GLA03CivCounter,1,Traitors Killed:,
SCRIPT:GLA03Objective01,1,"MISSION OBJECTIVES: 
 Claim the Command Center to the East to begin production 
 Kill 300 traitors",
SCRIPT:GLA03Objective02,1,"MISSION OBJECTIVE: 
 Use Toxin Tractors to kill 300 traitors",
SCRIPT:GLA03Objective03,1,Destroy the pharmaceutical factory in the north,
MAP:GLA03Objective04,1,Free the prisoners,
MAP:GLA03Objective05,1,Kill 300 traitors,
MAP:GLA03Objective06,1,Destroy the pharmaceutical factory,
SCRIPT:GLA04Objective01,1,"MISSION OBJECTIVE: 
 Destroy civilian buildings and gather $40,000",
SCRIPT:GLA04Objective02,1,"WARNING: 
 Spending money on units will put you farther from your goal of $40,000 
 Be sure not to overspend",
SCRIPT:GLA04Objective03,1,"WARNING: 
 American forces are using the airport as a staging base 
 Cross the river and destroy it",
SCRIPT:GLA04Objective04,1,"WARNING: 
 American aircraft dispatched to eliminate heavy vehicles 
 Advise using Angry Mobs and Technicals only",
SCRIPT:GLA05Objective01,1,"MISSION OBJECTIVE: 
 Destroy the American airbase",
SCRIPT:GLA05Objective02,1,"MISSION OBJECTIVE: 
 Destroy the American airbase to the West",
MAP:GLA01Open,1,"Shymkent DMZ 
 Operation: Black Rain",
MAP:GLA01ObjectiveText,1,MISSION OBJECTIVE: Destroy the Dam,
MAP:USA07Open,1,"Southeastern Kazakhstan 
 Operation: Desperate Union",
MAP:USA07Objective1,1,"MISSION OBJECTIVE: 
 Destroy the GLA to the northeast",
MAP:USA07General,1,General's Arrival,
MAP:USA07Objective2,1,"MISSION OBJECTIVE: 
 Destroy the Chinese Command Center 
 and the Nuclear Missile Silo",
MAP:GLA08Temp,1,"GLA Mission 8 - Southern Kazakhstan 
 Baikonur Cosmodrome",
MAP:CHI08Temp,1,"China Mission 8 - Last China Mission 
 Status: Incomplete",
MAP:CHI07Temp,1,"China Mission 7 - Nuke-O-Rama 
 Status: Incomplete",
MAP:CHI05Temp,1,"China Mission 5 - Firebomb GLA 
 Status: Incomplete",
MAP:USA08Temp,1,"USA Mission 8 - Devastate GLA 
 Status: Incomplete",
MAP:USA06Temp,1,"USA Mission 6 - E3 Revamp 
 Status: Incomplete",
MAP:USA05Temp,1,"USA Mission 5 - River Raid 
 Status: Incomplete",
CONTROLBAR:TooltipDaisyCutter,1,"Strong vs. Buildings 
 
 Countdown Timer: 6:00",
CONTROLBAR:TooltipFireParticleUplinkCannon,1,"Strong vs. Buildings 
 
 Countdown Timer: 4:00",
CONTROLBAR:TooltipParaDrop,1,"Drops Rangers by plane 
 
 Countdown Timer: 4:00",
CONTROLBAR:TooltipClusterMines,1,"Drops mines by plane 
 
 Countdown Timer: 4:00",
CONTROLBAR:TooltipEMPPulse,1,"Strong vs. Vehicles 
 
 Countdown Timer: 6:00",
CONTROLBAR:TooltipA10Strike,1,"Strong vs. Buildings 
 
 Countdown Timer: 4:00",
CONTROLBAR:TooltipFireNukeMissile,1,"Strong vs. Everything 
 
 Countdown Timer: 6:00",
CONTROLBAR:TooltipFireSCUDStorm,1,"Strong vs. Everything 
 
 Countdown Timer: 5:00",
CONTROLBAR:TooltipFireArtilleryBarrage,1,"Strong vs. Buildings, Large groups of units 
 
 Countdown Timer: 5:00",
CONTROLBAR:TooltipFireSuperWeaponCashHack,1,"Steal money from enemy supply centers 
 
 Countdown Timer: 4:00",
CONTROLBAR:TooltipFireSpySatScan,1,"Reveal target area. Spot hidden units 
 
 Countdown Timer: 1:00",
CONTROLBAR:TooltipFireSpyDrone,1,"Create spy drone over target 
 
 Countdown Timer: 1:30",
CONTROLBAR:TooltipFireRadarVanScan,1,"Reveal target area. Spot hidden enemies 
 
 Countdown Timer: 0:30",
CONTROLBAR:TooltipFireRadioJam,1,"Cut enemy communication 
 
 Countdown Timer: 4:00",
CONTROLBAR:TooltipFireEmergencyRepair,1,"Emergency Repair 
 
 Countdown Timer: 4:00",
CONTROLBAR:TooltipFireRebelAmbush,1,"Creates rebels 
 
 Countdown Timer: 4:00",
CONTROLBAR:TooltipFireAnthraxBomb,1,"Strong vs. Infantry 
 
 Countdown Timer: 6:00",
CONTROLBAR:TooltipCIAIntelligence,1,"Spy on enemy forces 
 
 Countdown Timer: 5:00",
CONTROLBAR:TooltipDemoTrapProxy,1,Explode when enemy gets near,
CONTROLBAR:TooltipDemoTrapManual,1,Explode on your command,
CONTROLBAR:TooltipDemoTrapDetonate,1,Explode demo trap,
CONTROLBAR:TooltipMissileDefenderLaser,1,Laser-lock improves missile rate of fire,
CONTROLBAR:TooltipBattlePlansBombardment,1,"Deploy cannon 
 All units: 20% Firepower Bonus",
CONTROLBAR:TooltipBattlePlansHoldTheLine,1,"Deploy walls 
 All units: 10% Armor Bonus",
CONTROLBAR:TooltipBattlePlansSearchAndDestroy,1,"Deploy scanners 
 All units: 20% Weapon Range Bonus",
CONTROLBAR:TooltipSetRallyPoint,1,Set the rally point for this building,
CONTROLBAR:TooltipSell,1,Sell the building for 50% of its value,
CONTROLBAR:TooltipNukeReactorOverCharge,1,Damage the reactor to create 50% more power,
CONTROLBAR:TooltipCancelUpgrade,1,Cancel this upgrade,
CONTROLBAR:TooltipUSAUpgradeAdvancedTraining,1,Units gain veterancy at twice the usual speed,
CONTROLBAR:TooltipUSAUpgradeDroneARmor,1,All drones get improved armor,
CONTROLBAR:TooltipUSAUpgradeAdvancedControlRods,1,Reactor provides 100% more power,
CONTROLBAR:TooltipUSAUpgradeFlashBangGrenades,1,Rangers Flash-Bang civilian buildings to clear enemy soldiers,
CONTROLBAR:TooltipUSAUpgradeCompositeArmor,1,Tanks get +25% armor,
CONTROLBAR:TooltipUSAUpgradeCruiseMissile,1,Tomahawks can be given a flight-path,
CONTROLBAR:TooltipUSAUpgradeTOW,1,Arm Humvees with a missile. Can fire at ground or air targets,
CONTROLBAR:USAUpgradeRocketPods,1,Comanches fire rocket barrage,
CONTROLBAR:TooltipUSAUpgradeLaserMissiles,1,Raptor and Stealth Fighter missiles do +25% more damage,
CONTROLBAR:TooltipChinaUpgradeMines,1,Creates mines around the building,
CONTROLBAR:TooltipUpgradeChinaOverlordGattlingCannon,1,Build a Gattling Cannon on this Overlord,
CONTROLBAR:TooltipUpgradeChinaOverlordPropagandaTower,1,Build a Propaganda Tower on this Overlord,
CONTROLBAR:TooltipUpgradeChinaOverlordBattleBunker,1,Build a Bunker on this Overlord. Bunker can be occupied by your soldiers,
CONTROLBAR:TooltipChinaUpgradeRadar,1,Build a radar for this Command Center,
CONTROLBAR:TooltipChinaUpgradeNationalism,1,"+25% to Horde bonus for Red Guard, Tank Hunter and Battlemaster",
CONTROLBAR:TooltipChinaUpgradeBlackNapalm,1,+25% damage to all flame weapons,
CONTROLBAR:TooltipChinaUpgradeChainGuns,1,+25% damage to all gattling weapons,
CONTROLBAR:TooltipUpgradeChinaSubliminal,1,+25% to Speaker Tower bonuses,
CONTROLBAR:TooltipUpgradeChinaUraniumShells,1,+25% shot damage on Battlemaster and Overlord,
CONTROLBAR:TooltipUpgradeChinaNuclearTanks,1,Improves Overlord and Battlemaster speed,
CONTROLBAR:TooltipUpgradeChinaStunBullets,1,Red Guard may try to capture enemy soldiers,
CONTROLBAR:TooltipDisguiseAsVehicle,1,Disguise the Bomb Truck as the targeted vehicle,
CONTROLBAR:TooltipGLAUpgradeBioBomb,1,Bomb Truck becomes a biowar weapon,
CONTROLBAR:ToolTipGLAUpgradeHEBomb,1,100% more damage for this Bomb Truck,
CONTROLBAR:ToolTipGLAUpgradeRadarVanScan,1,Radar Van can scan the map to search for enemy forces,
CONTROLBAR:ToolTipGLAUpgradeScorpionRocket,1,Scorpion gains a rocket attack,
CONTROLBAR:ToolTipGLAUpgradeAPRockets,1,+25% damage bonus on all Rocket attacks,
CONTROLBAR:ToolTipGLAUpgradeToxinShells,1,Scorpion and Marauder shells carry a small amount of Anthrax,
CONTROLBAR:ToolTipGLAUpgradeAnthraxBeta,1,+25% damage bonus to all toxin units,
CONTROLBAR:ToolTipGLAUpgradeAPBullets,1,"+25% damage bonus to Rebel, Technical, Quad Cannon and Jarmen Kell",
CONTROLBAR:ToolTipGLAUpgradeJunkRepair,1,All vehicles auto-repair,
CONTROLBAR:ToolTipGLAUpgradeCamouflage,1,Rebels are hidden from enemy sight when not shooting,
CONTROLBAR:ToolTipGLAUpgradeTranqDarts,1,Rebels may try to capture enemy soldiers,
CONTROLBAR:ToolTipGLAUpgradeArmTheMob,1,Arm all Angry Mobs with AK-47s,
CONTROLBAR:ToolTipStructureExit,1,Order this unit to exit,
CONTROLBAR:ToolTipTransportExit,1,Order this unit to exit,
CONTROLBAR:ToolTipEvacuate,1,Order all units to exit,
CONTROLBAR:ToolTipRailedTransport,1,Go,
CONTROLBAR:ToolTipUSACombatDrop,1,Order Rangers to rappel down on enemy target. Use on garrisoned buildings to kill all enemy soldiers inside,
CONTROLBAR:ToolTipGuard,1,Order unit to move to guard a specific location and pursue targets if necessary,
CONTROLBAR:ToolTipGuardWithoutPursuit,1,"Order unit to move to guard a specific location, but not to pursue targets out of the area",
CONTROLBAR:ToolTipGuardFlyingUnitsOnly,1,Order unit to move to attack airborne units that come near a specified location,
CONTROLBAR:ToolTipAttackMove,1,Order unit to move to the target area and stop to engage enemies on the way,
CONTROLBAR:ToolTipCommandStop,1,Order unit to stop whatever it is doing,
CONTROLBAR:ToolTipWayPoints,1,Click on the ground to set waypoints,
CONTROLBAR:ToolTipUSARangerCaptureBuilding,1,Capture targeted enemy building,
CONTROLBAR:ToolTipUSAFire20mmCannon,1,Fire 20mm Cannon at the target,
CONTROLBAR:ToolTipUSAFireAntiTankMissiles,1,Fire antitank missiles at the target,
CONTROLBAR:ToolTipUSAFireRocketPods,1,Fire a barrage of rockets at the target area,
CONTROLBAR:ToolTipGLAFireScorpionRocket,1,Fire a single heavy rocket at the target,
CONTROLBAR:ToolTipGLASCUDHEWarhead,1,Load the SCUD missile with explosives,
CONTROLBAR:ToolTipGLASCUDAnthraxWarhead,1,Load the SCUD missile with Anthrax,
CONTROLBAR:ToolTipGLAFireToxinTractorSlime,1,Spray the area with toxins,
CONTROLBAR:ToolTipGLARebelCaptureBuilding,1,Capture targeted enemy building,
CONTROLBAR:ToolTipGLATerroristMakeCarBomb,1,Enter civilian car and fill it with explosives,
CONTROLBAR:ToolTipGLAFireFireBomb,1,Use fire bombs on target,
CONTROLBAR:ToolTipGLAHijackerHijack,1,Hijack target enemy vehicle,
CONTROLBAR:ToolTipGLAFireJarmenKellVehicleSnipe,1,Kill vehicle crew,
CONTROLBAR:ToolTipChinaFireMIG,1,Fire,
CONTROLBAR:ToolTipChinaRedGuardCaptureBuilding,1,Capture targeted enemy building,
CONTROLBAR:ToolTipChinaRedGuardFireStunBullets,1,Capture target enemy soldier,
CONTROLBAR:ToolTipChinaRedGuardFireBayonet,1,Use Bayonet on targeted enemy soldier,
CONTROLBAR:ToolTipChinaFireBlackLotusCaptureHack,1,Capture enemy building,
CONTROLBAR:ToolTipChinaFireBlackLotusVehicleHack,1,Disable enemy vehicle,
CONTROLBAR:ToolTipChinaFireBlackLotusCashHack,1,Steal cash from targeted enemy Supply Center,
CONTROLBAR:ToolTipChinaFireHackerInternetHack,1,Hack into the Internet to steal money,
CONTROLBAR:ToolTipChinaHackerBuildingHack,1,Disable enemy building with a powerful computer virus,
CONTROLBAR:ToolTipChinaDragonTankFire,1,Fire,
CONTROLBAR:TooltipFireWall,1,Lay down an arc of fire on targeted area,
CONTROLBAR:ToolTipPickUpPrisoner,1,Pick up enemy prisoner to return him to your base,
CONTROLBAR:ToolTipReturnToPrison,1,Return to prisoner holding facility,
CONTROLBAR:ToolTipChinaFireTankHunterTNTAttack,1,Place a TNT explosive charge,
CONTROLBAR:ToolTipUSAFireBurtonKnifeAttack,1,Use knife on targeted enemy soldier to make a silent attack,
CONTROLBAR:ToolTipUSAFireBurtonTimedDemo,1,Place a timed demolition charge,
CONTROLBAR:ToolTipUSABurtonPlaceRemoteCharge,1,Place a remote-controlled demolition charge you can detonate at any time,
CONTROLBAR:ToolTipUSABurtonDetonateCharges,1,Detonate all remote charges,
CONTROLBAR:ToolTipCancelConstruction,1,Cancel construction,
CONTROLBAR:ToolTipUSABuildCommandCenter,1,Commands special weapons. Creates Construction Dozers. Provides radar,
CONTROLBAR:ToolTipUSABuildPowerPlant,1,"Provides power for USA bases 
 
 Power Supplied: 5",
CONTROLBAR:ToolTipUSABuildBarracks,1,Trains USA soldiers for use in battle,
CONTROLBAR:ToolTipUSABuildSupplyCenter,1,"Drop-off point for USA Chinook supply gatherers 
 
 Power Required: 1",
CONTROLBAR:ToolTipUSABuildWall,1,USA fence system. Laser-sensors alert to enemy troops moving through fence. Fence blocks enemy vehicle movement,
CONTROLBAR:ToolTipUSABuildWarFactory,1,"Builds all USA ground vehicles 
 
 Power Required: 1",
CONTROLBAR:ToolTipUSABuildPatriotBattery,1,"Ground and air defense. Can relay position of enemy to nearby Patriots 
 
 Power Required: 3",
CONTROLBAR:ToolTipUSABuildAirField,1,"Builds USA aircraft 
 
 Power Required: 1",
CONTROLBAR:ToolTipUSABuildParticleCannon,1,"Fires a particle beam anywhere on the map 
 
 Power Required: 10",
CONTROLBAR:ToolTipUSABuildStrategyCenter,1,"All USA forces can use a single battle plan 
 
 Bombardment 
 Search and Destroy 
 Hold the Line 
 
 Power Required: 2",
CONTROLBAR:ToolTipUSABuildDetentionCamp,1,Grants ability to spy on enemies,
CONTROLBAR:ToolTipUSABuildSupplyDropZone,1,"Calls in a paradrop of supplies every 2 minutes 
 
 Power Required: 4",
CONTROLBAR:ToolTipGLABuildCommandCenter,1,Commands special weapons. Trains Workers,
CONTROLBAR:ToolTipGLABUildDemoTrap,1,Stealthy explosive device,
CONTROLBAR:ToolTipGLABuildBarracks,1,Trains GLA soldiers,
CONTROLBAR:ToolTipGLABuildSupplyStash,1,Collects supplies,
CONTROLBAR:ToolTipGLABuildArmsDealer,1,Builds vehicles,
CONTROLBAR:ToolTipChinaBuildCommandCenter,1,Commands special weapons. Creates Construction Dozers,
CONTROLBAR:ToolTipChinaBuildPowerPlant,1,"Chinese power plant. Can be overloaded to provide +50% power 
 
 Power Supplied: 10",
CONTROLBAR:ToolTipChinaBuildBarracks,1,Trains Chinese soldiers,
CONTROLBAR:ToolTipChinaBuildSupplyCenter,1,"Drop-off point for China supply gatherers 
 
 Power Required: 1",
CONTROLBAR:ToolTipChinaBuildWarFactory,1,"Builds Chinese vehicles 
 
 Power Required: 1",
CONTROLBAR:ToolTipChinaBuildBunker,1,Can hold 5 Chinese soldiers,
CONTROLBAR:ToolTipChinaBuildPropagandaCenter,1,"Builds important Chinese technologies 
 
 Power Required: 2",
CONTROLBAR:ToolTipChinaBuildAirField,1,"Builds Chinese aircraft 
 
 Power Required: 1",
CONTROLBAR:ToolTipChinaBuildGattlingCannon,1,"Powerful anti-air base defense 
 
 Power Required: 3",
CONTROLBAR:ToolTipChinaBuildNuclearMissileLauncher,1,"Launches a nuclear missile. Builds important Chinese upgrades 
 
 Power Required: 10",
CONTROLBAR:ToolTipChinaBuildSpeakerTower,1,"Heals your forces and increases firing speed 
 
 Power Required: 1",
CONTROLBAR:ToolTipGLABuildTunnelNetwork,1,Base defense and underground tunnel. Units can enter the Tunnel Network and exit at any other Tunnel Network,
CONTROLBAR:ToolTipGLABuildPalace,1,Holds important GLA technologies. Can be garrisoned by GLA troops,
CONTROLBAR:ToolTipGLABuildBlackMarket,1,Holds important GLA technologies. Provides free supplies to the GLA player,
CONTROLBAR:ToolTipGLABuildStingerSite,1,Anti-air and anti-tank base defense,
CONTROLBAR:ToolTipGLABuildScudStorm,1,"Launches a volley of SCUD missiles 
 
 Countdown Timer: 5:00",
CONTROLBAR:ToolTipGLABuildPrison,1,Used to hold captured enemy soldiers,
CONTROLBAR:ToolTipUSABuildRanger,1,"Strong vs. infantry 
 Weak vs. light vehicles",
CONTROLBAR:ToolTipUSABuildDozer,1,Builds all USA structures and repairs buildings,
CONTROLBAR:ToolTipGLABuildWorker,1,Builds all GLA structures. Repairs buildings and collects supplies,
CONTROLBAR:ToolTipChinaBuildDozer,1,Builds all Chinese structures and repairs buildings,
CONTROLBAR:ToolTipGLABuildScorpion,1,"Strong vs. light vehicles 
 Weak vs. rocket soldiers, aircraft",
CONTROLBAR:ToolTipGLABuildRocketBuggy,1,"Strong vs. buildings 
 Weak vs. tanks, aircraft",
CONTROLBAR:ToolTipGLABuildRadarVan,1,Provides Radar. Can spot hidden enemy units,
CONTROLBAR:ToolTipChinaBuildOverlord,1,"Strong vs. vehicles, buildings 
 Weak vs. rocket-armed infantry, aircraft",
CONTROLBAR:ToolTipChinaBuildGattlingTank,1,"Strong vs. infantry, aircraft 
 Weak vs. tanks",
CONTROLBAR:ToolTipGLABuildRebel,1,"Strong vs. infantry 
 Weak vs. tanks, light vehicles",
CONTROLBAR:ToolTipChinaBuildRedguard,1,"Gains Horde bonus when in groups of 5 or more 
 
Strong vs. infantry 
 Weak vs. vehicles",
CONTROLBAR:ToolTipChinaBuildHacker,1,"Can disable enemy buildings with a computer virus or can hack into the internet to steal money 
 
 Strong vs. buildings 
 Weak vs. infantry, vehicles",
CONTROLBAR:ToolTipUSABUildChinook,1,Transport helicopter. Collects supplies. Works with Rangers to perform Combat Drop attack,
CONTROLBAR:ToolTipChinaBuildSupplyTruck,1,Gathers supplies,
CONTROLBAR:ToolTipUSABuildPaladin,1,"Uses a laser to destroy missiles and enemy infantry 
 
 Strong vs. tanks, buildings, and rockets 
 Weak vs. aircraft",
CONTROLBAR:ToolTipUSABuildRaptor,1,"Can engage ground or air targets 
 
 Strong vs. aircraft, tanks, light vehicles 
 Weak vs. missile-armed infantry, anti-air defenses",
CONTROLBAR:ToolTipUSABuildAurora,1,"Super-sonic attack makes Aurora immune to enemy fire. After super-sonic attack, Aurora speed is reduced to 50% 
 
 Strong vs. buildings 
 Weak vs. fighters, anti-air units",
CONTROLBAR:ToolTipUSABuildStealthFighter,1,"Stealthed while moving 
 
 Strong vs. enemy base defenses 
 Weak vs. enemy fighters",
CONTROLBAR:ToolTipUSABuildComanche,1,"Fires missiles and cannon. Re-arms in the air 
 
 Strong vs. tanks, light vehicles, infantry 
 Weak vs. missile-armed infantry, anti-air defenses",
CONTROLBAR:ToolTipUSABuildMissileDefender,1,"Use special laser-guided attack to rapid-fire missiles 
 
 Strong vs. tanks, aircraft 
 Weak vs. infantry",
CONTROLBAR:ToolTipUSABuildPathFinder,1,"Camouflaged while not moving or shooting. Spots hidden enemies 
 
 Strong vs. infantry 
 Weak vs. light vehicles, scouts",
CONTROLBAR:ToolTipUSABuildColonelBurton,1,"Camouflaged. Reveals himself when he shoots or plants a bomb 
 
 Build Limit: 1 
 Strong vs. Infantry 
 Weak vs. Scouts",
CONTROLBAR:ToolTipUSABuildTomahawk,1,"Strong vs. base defenses 
 Weak vs. tanks, aircraft, light vehicles",
CONTROLBAR:ToolTipUSABuildHumvee,1,"Transport. Infantry inside can use fire-ports to engage the enemy 
 
 Strong vs. infantry 
 Weak vs. tanks",
CONTROLBAR:ToolTipUSABuildMedic,1,Heals vehicles and soldiers. Cleans up radiation and toxins,
CONTROLBAR:ToolTipUSABuildScoutDrone,1,Extends sight range and reveals hidden enemies,
CONTROLBAR:ToolTipUSABuildBattleDrone,1,"Fires a small machine gun and repairs its parent vehicle 
 
 Strong vs. infantry 
 Weak vs. missile armed infantry",
CONTROLBAR:ToolTipChinaBuildMIG,1,"Creates a fire-storm in large groups 
 
 Strong vs. tanks, light vehicles 
 Weak vs. missile armed infantry, anti-air defenses",
CONTROLBAR:ToolTipChinaBuildBlackLotus,1,"Captures enemy buildings, steals cash from enemy supply centers and disables enemy vehicles. Camouflaged unless using an ability 
 
 Strong vs. buildings, vehicles 
 Weak vs. scout units",
CONTROLBAR:ToolTipChinaBuildTankHunter,1,"Special TNT attack 
 Gains Horde bonus when in groups of 5 or more 
 
 Strong vs. tanks 
 Weak vs. infantry",
CONTROLBAR:ToolTipChinaBuildInfernoCannon,1,"Creates a fire-storm in large groups 
 
 Strong vs. base defenses, infantry 
 Weak vs. tanks, aircraft",
CONTROLBAR:ToolTipChinaBuildNukeLauncher,1,"Strong vs. buildings, infantry 
 Weak vs. tanks, aircraft",
CONTROLBAR:ToolTipChinaBuildTroopCrawler,1,"Transport. Comes with 8 Red Guard. Detects stealth units 
 
 Strong vs. infantry, buildings 
 Weak vs. tanks, aircraft",
CONTROLBAR:ToolTipChinaBuildDragonTank,1,"Can burn soldiers out of buildings. Can create a wall of flame 
 
 Strong vs. infantry, buildings 
 Weak vs. tanks, aircraft",
CONTROLBAR:ToolTipGLABuildTerrorist,1,"Suicide soldier 
 
 Strong vs. tanks, buildings 
 Weak vs. infantry, light vehicles",
CONTROLBAR:ToolTipGLABuildRPGTrooper,1,"Strong vs. tanks 
 Weak vs. infantry",
CONTROLBAR:ToolTipGLABuildAngryMob,1,"Strong vs. infantry, vehicles 
 Weak vs. flame, toxins, flash-bang grenades",
CONTROLBAR:ToolTipGLABuildHijacker,1,"Can capture any enemy vehicle. Camouflaged 
 
 Strong vs. tanks, vehicles 
 Weak vs. infantry, scouts",
CONTROLBAR:ToolTipGLABuildJarmenKell,1,"Is camouflaged. Can hide inside civilian buildings to snipe at enemy soldiers. Can kill the crew of enemy vehicles making them vulnerable to capture 
 
 Strong vs. infantry, vehicles 
 Weak vs. Scouts",
CONTROLBAR:ToolTipGLABuildToxinTruck,1,"Clears buildings of enemy soldiers. Contaminates terrain 
 Can upgrade weapon with scavenged parts from enemy kills 
 Strong vs. infantry 
 Weak vs. tanks, aircraft, base defenses",
CONTROLBAR:ToolTipChinaBuildBattlemaster,1,"Gains Horde bonus when in groups of 5 or more 
 
 Strong vs. tanks, buildings 
 Weak vs. infantry, aircraft",
CONTROLBAR:ToolTipGLABuildMarauder,1,"Can upgrade weapon with scavenged parts from enemy kills 
 
 Strong vs. buildings, light vehicles 
 Weak vs. rocket soldiers, aircraft",
CONTROLBAR:ToolTipGLABuildTechnical,1,"Can upgrade weapon with scavenged parts from enemy kills 
 
 Strong vs. infantry 
 Weak vs. tanks, aircraft",
CONTROLBAR:ToolTipGLABuildQuadCannon,1,"Can upgrade weapon with scavenged parts from enemy kills 
 
 Strong vs. infantry, aircraft 
 Weak vs. tanks",
CONTROLBAR:ToolTipGLABuildBombTruck,1,"Can disguise to look like any vehicle, friend or foe 
 
 Strong vs. infantry, buildings 
 Weak vs. Scouts",
CONTROLBAR:ToolTipGLABuildSCUDLauncher,1,"Can be equipped with either an explosive or biological warhead 
 
 Strong vs. buildings, infantry 
 Weak vs. tanks, aircraft",
CONTROLBAR:ToolTipUSABuildCrusader,1,"Strong vs. vehicles, buildings 
 Weak vs. aircraft, missile armed infantry",
CONTROLBAR:ToolTipUSASciencePaladin,1,"Paladins can shoot down enemy missiles with an advanced defensive laser system 
 
 Build at: War Factory",
CONTROLBAR:ToolTipUSASciencePathFinder,1,"Pathfinders are elite camouflaged snipers 
 
 Build at: Barracks",
CONTROLBAR:ToolTipUSAScienceStealthFighter,1,"Stealthed while moving 
 
 Build at: Air Field",
CONTROLBAR:ToolTipUSAScienceSpyDrone,1,"Spy Drones are camouflaged against enemy sight and radar and reveal enemy positions 
 
 Deploy from: Command Center",
CONTROLBAR:ToolTipUSAScienceParaDrop,1,"Drop Rangers from the air 
 
 Rank 1: 5 Rangers 
 Rank 2: 10 Rangers 
 Rank 3: 20 Rangers 
 
 Deploy from: Command Center",
CONTROLBAR:ToolTipUSAScienceA10Strike,1,"A10 Thunderbolts destroy buildings, vehicles, and infantry 
 
 Rank 1: 1 A10 Thunderbolt 
 Rank 2: 2 A10 Thunderbolts 
 Rank 3: 3 A10 Thunderbolts 
 
 Deploy from: Command Center",
CONTROLBAR:ToolTipUSAScienceDaisyCutter,1,"Fuel Air Bombs destroy buildings and enemy troop concentrations 
 
 Deploy from: Command Center",
CONTROLBAR:ToolTipChinaScienceNukeCannon,1,"Nuke Cannons lob small tactical nukes great distances 
 
 Build at: War Factory 
 Requires: Propaganda Center",
CONTROLBAR:ToolTipChinaScienceRedGuardTraining,1,All Red Guard will be built as veterans,
CONTROLBAR:ToolTipChinaScienceClusterMines,1,"Cluster Mines are deployed by air 
 
 Deploy from: Command Center",
CONTROLBAR:ToolTipChinaScienceARtilleryTraining,1,Nuke Cannons and Inferno Cannons are built as veterans,
CONTROLBAR:ToolTipChinaScienceArtilleryBarrage,1,"Call off-map artillery to strike your target 
 
 Rank 1: 12 Shells 
 Rank 2: 24 Shells 
 Rank 3: 36 Shells 
 
 Deploy from: Command Center",
CONTROLBAR:ToolTipChinaScienceEMPPulse,1,"Allows you to call in a heavy bomber to drop an EMP Pulse bomb. EMP Pulse disables enemy vehicles and buildings 
 
 Deploy from: Command Center",
CONTROLBAR:ToolTipGLAScienceHijacker,1,"Hijackers are camouflaged and can steal enemy vehicles 
 
 Build at: Barracks",
CONTROLBAR:ToolTipGLAScienceSCUDLauncher,1,"Fires a long-range rocket that can be equipped with explosives or deadly anthrax 
 
 Build at: Arms Dealer",
CONTROLBAR:ToolTipGLaScienceMarauderTank,1,"Marauder tanks can scavenge enemy kills to upgrade their main gun 
 
 Build at: Arms Dealer",
CONTROLBAR:ToolTipGLAScienceTechnicalTraining,1,All Technicals will be created as veterans,
CONTROLBAR:ToolTipGLAScienceRebelAmbush,1,"Allows you to create a surprise ambush of Rebels anywhere 
 
 Rank 1: 4 Rebels 
 Rank 2: 8 Rebels 
 Rank 3: 16 Rebels 
 
 Deploy from: Command Center",
CONTROLBAR:ToolTipGLAScienceCashBounty,1,"Earn a cash bounty for every enemy unit or building you kill 
 
 Rank 1: 5% enemy value 
 Rank 2: 10% enemy value 
 Rank 3: 20% enemy value",
CONTROLBAR:ToolTipGLAScienceAnthraxBomb,1,"Anthrax is deadly against enemy troop concentrations 
 
 Deploy from: Command Center",
CONTROLBAR:ToolTipUSABuildSecurityFence,1,Build security fence that prevents vehicles from passing and alerts of any enemy infantry that pass through,
CONTROLBAR:ToolTipChinaBuildConcreteWall,1,Build concrete wall that prevents any ground unit from passing through,
CONTROLBAR:ToolTipGLABuildBurningBarricade,1,Build burning barricade the burns units that try to pass over it,
GUI:QuitToDesktop,1,QUIT TO DESKTOP,
GUI:QuitToDesktopConf,1,Are you sure you want to quit back to the Desktop?,
GUI:NewSaveGame,1,***** NEW GAME *****,
GUI:TimeAM,1,am,
GUI:TimePM,1,pm,
GUI:OverwriteSaveConfirmation,1,Overwrite existing file?,
GUI:LoadGameConfirmation,1,Current game data will be lost. Load saved game?,
GUI:Rank1Required,1,RANK REQUIRED - 1 Star General,
GUI:Rank3Required,1,RANK REQUIRED - 3 Star General,
GUI:Rank8Required,1,RANK REQUIRED - 5 Star General,
GUI:Experience,1,Experience,
GUI:RemainingSkillPoints,1,Points,
TOOLTIP:ExperienceToLevel,1,Experience to next level,
GUI:SaveAndLoad,1,SAVE/LOAD,
GUI:SaveTime,1,Time,
GUI:SaveDate,1,Date,
SCIENCE:Rank1,1,1 Star General,
SCIENCE:Rank2,1,2 Star General,
SCIENCE:Rank3,1,3 Star General,
SCIENCE:Rank4,1,4 Star General,
SCIENCE:Rank5,1,5 Star General,
SCIENCE:Rank6,1,Major General,
SCIENCE:Rank7,1,Lt. General,
SCIENCE:Rank8,1,General,
CONTROLBAR:StructureExit,1,Exit Structure,
CONTROLBAR:UpgradeChinaAircraftArmor,1,MiG &Armor,
CONTROLBAR:RangerMachineGun,1,&Machine Gun,
CONTROLBAR:RedguardMachineGun,1,&Machine Gun,
CONTROLBAR:RebelMachineGun,1,&Machine Gun,
CONTROLBAR:FlashBangGrenadeMode,1,&Flash-Bang Grenade,
CONTROLBAR:TranqDartsMode,1,&Tranq Darts Mode,
CONTROLBAR:StunBulletsMode,1,Take &Prisoner Mode,
UPGRADE:AircraftArmor,1,Aircraft Armor,
MAP:USA03Open,1,"Northern Kazakhstan. U.S. Forces in Full Retreat 
 Operation: Guardian Angel",
CONTROLBAR:TooltipChinaUpgradeAircraftArmor,1,+25% MiG health,
CONTROLBAR:ToolTipSwitchToRangerMachineGun,1,Switches to machine gun mode for all purpose attacking,
CONTROLBAR:ToolTipSwitchToRedguardMachineGun,1,Switches to machine gun mode for all purpose attacking,
CONTROLBAR:ToolTipSwitchToRebelMachineGun,1,Switches to machine gun mode for all purpose attacking,
CONTROLBAR:ToolTipSwitchToUSAFlashBang,1,Use Flash-Bang grenades,
CONTROLBAR:ToolTipSwitchToChinaStunBullets,1,Switches to firing stun bullets mode to capture enemy soldiers in the open,
CONTROLBAR:ToolTipSwitchToGLATranqDarts,1,Switches to tranq-dart weapon to capture enemy soldiers in the open,
GUI:ProductionQueueFull,1,The unit's production queue is full,
GUI:ParkingPlacesFull,1,All parking places are occupied,
GUI:UnitMaxedOut,1,You already have the maximum for this unit,
CONTROLBAR:FireTomahawkAtPosition,1,&Tomahawk Bombardment,
CONTROLBAR:ToolTipFireTomahawkAtPosition,1,Fire tomahawks at a location,
GUI:SurrenderConfirmation,1,Are you sure you want to Surrender?,
GUI:GameOver,1,Game Over,
TOOLTIP:RefreshNat,1,Click after changing firewall setup or ISP,
GUI:Surrender,1,SURRENDER,
GUI:SuperweaponEmergencyRepair,1,Emergency Repair,
CONTROLBAR:FireNukeCannonAtPosition,1,Nuke &Bombardment,
CONTROLBAR:FireInfernoCannonAtPosition,1,Inferno &Bombardment,
CONTROLBAR:FireScudExplosiveAtPosition,1,Explosive &Bombardment,
CONTROLBAR:FireScudAnthraxAtPosition,1,Anthrax B&ombardment,
MAP:USA04Objective1Text,1,"MISSION OBJECTIVE: 
 Clear the beach of GLA forces",
MAP:USA04Objective2Text,1,"MISSION OBJECTIVE: 
 Destroy the Stinger Sites",
MAP:USA04Objective3Text,1,"MISSION OBJECTIVE: 
 Destroy the GLA Base",
CONTROLBAR:ToolTipFireNukeCannonAtPosition,1,Bombard a location with nuke cannon shells,
CONTROLBAR:ToolTipFireInfernoCannonAtPosition,1,Bombard a location with inferno cannon shells,
CONTROLBAR:ToolTipFireScudExplosiveAtPosition,1,Bombard a location with explosive warheads,
CONTROLBAR:ToolTipFireScudAnthraxAtPosition,1,Bombard specified location with anthrax warheads,
TOOLTIP:Brightness,1,Adjust the brightness of the game,
TOOLTIP:ScrollSpeed,1,Adjust map scroll speed,
TOOLTIP:SendDelay,1,For Firewall Users Only. (Please Consult the Manual),
GUI:GSFailedToHost,1,Could not host the game,
Buddy:SelectBuddyToChat,1,Select Buddy to chat,
GUI:CannotConnectToServservTitle,1,CANNOT CONNECT,
GUI:CannotConnectToServserv,1,Unable to establish a connection with Command and Conquer Generals Zero Hour servers. Please check your internet connection,
MESSAGE:BattlePlanBombardmentInitiated,1,Bombardment strategy has been initiated,
MESSAGE:BattlePlanHoldTheLineInitiated,1,Hold the Line strategy has been initiated,
MESSAGE:BattlePlanSearchAndDestroyInitiated,1,Search and Destroy strategy has been initiated,
OBJECT:TechOilRefinery,1,Oil Refinery -- Capture to reduce the cost of vehicles,
OBJECT:SupplyDock,1,Supply Dock,
GUI:InGameDiplomacy,1,Diplomacy,
GUI:MapPreview,1,Map Preview,
GUI:Error,1,Error,
Buddy:Disconnected,1,"You have been disconnected 
 from the buddy list",
GUI:SandboxMode,1,Entering sandbox mode...,
GUI:BookmarkXSet,1,Bookmark #%d set,
SCIENCE:EmergencyRepair1,1,Emergency Repair 1,
SCIENCE:EmergencyRepair2,1,Emergency Repair 2,
SCIENCE:EmergencyRepair3,1,Emergency Repair 3,
MAP:CHI05Open,1,"Balykchy, Kyrgyzstan 
 Scorched Earth",
CONTROLBAR:ToolTipScienceEmergencyRepair,1,"Repairs vehicles in an area 
 
 Rank 1: Light Repair 
 Rank 2: Medium Repair 
 Rank 3: Serious Repair 
 
 Deploy from: Command Center",
GUI:MinSpecFailedTitle,1,WARNING,
GUI:MinSpecFailedMessage,1,Your system does not meet the minimum hardware requirements. You may experience slower than normal frame rates in your multiplayer games,
TOOLTIP:AlreadyUpgradedDefault,1,This upgrade has already been purchased,
TOOLTIP:HasConflictingUpgradeDefault,1,Conflicting upgrade cannot be purchased,
GUI:NoGameSelected,1,Select a game to join first,
GUI:CloseExpScreen,1,Done,
TOOLTIP:CloseExpScreen,1,Return to Game,
GUI:GPNoCommunicator,1,The Communicator is not available in the Multiplayer Playtest,
GUI:GSKickedGameStarted,1,The game has started,
GUI:GSKickedGameFull,1,The game is full,
Network:PacketRouterTimeout,1,Packet Router Timeout,
GUI:EstablishingConnectionPaths,1,ESTABLISHING CONNECTION PATHS,
UPGRADE:RadarVanScan,1,Radar Van Scan,
MAP:CHI04Open,1,"Tanggula Mountains, China 
 Broken Alliances",
MAP:GLA04Open,1,"Astana City 
 Chinese-Occupied Capital of Kazakhstan",
MAP:USA07NewObjective2,1,"NEW MISSION OBJECTIVE: 
 Destroy the Chinese Command Center 
 and the Nuclear Missile Silo",
MAP:USA07GotObjective1,1,"OBJECTIVE COMPLETED: 
 Destroy the GLA to the northeast",
MAP:USA07GotObjective2,1,"OBJECTIVE COMPLETED: 
 Destroy the Chinese Command Center 
 and the Nuclear Missile Silo",
GUI:Defaults,1,DEFAULTS,
TOOLTIP:OptionsAccept,1,Accept the changes made and exit the Options Menu,
TOOLTIP:OptionsCancel,1,Exit the Options Menu without making your changes,
TOOLTIP:OptionsDefaults,1,Reset the options to the default settings,
MESSAGE:StealthDiscovered,1,Enemy stealth unit discovered,
MESSAGE:StealthNeutralized,1,Stealth ability neutralized,
TOOLTIP:SortBuddies,1,Sort Buddies to the top of the game list,
CONTROLBAR:GeneralsExperienceMenu,1,Generals Experience Menu,
CONTROLBAR:GeneralsExperienceMenuDescription,1,Show the experience menu where you can spend experience points gained in battle for various General's Powers,
CONTROLBAR:UpDown,1,Show/Hide Toggle,
CONTROLBAR:UpDownDescription,1,Toggles whether the control bar is shown or hidden,
CONTROLBAR:DisarmMinesAtPosition,1,C&lear Mines,
CONTROLBAR:ToolTipDisarmMinesAtPosition,1,Clear mines and small explosives in the given area,
TOOLTIP:ScienceCostUnavailable,1,Cost: Unavailable,
GUI:OnlineIPAddresses,1,Online IP:,
GUI:GSDisconReason16,1,A profile with that nickname already exists,
GUI:GSDisconReason17,1,That password is incorrect. Please try again,
GUI:GSDisconReason18,1,A profile with that nickname already exists,
GUI:GSDisconReason19,1,Server error - cannot create account,
Buddy:MessageDisconnected,1,"You have been disconnected 
 from the buddy list",
GUI:PlayerHasBeenDefeated,1,%ls has been Defeated,
CONTROLBAR:UpgradeAmericaRangerCaptureBuilding,1,&Capture Building,
CONTROLBAR:UpgradeChinaRedguardCaptureBuilding,1,&Capture Building,
CONTROLBAR:UpgradeGLARebelCaptureBuilding,1,&Capture Building,
CONTROLBAR:DetonateBombTruck,1,Detonate &Now!,
UPGRADE:RangerCaptureBuilding,1,Capture Building,
UPGRADE:RedguardCaptureBuilding,1,Capture Building,
UPGRADE:RebelCaptureBuilding,1,Capture Building,
CONTROLBAR:TooltipDetonateBombTruck,1,Orders the Bomb Truck to immediately detonate at his current location,
CONTROLBAR:ToolTipUSAUpgradeRangerCaptureBuilding,1,Enables Rangers to capture enemy and tech buildings,
CONTROLBAR:ToolTipChinaUpgradeRedGuardCaptureBuilding,1,Enables Red Guards to capture enemy and tech buildings,
CONTROLBAR:ToolTipGLAUpgradeRebelCaptureBuilding,1,Enables Rebels to capture enemy and tech buildings,
GUI:Loading,1,LOADING,
TOOLTIP:EmoteButton,1,Emote,
CONTROLBAR:Power,1,Power,
CONTROLBAR:PowerDescription,1,"Current Power: %d 
 Required Power: %d",
CONTROLBAR:Money,1,Money,
CONTROLBAR:MoneyDescription,1,This is the amount of money you have,
MAP:TourneyArena,1,Tournament Desert,
UPGRADE:AmericaDroneARmor,1,Drone Armor,
UPGRADE:APRockets,1,Armor Piercing Rockets,
ThingTemplate:EuropeanTowerBridge01,1,Bridge,
ThingTemplate:BridgeTowerConcreteRight02,1,Bridge,
Team:0,1,None,
Team:1,1,1,
Team:2,1,2,
Team:3,1,3,
Team:4,1,4,
Team:AI,1,CPU,
GUI:RestartConfirmation,1,Are you sure you want to restart?,
GUI:ErrorStartingGame,1,ERROR STARTING GAME,
GUI:TooManyPlayers,1,This map only supports %d players,
GUI:SandboxWarning,1,Clicking Start again will start a sandbox game,
GUI:CantFindMap,1,Cannot find the map. Is it corrupted?,
GUI:EnterSaveDesc,1,Enter game description,
GUI:MissionSave,1,Mission Start - %s %d,
GUI:SaveReplay,1,SAVE REPLAY,
GUI:OverwriteReplayTitle,1,OVERWRITE REPLAY,
GUI:OverwriteReplay,1,Overwrite Replay?,
GUI:ConfirmDelete,1,Are you sure you want to delete this game?,
GUI:DeleteGame,1,DELETE,
GUI:GameSaveComplete,1,*** Game Saved ***,
CAMPAIGN:USA,1,USA,
CAMPAIGN:GLA,1,GLA,
CAMPAIGN:China,1,China,
GUI:Easy,1,Easy,
GUI:Hard,1,Hard,
GUI:SelectDifficulty,1,SELECT DIFFICULTY,
GUI:NumPlayersOnline,1,Total players online: %d,
GUI:AllowableMaps,1,Allowable Maps,
GUI:QuickMatchTitle,1,QuickMatch,
LOAD:TRAINING_1,1,- GLA controls a Chemical Weapons Plant,
LOAD:TRAINING_2,1,- Destroy the Chemical Weapons Plant,
LOAD:TRAINING_3,1,- Eliminate the threat,
LOAD:USA01_1,1,- GLA has SCUD Storm,
LOAD:USA01_2,1,- They are based in Baghdad,
LOAD:USA01_3,1,- Eliminate this threat,
LOAD:USA02_1,1,- GLA leaders tracked to Yemen,
LOAD:USA02_2,1,- Comanches are searching for criminals,
LOAD:USA02_3,1,- Save the captured pilots,
LOAD:USA03_1,1,- USA forces are in full retreat,
LOAD:USA03_2,1,- GLA is in close pursuit,
LOAD:USA03_3,1,- Provide cover for retreating forces,
LOAD:USA04_1,1,- GLA training camp has been discovered,
LOAD:USA04_2,1,- Eliminate this threat,
LOAD:USA06_1,1,- Peace conference in Kabara City,
LOAD:USA06_2,1,- GLA cannot be trusted,
LOAD:USA06_3,1,- Be on alert,
LOAD:USA07_1,1,- A rogue Chinese General has joined with the GLA,
LOAD:USA07_2,1,- Enemy is relying on Tunnel Networks,
LOAD:USA07_3,1,- Attack must be launched immediately,
LOAD:USA08_1,1,- US forces have surrounded the GLA capital,
LOAD:USA08_2,1,- GLA has biological weapons,
LOAD:USA08_3,1,- Chinese have pledged their support to US,
LOAD:USA08_4,1,- GLA must be eliminated,
LOAD:China01_1,1,- China's might is on parade,
LOAD:China01_2,1,- Protect China's military display,
LOAD:China01_3,1,- Eliminate any threat in Beijing area,
LOAD:China02_1,1,- GLA cell has been discovered in Hong Kong,
LOAD:China02_2,1,- Terrorists are using convention center as base,
LOAD:China02_3,1,- Cell must be eradicated,
LOAD:China03_1,1,- GLA has infested the Three Gorges Dam area,
LOAD:China03_2,1,- Enemy reinforcements now threaten our forces,
LOAD:China03_3,1,- Drown the GLA with Chinese forces,
LOAD:China04_1,1,- GLA has constructed a Bio-Toxin factory,
LOAD:China04_2,1,- Locate factory with help of operative Black Lotus,
LOAD:China04_3,1,- Air strike will aid in its destruction,
LOAD:China05_1,1,- GLA has taken over Balykchy,
LOAD:China05_2,1,- US forces will provide air support,
LOAD:China05_3,1,- Call in Carpet Bombs and destroy the GLA,
LOAD:China06_1,1,- GLA has commandeered one of China's Railroads,
LOAD:China06_2,1,"- GLA is gathering in Bishkek, Aldastan",
LOAD:China06_3,1,- Use Black Lotus to destroy the train bridge,
LOAD:China07_1,1,- GLA Asian terrorist cell identified in Tajikistan,
LOAD:China07_2,1,- Authorized to utilize your nuclear arsenal,
LOAD:GLA01_1,1,- Many brothers have been lost,
LOAD:GLA01_2,1,- China's defenses are spread thin,
LOAD:GLA01_3,1,- Destroy Chinese forces,
LOAD:GLA02_1,1,- U.N. supplies en route to Almaty region,
LOAD:GLA02_2,1,- Intercept these deliveries for our cause,
LOAD:GLA02_3,1,- Collect supplies to infuse the GLA with funds,
LOAD:GLA03_1,1,- Oppressors have corrupted the people of Zhambul,
LOAD:GLA03_2,1,- Their only true freedom lies in death,
LOAD:GLA03_3,1,- Use Toxin Tractors to eliminate them,
LOAD:GLA04_1,1,- We have found new allies in Astana,
LOAD:GLA04_2,1,- We can use them to harass the enemy,
LOAD:GLA04_3,1,"- While Astana burns, loot the city for supplies",
LOAD:GLA05_1,1,- The arrogance of the USA cannot go unanswered,
LOAD:GLA05_2,1,- Keep region from their imperialist grasp,
LOAD:GLA05_3,1,- Destroy their 'superior' air force,
LOAD:GLA06_1,1,- Reports from the Aral Sea are not good,
LOAD:GLA06_2,1,- US forces have control of our toxin storage facility,
LOAD:GLA06_3,1,- Retake the storage bunkers,
LOAD:GLA07_1,1,- GLA defectors have joined with China,
LOAD:GLA07_2,1,- Assault the convoys and sever their supply lines,
LOAD:GLA07_3,1,- Eliminate the traitors and their Chinese allies,
LOAD:GLA08_1,1,- Take control of the Cosmodrome,
LOAD:GLA08_2,1,- The missiles there will deliver deadly toxin to our enemies,
LOAD:GLA08_3,1,- Our destiny is at hand,
TOOLTIP:DownloadProgress,1,Download Progress,
TOOLTIP:BattleHonorBlitz10,1,"Blitz Honor 
 Beat opponent(s) in 10 minutes or less to earn this medal",
TOOLTIP:BattleHonorBlitz5,1,"Blitz Honor 
 Beat opponent(s) in 5 minutes or less to earn this medal",
TOOLTIP:BattleHonorLoyaltyUSADisabled,1,"USA Loyalty Honor 
 Play 20+ games in a row as USA to earn this medal",
TOOLTIP:BattleHonorLoyaltyChinaDisabled,1,"China Loyalty Honor 
 Play 20+ games in a row as China to earn this medal",
TOOLTIP:BattleHonorLoyaltyGLADisabled,1,"GLA Loyalty Honor 
 Play 20+ games in a row as the GLA to earn this medal",
TOOLTIP:BattleHonorBattleTankDisabled,1,"Battle Tank Honor 
 Build 50+ tanks against computer opponent(s) to earn this medal",
TOOLTIP:BattleHonorAirWingDisabled,1,"Air Wing Honor 
 Build 20+ aircraft against computer opponent(s) to earn this medal",
TOOLTIP:BattleHonorEnduranceDisabled,1,"Endurance Honor 
 Beat every map to earn a Bronze, Silver, or Gold medal",
TOOLTIP:BattleHonorCampaignUSADisabled,1,"USA Campaign Honor 
 Complete the USA Campaign to earn this honor 
 Beat the campaign on Hard difficulty to achieve the highest honor",
TOOLTIP:BattleHonorCampaignChinaDisabled,1,"China Campaign Honor 
 Complete the China Campaign to earn this honor 
 Beat the campaign on Hard difficulty to achieve the highest honor",
TOOLTIP:BattleHonorCampaignGLADisabled,1,"GLA Campaign Honor 
 Complete the GLA Campaign to earn this honor 
 Beat the campaign on Hard difficulty to achieve the highest honor",
TOOLTIP:BattleHonorChallengeDisabled,1,"Challenge Honor 
 Defeat 1-7 Hard computer opponents to earn this medal",
GUI:BuildingsKilledStat,1,Buildings Killed,
GUI:BuildingsBuiltStat,1,Buildings Built,
GUI:BuildingsLostStat,1,Buildings Lost,
GUI:QMWinStreak,1,QuickMatch win streak,
GUI:LastLadder,1,Last Ladder,
GUI:LobbyJoined,1,You have joined %ls,
GUI:GSNoLoginInfoAll,1,"Please enter your email, nickname, and password. Then, click on Login or Create Account",
GUI:GSNoLoginInfoEmailNickname,1,"Please enter your email and nickname. Then, click on Login or Create Account",
GUI:GSNoLoginInfoEmailPassword,1,"Please enter your email and password. Then, click on Login or Create Account",
GUI:Any,1,Any,
GUI:GSNoLoginInfoNicknamePassword,1,"Please enter your nickname and password. Then, click on Login or Create Account",
GUI:GSNoLoginInfoEmail,1,"Please enter your email. Then, click on Login or Create Account",
GUI:GSNoLoginInfoNickname,1,"Please enter your nickname. Then, click on Login or Create Account",
GUI:GSNoLoginInfoPassword,1,"Please enter your password. Then, click on Login or Create Account",
Buddy:MultipleOnlineNotification,1,You have buddies online,
GUI:ResetHonors,1,Reset Honors,
Chat:Observers,1,Observers View,
TOOLTIP:buddies,1,Sort game list by Buddies,
TOOLTIP:AddToBuddies,1,Add a player to your list of Buddies,
TOOLTIP:StagingPlayerInfo,1,"
 Region: %ls 
 Ping: %d ms 
 %d wins/%d losses 
 %d disconnects 
 Favorite army: %ls",
GUI:CantBuildTooCloseToSupplies,1,You cannot build there because it is too close to a source of supplies,
OBJECT:Frosty,1,Snowman,
OBJECT:Prop,1,.,
OBJECT:BigGate,1,Gate,
OBJECT:TownHall,1,Town Hall,
OBJECT:RailroadBridge,1,Railroad Bridge,
OBJECT:TheLoo,1,Out House,
OBJECT:TrainCar,1,Train Car,
OBJECT:SandBagWall,1,Sandbag Wall,
OBJECT:Structure,1,Civilian Building,
OBJECT:Airport,1,Civilian Airport,
OBJECT:Highrise,1,Highrise,
OBJECT:BridgeTower,1,Bridge Tower,
OBJECT:Field,1,Pitch,
OBJECT:SoccerStadiumGoal,1,Goal,
OBJECT:BigLightpost,1,Light Post,
MAP:BigRivers,1,Mountain Fox,
MAP:CHI01Open,1,"Chinese Military Parade, Beijing 
 The Dragon Awakes",
MAP:CHI03Obj1Done,1,MISSION OBJECTIVE Complete,
MAP:CHI07Obj1,1,"MISSION OBJECTIVE: 
 Establish a base and locate resources",
MAP:CHI07Obj2,1,"MISSION OBJECTIVE: 
 Defeat the GLA",
MAP:GLA02OpenAlt2,1,"Villages Outside Almaty, Kazakhstan 
 Seize the foreign supplies for our cause",
MAP:GLA02OpenAlt1,1,"Villages Outside Almaty, Kazakhstan 
 Operation: Pillage the Village",
MAP:GLA06OpenAlt2,1,"Western Shore of the Aral Sea, Kazakhstan 
 Steal the poisons of the West to use against them",
MAP:GLA06OpenAlt1,1,"Western Shore of the Aral Sea, Kazakhstan 
 Operation: Appropriate Poisons",
MAP:GLA07OpenAlt2,1,"Somewhere Near Lenger, Kazakhstan 
 Show the world what happens to traitors",
MAP:GLA07OpenAlt,1,"Somewhere Near Lenger, Kazakhstan 
 Operation: Trojan Horse",
MAP:GLA03Open02,1,"Chinese-Occupied Zhambul, Kazakhstan 
 Operation: Righteous Fire",
MAP:GLA03Directive,1,"Informant Report: 
 Destroy the pharmaceutical factory to obtain an Anthrax Bomb",
MAP:USA02Hint1Text,1,Use pilots to grant added veterancy to your vehicles,
MAP:USA02Hint2Text,1,Use the Ranger's Flash-Bang upgrade to clear out garrisoned structures,
MAP:USA03Hint1Text,1,Build Patriot Missile Systems to defend your base,
MAP:USA04Hint1Text,1,Use Tomahawk Missile Launchers to clear out GLA strong-points,
MAP:NVIDIATEXT,1,"Command & Conquer Generals 
 Coming February 2003",
MAP:USA06ObjHint2,1,"HINT: 
 Capture this facility",
MAP:USA06ObjHint1,1,"HINT: 
 There are important civilian buildings here",
MAP:GLA03Objective07,1,"Objective Complete: 
 300 traitors eliminated",
MAP:GLA03Objective08,1,"Objective Complete: 
 Pharmaceutical factory destroyed",
MAP:GLA05Open,1,"Adana, Turkey 
 Incirlik Air Base",
SCRIPT:GLA05Directive03,1,"WARNING: 
 American air forces inbound 
 Build Stinger Sites to defend your base",
SCRIPT:GLA05Directive04,1,"Secondary Objective: 
 Destroy the Chinese spy outpost",
SCRIPT:GLA05Directive05,1,"WARNING: 
 American air forces inbound 
 Use Stinger Sites and Quad Cannons to shoot down enemy aircraft",
MAP:GLA08Open,1,"Baikonur Cosmodrome, Southern Kazakhstan 
 Soviet-Era Rocket Launch Facility",
MAP:GLA08Open02,1,"Southern Kazakhstan 
 Baikonur Cosmodrome",
SCRIPT:GLA08Objective01,1,"MISSION OBJECTIVES: 
 Capture the ground control building 
 Capture the rocket launch gantry",
SCRIPT:GLA08Objective02,1,"MISSION OBJECTIVE: 
 Capture the ground control building",
SCRIPT:GLA08Objective03,1,"MISSION OBJECTIVE: 
 Capture the rocket launch gantry",
SCRIPT:GLA08Directive04,1,"WARNING: 
 Enemy superweapon incoming",
MAP:USA07hint1,1,"HINT: 
 Utilize this Supply Dock",
MAP:CHI05ObjInit,1,"MISSION OBJECTIVE: 
 Destroy the 3 GLA camps 
 and the main GLA base",
MAP:CHI05Obj4,1,There are 4 targets remaining,
MAP:CHI05Obj3,1,There are 3 targets remaining,
MAP:CHI05Obj2,1,There are 2 targets remaining,
MAP:CHI05Obj1,1,There is only 1 target remaining,
MAP:CHI05Objhint1,1,"HINT: 
 Utilize this Supply Dock",
MAP:CHI05Objhint2,1,"HINT: 
 Capture these facilities",
MAP:CHI05ObjCBReady,1,"HINT: 
 Carpet Bombers are now available",
MAP:USA08MapName,1,Last Call,
MAP:USA08Open,1,"GLA Capital City, Aldastan 
 Operation: Last Call",
MAP:USA08OpenAlt,1,"Akmola, Kazakhstan 
 Operation: Last Call",
MAP:USA08Objective01,1,"MISSION OBJECTIVE: 
 Destroy all GLA forces and structures",
MAP:USA08WallGarWarning,1,"WARNING: 
 The GLA has garrisoned the wall 
 Rangers must use Flash-bangs to kill garrisoned GLA troops",
MAP:USA08ChinaHint,1,"Capture the Chinese buildings 
 Build combined US and China forces to wipe out the GLA",
MAP:USA08SCUDStormWarn,1,"WARNING: 
 The GLA has constructed a SCUD Storm",
MAP:USA08MineWarn,1,"WARNING: 
 GLA demo traps detected",
MAP:USA08GLABaseKIA,1,"The GLA bases are destroyed 
 Eliminate the remaining GLA forces to win the war",
CONTROLBAR:TooltipCarpetBomb,1,"Carpet Bomb target area 
 
 Countdown Timer: 2:30",
CONTROLBAR:TooltipCrateDrop,1,Drop supply crates,
CONTROLBAR:TooltipDetonateNuke,1,Explode hidden nuclear device,
MAP:GLA01Objective,1,"MISSION OBJECTIVE 
 Destroy the Dam",
MAP:GLA01Objective2,1,"MISSION OBJECTIVE 
 Destroy the Chinese base",
MAP:TrainingGenerals,1,"Left click on the generals button in the lower right corner of your screen to choose a new ability for your General. As you are promoted your General will gain access to new abilities. Some abilities will allow you to create new special units, while others will give you special powers that are used from your Command Center",
MAP:TrainingSalvage,1,"You have created a pile of salvage. Whenever GLA vehicles destroy enemy vehicles salvage is left behind. GLA vehicles can pick up salvage by moving over it. Salvage may be worth money or experience. Technicals, Quad Cannons and Marauders can upgrade their weapons with salvage",
MAP:TrainingUpgrade,1,Upgrades are bought at different structures in your base. They improve your units. Left click on the Barracks and then left click on Capture Building icon to upgrade your Rangers to be able to capture enemy buildings,
GUI:SaveAndContinue,1,CONTINUE,
TOOLTIP:PlayerSetting,1,Choose to match with a 1 vs. 1 or Team Game,
TOOLTIP:Ping,1,Choose your tolerance for your opponent's connection speed,
TOOLTIP:Disconnect,1,Choose your tolerance for total opponent disconnects,
TOOLTIP:Ladder,1,Choose the ladder on which you'd like to play,
TOOLTIP:QuickMatchStatus,1,"QuickMatch will attempt to match you based on skill level, PC spec, etc",
TOOLTIP:OnlineIP,1,IP Address used to connect to C&C Generals Zero Hour Online,
TOOLTIP:LanIP,1,IP Address used to connect with players in network games,
TOOLTIP:GamesBeingformed,1,Your connection speed to this game's players,
TOOLTIP:EmoteText,1,Left click to enter text,
CONTROLBAR:ToolTipChinaScienceCashHack,1,"Steal money from enemy supply centers. You cannot steal more money than the enemy has 
 
 Rank 1: $1000 
 Rank 2: $2000 
 Rank 3: $4000 
 
 Deploy from: Command Center",
GUI:TRAINING,1,TRAINING,
GUI:CHINA_Caps,1,CHINA,
TOOLTIP:SupplyDock,1,Supplies,
TOOLTIP:TechBuilding,1,Tech Building,
TOOLTIP:Mission1,1,.,
TOOLTIP:Mission2_8,1,Campaign One,
TOOLTIP:Mission9_16,1,Campaign Two,
TOOLTIP:Mission17_23,1,Campaign Three,
TOOLTIP:ButtonClear,1,Clear out the player name text box,
GUI:Objectives:,1,Summary:,
GUI:WinStreak,1,Win Streak,
GUI:LossStreak,1,Loss Streak,
GUI:PlayerNoMapWillTransfer,1,%ls does not have the map %ls. It will be transferred at game start,
GUI:LocalPlayerNoMapWillTransfer,1,You do not have the map %ls. It will be transferred to you at game start,
GUI:CouldNotTransferMap,1,Unable to transfer the map. The game cannot start,
GUI:Status,1,Status,
MapTransfer:CurrentFile,1,Current file: %ls,
MapTransfer:Timeout,1,Abort in %d:%2.2d,
MapTransfer:Preparing,1,Preparing...,
MapTransfer:Sending,1,Sending...,
MapTransfer:Recieving,1,Receiving...,
MapTransfer:Done,1,Done,
ThingTemplate:SalvageCrate,1,Salvage Crate,
ThingTemplate:IndustrialBridgeTower01,1,Bridge,
ThingTemplate:Crypt01,1,Crypt,
ThingTemplate:AsianAartmentSingle01,1,Apartment,
CONTROLBAR:RadioJam,1,Radio Jam,
MAP:USA01OBJOpen,1,"MISSION OBJECTIVE 
 Destroy all enemy forces",
MAP:TrainingWarFactory,1,"MISSION OBJECTIVE 
 Use your DOZER to build a WAR FACTORY",
TOOLTIP:MapNoSuccess,1,Beat this map against an Easy opponent!,
TOOLTIP:MapEasySuccess,1,Beat this map against a Medium opponent!,
TOOLTIP:MapMediumSuccess,1,Beat this map against a Hard opponent!,
TOOLTIP:MapHardSuccess,1,Beat this map against the maximum number of Hard opponents!,
Buddy:CantTalkToIngameBuddy,1,You cannot send messages to buddies in your game if you are observing,
MAP:Bavarian,1,Final Crusade,
MAP:CLake,1,Tournament Lake,
MAP:SBlast,1,Sand Serpent,
MAP:SleepingGiant,1,Dark Mountain,
MAP:SwissMP,1,Lone Eagle,
MAP:KandaharHighlands,1,Twilight Flame,
MAP:BoraBora,1,Tournament Island,
MAP:PrecipicePass,1,Fortress Avalanche,
MAP:TTourney,1,Tournament Tundra,
MAP:Gwall,1,Fallen Empire,
GUI:HTTPProxy,1,HTTP Proxy:,
GUI:WinPercent,1,%d%%,
TOOLTIP:PlayerCreatedName,1,Name of the player that created the game,
TOOLTIP:HTTPProxy,1,Set an HTTP Proxy to use for C&C Generals Zero Hour Online,
CONTROLBAR:BriefingHistory,1,Mission Briefings,
CONTROLBAR:BriefingHistoryDescription,1,Click to see mission briefings,
MAP:CHI04Objective1Text,1,"MISSION OBJECTIVE 
 Destroy the GLA's Stinger Sites",
MAP:CHI04Objective2Text,1,"MISSION OBJECTIVE 
 Use Black Lotus to capture the Chinese War Factory",
MAP:CHI04Objective3Text,1,"MISSION OBJECTIVE 
 Destroy Stinger Sites around the Chemical Factory",
MAP:CHI04Hint1Text,1,HINT: Use Black Lotus to disable enemy vehicles,
MAP:CHI04Hint2Text,1,HINT: Use Hackers to generate additional income,
MAP:CHI04Hint3Text,1,HINT: Use Black Lotus to hack into the enemy's supply center to siphon off additional resources,
GUI:GotoMainMenu,1,MAIN MENU,
TOOLTIP:BattleHonorFairPlay,1,"Fair Play Honor 
 Disconnect from Online games less than 10% of the time (with at least 10 games played) to earn this medal",
TOOLTIP:BattleHonorApocalypse,1,"Apocalypse Honor 
 Player has built the Particle Cannon, Nuclear Missile, and SCUD Storm in a solo or multiplayer online game",
TOOLTIP:BattleHonorFairPlayDisabled,1,"Fair Play Honor 
 Disconnect from Online games less than 10% of the time (with at least 10 games played) to earn this medal",
TOOLTIP:BattleHonorApocalypseDisabled,1,"Apocalypse Medal 
 Build the Particle Cannon, Nuclear Missile, and SCUD Storm to earn this medal",
TOOLTIP:BattleHonorPreorder,1,"Officers Club Honor 
 Player is a founding member of the Generals community",
TOOLTIP:BattleHonorPreorderDisabled,1,"Officers Club Medal 
 Player did not preorder Generals",
GUI:Credits,1,CREDITS,
ERROR:D3DFailurePrompt,1,DirectX Error,
ERROR:D3DFailureMessage,1,Please make sure you have DirectX 8.1 or higher installed. Also verify that your video card meets the minimum requirements,
GUI:AudioHardware,1,Hardware Accelerated Audio,
GUI:AudioSurround,1,Surround Sound,
TOOLTIP:CheckAudioHardware,1,Check this box to enable hardware acceleration for Audio,
TOOLTIP:AudioSurround,1,Check this box if you have surround sound speakers,
CAMPAIGN:TRAINING,1,Training,
GUI:WinPercentLabel,1,Win Percent,
GUI:BestWinStreak,1,Best Win Streak,
Buddy:MatchingNotification,1,%hs is QuickMatching,
Buddy:StagingNotification,1,%hs is setting up a game,
Buddy:LoadingNotification,1,%hs is starting a game,
Buddy:PlayingNotification,1,%hs is playing a game,
CONTROLBAR:GeneralsPromotion,1,General's Promotion,
CONTROLBAR:GeneralsExp,1,Generals Experience,
CONTROLBAR:GeneralsExpDescription,1,This meter shows how close you are to reaching your next General level,
TOOLTIP:TooltipNukeReactorOverChargeIsOn,1,Overcharge is currently ON,
TOOLTIP:TooltipNukeReactorOverChargeIsOff,1,Overcharge is currently OFF,
GUI:ESRB_Top,1,ESRB Notice:,
GUI:ESRB_Bottom,1,"Game Experience May 
 Change During Online Play",
GUI:ReplaySaved,1,Replay Saved,
OBJECT:Monument,1,Monument,
TOOLTIP:TooltipNotEnoughMoneyToBuild,1,Insufficient funds,
TOOLTIP:TooltipCannotPurchaseBecauseQueueFull,1,Build queue full,
TOOLTIP:TooltipCannotBuildUnitBecauseParkingFull,1,Airfield full,
TOOLTIP:TooltipCannotBuildUnitBecauseMaximumNumber,1,Unit already exists,
GUI:SocketError,1,"Failed trying to communicate with the network, check your connection",
GUI:NetworkError,1,NETWORK ERROR,
GUI:BuddiesTab,1,Buddies,
TOOLTIP:BattleHonorOfficersClub,1,"Officers Club Honor 
 Founding member of the Generals Community",
GUI:CreateFormationDescription,1,Create a formation of the selected units and they will retain it as they move,
GUI:ScatterDescription,1,Scatter selected object(s),
OBJECT:TrainWreckBridge,1,Train Wreck Bridge,
MAP:BarrenBadlands,1,Barren Badlands,
MAP:CraterCanyon,1,Crater Canyon,
MAP:DustDevil,1,Dust Devil,
MAP:EasternEverglades,1,Eastern Everglades,
MAP:ForgottenForest,1,Forgotten Forest,
MAP:InterstateInferno,1,Interstate Inferno,
MAP:MountainMayhem,1,Mountain Mayhem,
MAP:NoMansLand,1,No Man's Land,
MAP:OverlandOffensive,1,Overland Offensive,
MAP:RockyRampage,1,Rocky Rampage,
MAP:SnowblindStrike,1,Snowblind Strike,
MAP:UrbanUnderground,1,Urban Underground,
MAP:VictoryValley,1,Victory Valley,
MAP:WastelandWarfare,1,Wasteland Warfare,
MAP:RogueAgent,1,Rogue Agent,
MAP:DesertEagle,1,Desert Eagle,
MAP:FlashFire,1,Flash Fire,
MAP:MountainGuns,1,Mountain Guns,
MAP:FlashEffect,1,Flash Effect,
MAP:LightsOut,1,Lights Out,
MAP:SteelTrap,1,Steel Trap,
MAP:ArmoredFury,1,Armored Fury,
MAP:InfiniteJustice,1,Cairo Commandos,
MAP:Whiteout,1,Whiteout,
MAP:FalloutEffect,1,Fallout Effect,
MAP:FloodedPlains,1,Flooded Plains,
MAP:TournamentContinent,1,Tournament Continent,
MAP:TournamentCity,1,Tournament City,
MAP:TournamentLadder01,1,Tournament Ladder 01,
MAP:TournamentLadder02,1,Tournament Ladder 02,
MAP:TournamentLadder03,1,Tournament Ladder 03,
MAP:TournamentLadder04,1,Tournament Ladder 04,
MAP:TrainingGLAHole,1,GLA buildings have deep underground areas that allow their workers to remain protected. After destroying a GLA building a hole will be left behind. Workers hidden in this hole will eventually rebuild the structure. Attack the hole to remove the GLA threat,
TOOLTIP:BattleHonorStreak25,1,"Streak Honor 
 Player has won 25 Skirmish games in a row 
 Earn a new medal for 3, 10, 25, 100, 500 & 1000 consecutive wins",
GUI:InsertCDPrompt,1,Missing CD,
GUI:InsertCDMessage,1,Please insert the first game CD,
CONTROLBAR:OrRequirement,1,or,
SCRIPT:USA02RescueCounter,1,Pilots Remaining:,
GUI:AddCash,1,$%d,
GUI:LoseCash,1,-$%d,
RADAR:HarvesterUnderAttack,1,Resource gatherer under attack,
OBJECT:PharmaceuticalFactory,1,Pharmaceutical Factory,
GUI:CareerWins,1,Career Wins,
GUI:CareerLosses,1,Career Losses,
GUI:CurrentWinStreak,1,Current Win Streak,
GUI:CarrerWinPercent,1,Career Win Percentage,
TOOLTIP:NumberOfPlayers,1,Number of players currently in this game,
TOOTIP:Password,1,Password required to join game,
TOOLTIP:PingInfo,1,Connection speed quality to host,
TOOLTIP:LobbyOfficersClub,1,Officers Club: Founding member of the Generals Community,
GUI:Display,1,OPTIONS,
GUI:Audio,1,AUDIO,
GUI:LANLobby,1,LAN LOBBY,
GUI:Mute,1,Mute,
GUI:NeedHumanPlayers,1,You need a non-observer human player to start the game,
GUI:MediumDifficulty,1,Medium,
CONTROLBAR:ObsPlayerLabel,1,%ls (Team %ls),
GUI:LowTextureDetail,1,Low Texture Detail,
TOOLTIP:LowTextureDetail,1,Use Low Resolution Textures,
GUI:QuickMatch800x600,1,Please change your video resolution to 800 x 600 to play QuickMatch,
OBJECT:CargoPlane,1,Cargo Plane,
OBJECT:HuNanProvince,1,Beijing,
OBJECT:HongKong,1,Hong Kong,
OBJECT:HubeiProvince,1,Three Gorges Dam,
OBJECT:Tangula,1,Tanggula Mountains,
OBJECT:Balykchy,1,Balykchy,
OBJECT:Bishkek,1,Bishkek,
OBJECT:Dushanbe,1,Dushanbe,
OBJECT:Shymkent,1,Shymkent,
OBJECT:Almaty,1,Almaty,
OBJECT:Zambul,1,Zhambul,
OBJECT:Astana,1,Astana,
OBJECT:Incirlik,1,Incirlik,
OBJECT:AralSea,1,Aral Sea,
OBJECT:Lenger,1,Lenger,
OBJECT:Baikonur,1,Baikonur,
OBJECT:Mazar,1,Mazar,
OBJECT:Baghdad,1,Baghdad,
OBJECT:AlHanad,1,Al Hanad,
OBJECT:NorthKazakhstan,1,Northern Kazakhstan,
OBJECT:KazakhstanCoast,1,Kazakhstan Coast,
OBJECT:KazakhstanDMZ,1,Kazakhstan DMZ,
OBJECT:SouthKazkahstan,1,Southeastern Kazakhstan,
OBJECT:Akmola,1,Akmola,
SCRIPT:GLA03Objective01a,1,"MISSION OBJECTIVES: 
 Claim the Command Center to the East to begin production 
 Kill 200 traitors",
SCRIPT:GLA03Objective02a,1,"MISSION OBJECTIVE: 
 Use Toxin Tractors to kill 200 traitors",
TOOLTIP:Campaign1,1,Campaign 3,
TOOLTIP:Campaign2,1,Campaign 2,
TOOLTIP:Campaign3,1,Campaign 1,
GUI:Setup,1,SETUP,
GUI:PlayerInfo,1,PLAYER INFO,
GUI:Persona,1,PERSONA,
GUI:TextureHigh,1,High Quality (slower),
GUI:TextureMedium,1,Medium Quality,
GUI:TextureLow,1,Low Quality (faster),
GUI:GameSpeed,1,Game Speed,
GUI:SlowGameSpeed,1,Slow,
GUI:MediumGameSpeed,1,Medium,
GUI:FastGameSpeed,1,Fast,
GUI:RestartConfirmationTitle,1,RESTART?,
GUI:SurrenderConfirmationTitle,1,SURRENDER?,
TOOLTIP:StartPositionN,1,Start Position for player %d,
LABEL:FORMATION,1,F,
GUI:IgnoreSm,1,Ignore,
GUI:AcceptSm,1,ACCEPT,
GUI:EasyCaps,1,EASY,
GUI:MediumDifficultyCaps,1,MEDIUM,
GUI:HardCaps,1,HARD,
TOOLTIP:AdvanceOptionsAccept,1,Accept the changes made to the Advance Display Options,
TOOLTIP:AdvanceOptionsCancel,1,Exit the Advance Display Options Menu without making your changes,
GUI:AdvanceDisplayOptions,1,ADVANCED DISPLAY OPTIONS,
GUI:Shadows,1,Shadows,
TOOLTIP:Shadows,1,Toggle showing shadows in game. Turn off for improved performance,
GUI:BehindBuilding,1,Behind Buildings,
TOOLTIP:BehindBuilding,1,Toggle showing units behind buildings. Turn off for improved performance,
GUI:ShowProps,1,Show Props,
TOOLTIP:ShowProps,1,Toggle displaying game props. Turn off for improved performance,
GUI:LowResSlider,1,TEXTURE RESOLUTION,
GUI:HighResSlower,1,High Resolution (Slower),
GUI:LowResFaster,1,Low Resolution (Faster),
TOOLTIP:LowResSlider,1,Higher resolution textures can slow the game down,
GUI:ParticleCap,1,PARTICLE CAP,
GUI:MoreParticlesSlower,1,Max Particles (Slower),
GUI:LessParticlesFaster,1,Min Particles (Faster),
TOOLTIP:ParticleCapSlider,1,More particles can slow the game down,
GUI:CurrentLossStreak,1,Current Loss Streak,
GUI:Custom,1,Custom,
GUI:ToggleOnOff,1,Visual Effects,
GUI:RestartMission,1,RESTART MISSION,
GUI:ExitMission,1,EXIT MISSION,
GUI:OlderReplayVersionTitle,1,OLDER REPLAY VERSION,
GUI:OlderReplayVersion,1,"Loading may not display the replay properly, continue to load?",
GUI:Shadows2D,1,2D Shadows,
TOOLTIP:Shadows2D,1,Toggle showing 2D shadows in game. Turn off for improved performance,
GUI:Shadows3D,1,3D Shadows,
TOOLTIP:Shadows3D,1,Toggle showing 3D shadows in game. Turn off for improved performance,
GUI:CloudShadows,1,Cloud Shadows,
TOOLTIP:CloudShadows,1,Toggle showing cloud shadows on terrain. Turn off for improved performance,
GUI:GroundLighting,1,Extra Ground Lighting,
TOOLTIP:GroundLighting,1,Toggle showing detailed lighting on terrain. Turn off for improved performance,
GUI:SmoothWater,1,Smooth Water Borders,
TOOLTIP:SmoothWater,1,Toggle smoothing of water borders. Turn off for improved performance,
GUI:ExtraAnimations,1,Extra Animations,
TOOLTIP:ExtraAnimations,1,Toggle showing optional animations like tree sway. Turn off for improved performance,
GUI:NoDynamicLOD,1,Disable Dynamic Level of Detail,
TOOLTIP:NoDynamicLOD,1,Disable automatic detail adjustment. Turn off for improved performance,
GUI:UnlockMaxFPS,1,Uncapped FPS,
TOOLTIP:UnlockMaxFPS,1,Allows frame rates above 30. Affects game speed so only recommended for benchmarks,
GUI:TreeSway,1,Tree Animation,
TOOLTIP:TreeSway,1,Toggle tree animations. Turn off for improved performance,
GUI:TankTreads,1,Vehicle Tracks,
TOOLTIP:TankTreads,1,Toggle marks left by vehicles. Turn off for improved performance,
GUI:WaterWaves,1,Water Waves,
TOOLTIP:WaterWaves,1,Toggle wave animations on shorelines. Turn off for improved performance,
GUI:BuildupAnimations,1,Buildup Animations,
TOOLTIP:BuildupAnimations,1,Show additional animations during structure construction. Turn off for improved performance,
GUI:AdvancedOptionsToggleOnOff,1,Toggle On/Off - Off to improve performance,
GUI:PerformanceTestingMessage,1,Please wait while we test your system performance to determine optimal settings,
GUI:PerformanceTestingTitle,1,Testing System Performance,
GUI:ReducedColor,1,16-Bit Color,
TOOLTIP:ReducedColor,1,Improves performance but reduces visual quality,
GUI:SelectAMapLowerCase,1,Select Map,
GUI:SaveAndExit,1,SAVE AND EXIT,
GUI:PerSideWinPercentage,1,%d%% %ls,
GUI:WinnersToday,1,TODAY'S WINNERS,
GUI:WinnersLastWeek,1,LAST WEEK'S WINNERS,
MOTD:NumPlayersHeading,1,Welcome to Generals Zero Hour Online.,
TOOLTIP:GameAcceptance,1,Game Acceptance,
TOOLTIP:ConnectionSpeed,1,Connection Speed,
CONTROLBAR:NoHotKeyArtilleryBarrage,1,Artillery Barrage,
CONTROLBAR:NoHotKeySpySatellite,1,Spy Satellite,
GUI:FetchingPlayerInfo,1,Updating...,
CREDITS:EALosAngelesFieldRecordingsTeam,1,EA Los Angeles Field Recordings Team,
CREDITS:TiburonQualityAssuranceSeniorLead,1,EA Tiburon Quality Assurance Senior Lead,
CREDITS:TiburonQualityAssuranceProjectLead,1,EA Tiburon Quality Assurance Project Lead,
CREDITS:TiburonAssociateQualityAssuranceLeads,1,EA Tiburon Associate Quality Assurance Leads,
CREDITS:TiburonQualityAssuranceSeniorTesters,1,EA Tiburon Quality Assurance Senior Testers,
CREDITS:TiburonQualityAssuranceTesters,1,EA Tiburon Quality Assurance Testers,
CREDITS:EAUKAdditionalQualityAssurance,1,EAUK Additional Quality Assurance,
CREDITS:MultiplayerTestParticipants,1,Multiplayer Test Participants,
CREDITS:FocusTesters,1,Focus Testers,
CREDITS:NorthAmericaMarketingPartners,1,North America Marketing Partners,
CREDITS:ManagingDirectorEurope,1,"Managing Director, Europe",
CREDITS:EuropeanMarketingPartners,1,European Marketing Partners,
CREDITS:AsiaPacificPresidentandCoach,1,"EA Asia Pacific, President and Coach",
CREDITS:AsiaPacificMarketingPartners,1,EA Asia Pacific Marketing Partners,
CREDITS:GamingCommunityPartners,1,Gaming Community Partners,
CREDITS:EADevelopmentExecutives,1,EA Development Executives,
CREDITS:SpecialThankstotheMaxiscrew,1,Special Thanks to the Maxis crew,
CREDITS:VerySpecialThanks,1,Very Special Thanks,
CREDITS:DevelopmentTitle,1,Command & Conquer (TM) Generals Zero Hour was developed,
CREDITS:EAPacificDevTeam,1,Electronic Arts Los Angeles,
CREDITS:ExecutiveInCharge,1,Executive in Charge of Production,
CREDITS:Producer,1,Producer,
CREDITS:LeadDesigner,1,Lead Designer,
CREDITS:TechnicalDirector,1,Technical Director,
CREDITS:ArtDirector,1,Art Director,
CREDITS:ArtProducer,1,Art Producer,
CREDITS:SeniorProducer,1,Senior Producer,
CREDITS:AssociateProducers,1,Associate Producer,
CREDITS:MultiplayerTestProducer,1,Multiplayer Test Producer,
CREDITS:SeniorEngineers,1,Senior Engineers,
CREDITS:Engineers,1,Engineers,
CREDITS:AdditionalEngineering,1,Additional Engineering,
CREDITS:Designers,1,Designers,
CREDITS:AdditionalDesignInspirationandSupport,1,"Additional Design, Inspiration and Support",
CREDITS:AdditionalDesign,1,Additional Design,
CREDITS:ExternalMultiplayMapCreators,1,External Multiplay Map Creators,
CREDITS:Artists,1,Artists,
CREDITS:AdditionalArt,1,Additional Art,
CREDITS:DirectorofAudio,1,Director of Audio,
CREDITS:SoundDesignandVoiceDirection,1,Sound Design and Voice Direction,
CREDITS:Composers,1,Composers,
CREDITS:Composer1,1,Music Composed and Produced by,
CREDITS:Additionalsoundsanddialogueprocessing,1,Additional Sounds and Additional Dialogue Processing,
CREDITS:ScriptWriters,1,Script Writers,
CREDITS:SoundEffectsFieldRecordings,1,Sound Effects Field Recordings,
CREDITS:SoundEffectsFieldRecordings1,1,Jacques Littlefield and the Military Vehicle Technology Foundation,
CREDITS:SoundEffectsFieldRecordings2,1,SPEC Samuel H. Cho,
CREDITS:SoundEffectsFieldRecordings3,1,Staff Sergeant Scott McClane of C troop 1/18 Cav,
CREDITS:SoundEffectsFieldRecordings4,1,Mary Beth McFadden and Francisco Mendozo at Adam's Steel - Anaheim,
CREDITS:CinematicCutSceneDirector,1,Cinematic Cut Scene Director,
CREDITS:CinematicCutSceneArtists,1,Cinematic Cut Scene Artists,
CREDITS:ProductionAssistance,1,Additional Production Management,
CREDITS:AdditionalProductionManagement,1,Additional Production Management,
CREDITS:CameoProduction,1,Cameo Production,
CREDITS:Casting,1,Casting by Deborah German Casting,
CREDITS:Wardrobe,1,Wardrobe by Jodi DeMarco,
CREDITS:HairandMakeUp,1,Hair and Make-Up by Jodi DeMarco,
CREDITS:EngineeringInterns,1,Engineering Interns,
CREDITS:ArtIntern,1,Art Intern,
CREDITS:EAPacificQualityAssurance,1,EA Pacific Quality Assurance,
CREDITS:EAPacificOperations,1,EA Pacific Operations,
CREDITS:VoiceActors,1,Voice Actors,
CREDITS:CameoPhotos,1,Cameo and Generals' Photos,
CREDITS:AdditionalModels,1,Additional Models by Mythos Studios,
CREDITS:CinematicIntroandFinaleMovies,1,Intro Movie by Mondo Media,
CREDITS:MotionCapture,1,Westwood Motion Capture,
CREDITS:MilitarypropsThanx,1,Military props supplied by David Hsu & Specialized Distribution,
CREDITS:SpecialThanx1,1,"Thanks & Love to Daisy & Freeman Gushee, Mom & Dad and Ike! - Harvard",
CREDITS:SpecialThanx2,1,"Love and thanks to Laura, Ben, Jack, Sam and Sophie",
CREDITS:SpecialThanx3,1,"Thanks to the Brown Family Support Team- Robin, Josh, Beth and Meeskite",
CREDITS:SpecialThanx4,1,Thanks to my son Colin Moore for letting me play the game on his machine,
CREDITS:SpecialThanx5,1,A big hug to my new husband Joji for his love and support -Jill,
CREDITS:SpecialThanx7,1,"Thanks to DMP, Jenny and Elizabeth",
CREDITS:SpecialThanx8,1,Thanks to my Father. - Mark Lorenzen,
CREDITS:SpecialThanx9,1,"Lots of love to Madison, Reece, Melissa, Dad, and my bros! - Randy Greenback",
CREDITS:SpecialThanx10,1,"Thanks to Maha, Ramzi, & Brooke for their support. Props to the 415 kids-Amer",
CREDITS:SpecialThanx11,1,"Mom&Dad, Bry,Kev,Dan&Mel,Aaron&Kelsey,Mikki,Adam,Kev,Jay,James - SCC",
CREDITS:SpecialThanx12,1,To Brenda and Nero for their wonderful support - Eric Kearns,
CREDITS:SpecialThanx13,1,"Thanks Gibson, Vinge, Mieville, Bear, Hebert, LeGuin - RN Smith",
CREDITS:SpecialThanx14,1,"Deborah, Stephen, and Alan- Thanks for putting up with me - Ian Barkley-Yeung",
CREDITS:SpecialThanx15,1,Thanks to Cristi for your understanding and support - John,
CREDITS:SpecialThanx16,1,Thanks to April Wesley Kelly & Chelsie - Scott Bowen,
CREDITS:SpecialThanx17,1,"Thanks to friends, family, Choo Choo Bear, and the hard-working ZH team! -JB",
CREDITS:SpecialThanx18,1,Thanks to Junko for your love. -Robert Minsk,
CREDITS:SpecialThanx19,1,"Thank-U Carina, Kat and Brandon for being so understanding-David Wainstain",
CREDITS:SpecialThanx20,1,"Thanks to my family, Cheryl and Brandon Burtis for their love and support",
CREDITS:SpecialThanx21,1,"Thanks to my friends and family, especially Jeannie. I love you all - KDS",
CREDITS:SpecialThanx22,1,Thanks for my wonderful husband Roman - Samm,
CREDITS:SpecialThanx23,1,"Thanks Ari for all your love, support and understanding - Jose",
CREDITS:SpecialThanx24,1,"To Rebecca, the only thing that matters, the only thing that lasts",
CREDITS:SpecialThanx25,1,Thanks to my loving wife for inspiration and support - Chris Rubyor,
CREDITS:SpecialThanx26,1,Thanks to my wife for giving our time to me. I love you. - Jeff Stewart,
CREDITS:SpecialThanx27,1,Thanks to Mom BruceLauraDasmoMikeyTedoTrevor and all my buds in The OC,
CREDITS:SpecialThanx28,1,I would like to thank my family and Amy Ritchie,
CREDITS:SpecialThanx29,1,"NazBoniadiArtRasoulZohreRahimiAliLeilaTabaFamilyP,T,KMLoBobWindDrFrost",
CREDITS:SpecialThanx31,1,Thanks to Ben Calmer & Laura Miele,
CREDITS:SpecialThanx33,1,Very Special Thanks to the Command & Conquer fan community.,
CREDITS:SpecialThanx34,1,Mad props to my sweetie Joji and my baby Sparky,
CREDITS:SpecialThanx35,1,"Thanks to my family, Cheryl and Brandon Burtis for their love and support",
CREDITS:SpecialThanx36,1,I'd like to thank my wife for understanding my busyness,
CREDITS:SpecialThanx37,1,"Bjorn Muller Thanks: Mom, Dad, family & friends",
CREDITS:SpecialThanx38,1,I would like to thank my family and Amy for all the support,
CREDITS:SpecialThanx39,1,"Special thanks: Mom, Dad, Bohdi, Willie, and anyone reading this",
CREDITS:SpecialThanx40,1,Thanks to all friends and family for waiting to have Christmas in February,
CREDITS:SpecialThanx41,1,"Thanks to Bing, your support has been invaluable",
GUI:GameSaved,1,Game Saved,
GUI:ErrorSavingGame,1,Error saving game '%s',
GUI:ErrorLoadingGame,1,Error loading game '%s',
CREDITS:InspiredByLine1,1,Command & Conquer (TM) Generals Zero Hour was inspired by the original,
CREDITS:InspiredByLine2,1,Command & Conquer (TM) created by Westwood Studios,
CREDITS:MultiplayerTestParticipantThanxMessageLine1,1,Thanks to all of the fantastic Multiplayer Test participants,
CREDITS:MultiplayerTestParticipantThanxMessageLine2,1,that helped us put the game through its paces. Your help has,
CREDITS:MultiplayerTestParticipantThanxMessageLine3,1,been invaluable and we hope you enjoyed the experience,
CREDITS:SpecialThanxKeyMessage1,1,A very special thanks to all of our families for allowing us to do what,
CREDITS:SpecialThanxKeyMessage2,1,we love: making games. We can't thank you enough for your support,
CREDITS:SpecialThanxKeyMessage3,1,But we'll try...,
CREDITS:SpecialThanx6Line1,1,"Thank you to my family and friends in Chilliwack, BC, Canada! - Kris Morness",
CREDITS:SpecialThanx6Line2,1,& support have been invaluable. I love you dearly,
CREDITS:SpecialThanx30Line1,1,"Thanks to Jane,George,David,Sophia,Audrey,Shannon,Johan & agavenectar",
CREDITS:SpecialThanx30Line2,1,"for being there, even though I couldn't",
CREDITS:SpecialThanx32Line1,1,"Thanks to Bing Gordon, your continued support has been invaluable.",
CREDITS:SpecialThanx32Line2,1,who'll do just about anything for a dollar,
GUI:ControlBarBack,1,BACK,
GUI:MainMenuLoadGame,1,LOAD GAME,
GUI:MainMenuLoadReplay,1,LOAD REPLAY,
GUI:LastReplay,1,Last Replay,
GUI:ControlBarMoneyDisplay,1,$ %d,
GUI:Player,1,Player,
CREDITS:UliLachelet,1,Uli Lächelt,
CREDITS:JorgLindner,1,Jörg Lindner,
CREDITS:LOCALIZATION,1,Localization,
CREDITS:EALocalisationManager,1,European EA Localization Manager,
CREDITS:EALocalisationProjectManager,1,European EA Localization Project Manager,
CREDITS:EuropeanIntegrationTeam,1,European Integration Team,
CREDITS:IntegrationEngineerManager,1,Integration Engineer Manager,
CREDITS:IntegrationProgrammer,1,Integration Programmers,
CREDITS:AudioPostproduction,1,Audio Postproduction,
CREDITS:SpanishLocalizationTeam,1,Spanish Localization Team,
CREDITS:LocalizationManagerEAIberia,1,Localization Manager EA Iberia,
CREDITS:QAnLTSupervisor,1,QA & LT Supervisor,
CREDITS:QALead,1,QA Lead,
CREDITS:QATesters,1,QA Testers,
CREDITS:LocalizationSupervisorEAIberia,1,Localization Supervisor EA Iberia,
CREDITS:LocalizationCoordinator,1,Localization Coordinator,
CREDITS:Translations,1,Translations,
CREDITS:DTPSupervisor,1,DTP Supervisor,
CREDITS:LayoutDesign,1,Layout Design,
CREDITS:Documentation,1,Documentation,
CREDITS:JoseMaria,1,José María García,
CREDITS:AndresGine,1,Andrés Giné,
CREDITS:JoseRamon,1,José Ramón Sagarna,
CREDITS:DavidSuarez,1,David Suárez,
CREDITS:AlejandroGomez,1,Alejandro Gómez,
CREDITS:IsmaeLDuran,1,Ismael Durán,
CREDITS:JoseLuis,1,José Luis Rovira,
CREDITS:JavierMartinez,1,Javier Martínez,
CREDITS:LuisPines,1,Luis Pinés,
CREDITS:EAItalyLocalization,1,EA Localization - Italy,
CREDITS:LocalisationManager,1,Localization Manager,
CREDITS:TranslationSupervisor,1,Translation Supervisor,
CREDITS:LTSupervisor,1,LT Supervisor,
CREDITS:LocalisationCoordinator,1,Localization Coordinator,
CREDITS:LocalisationGermany,1,EA Localization - Germany,
CREDITS:RobertBock,1,Robert Böck,
CREDITS:TestCoordination,1,Test Coordination,
CREDITS:LanguageTester,1,Localization Tester,
CREDITS:LocalisationFrance,1,EA Localization - France,
CREDITS:TestManager,1,Test Manager,
CREDITS:FrenchLanguageTestingCoordinator,1,Language Testing Coordinator,
CREDITS:StephaneTachon,1,Stéphane Tachon,
CREDITS:LanguageTesters,1,Localization Testers,
CREDITS:LocalisationBrazil,1,EA Localization - Brazil,
CREDITS:TranslationAndTesting,1,Translation & Testing,
CREDITS:LocalisationPoland,1,Localization - Poland,
GUI:LadderNameAndSize,1,%ls (%dv%d),
GUI:InvalidLadderPassword,1,Invalid ladder password,
GUI:EnterLadderPassword,1,Enter ladder password:,
GUI:InternetDisconnectionMenuHeader,1,Disconnection Menu,
GUI:InternetDisconnectionMenuHeaderCaps,1,DISCONNECTION MENU,
GUI:InternetDisconnectionMenuBody1,1,One or more players have been disconnected from the game. If you choose to vote a person out of the game then click the VOTE button next to the respective player. When the timer counts down to 0 that person will be removed from the game and the battle will continue,
GUI:InternetDisconnectionMenuBody2,1,It is possible that the person is attempting to reconnect so you may choose to wait until this player's timer has elapsed. When the timer counts down to 0 that person will be removed from the game and the battle will continue,
CREDITS:EAKoreaLocalisationTeam,1,EA Korea Team,
CREDITS:BusinessDevelopmentManager,1,Business Development Manager,
CREDITS:LocalisationProducer,1,Localization Producer,
CREDITS:EAKoreaMarketingTeam,1,EA Korea Marketing Team,
CREDITS:MarketingManager,1,Marketing Manager,
CREDITS:ProductManager,1,Product Manager,
CREDITS:PublicRelations,1,Public Relations,
CREDITS:ProductPromotion,1,Product Promotion,
CREDITS:EATaiwanLocalisationTeam,1,EA Taiwan Localization Team,
CREDITS:EAAsiaPacificLocalisationProjectManager,1,EA Asia Pacific Localization Project Manager,
CREDITS:AdditionalStoryInspiration,1,Additional Story Inspiration,
GUI:RandomSide,1,Random,
GUI:Age,1,Age,
GUI:Month,1,Month (MM),
GUI:Day,1,Day (DD),
GUI:Year,1,Year (YYYY),
CREDITS:DevelopmentTitle2,1,by Electronic Arts Los Angeles,
CREDITS:EAPacificDevTeam2,1,Command & Conquer (TM) Generals Zero Hour,
GUI:MustHaveAdminRights,1,You must have administrative rights to install a patch,
GUI:BuddyAddReq,1,User wants to add a buddy,
GUI:AgeFailedTitle,1,Age Requirement Notice,
GUI:AgeFailed,1,You must be 13 years of age or older to play this game online,
GUI:AdditionalLocalizationManagement,1,Additional Localization Management,
GUI:GroupRoom4,1,4 vs 4,
GUI:GroupRoom5,1,Asia,
GUI:GroupRoom6,1,Europe,
GUI:GroupRoom7,1,North America,
GUI:GroupRoom8,1,United Kingdom,
GUI:GroupRoom9,1,Germany,
GUI:GroupRoom10,1,Korea,
GUI:GroupRoom11,1,Free For All,
GUI:GroupRoom12,1,No Stats,
GUI:GroupRoom13,1,Mod Maps,
GUI:ControlOptions,1,CONTROL OPTIONS,
GUI:ClassicMouse,1,Classic,
GUI:AlternateMouse,1,Alternate Mouse Setup,
TOOLTIP:AlternateMouse,1,"Right mouse button initiates unit action on battle field (attack, move, etc.)",
GUI:Generals_Challenge,1,CHALLENGE,
GUI:Generals_Challenge_Title,1,Generals' Challenge,
GUI:DemoMD_USA01ButtonTitle,1,USA 01,
GUI:DemoMD_USA02ButtonTitle,1,USA 02,
GUI:DemoMD_GLA03ButtonTitle,1,GLA 03,
GUI:DemoMD_CampEADemoTitle,1,DEMO,
TOOLTIP:TooltipCannotBuildBuildingBecauseMaximumNumber,1,Building already built,
TOOLTIP:MapMaxBrutalSuccess,1,Congratulations! You have beaten this map against the maximum number of Hard opponents!,
GUI:LimitArmies,1,Limit Armies,
TOOLTIP:LimitArmies,1,"Check to limit armies to the traditional USA, GLA, and China factions and to disallow rogue general armies",
GUI:UseStats,1,Record Stats,
TOOLTIP:UseStats,1,Select whether or not this game's statistics will be recorded at the official C&C Generals Zero Hour server,
TOOLTIP:UseStatsOn,1,Statistics from this game WILL be recorded at the official C&C Generals Zero Hour server,
TOOLTIP:UseStatsOff,1,Statistics from this game WILL NOT be recorded at the official C&C Generals Zero Hour server,
GUI:StartingMoney,1,Starting Cash,
GUI:StartingMoneyFormat,1,$%u,
TOOLTIP:StartingMoney,1,Adjust the starting money for all players,
GUI:LimitSuperweapons,1,Limit Superweapons,
TOOLTIP:LimitSuperweapons,1,"Check to limit Particle Cannons, Scud Storms, etc. to one per player",
TOOLTIP:BattleHonorStreak100,1,"Streak Honor 
 Player has won 100 Skirmish games in a row 
 Earn a new medal for 3, 10, 25, 100, 500 & 1000 consecutive wins",
TOOLTIP:BattleHonorStreak500,1,"Streak Honor 
 Player has won 500 Skirmish games in a row 
 Earn a new medal for 3, 10, 25, 100, 500 & 1000 consecutive wins",
TOOLTIP:BattleHonorStreak1000,1,"Streak Honor 
 Player has won 1000 Skirmish games in a row",
TOOLTIP:BattleHonorStreak3Online,1,"Streak Honor 
 Player has won 3 Online games in a row 
 Earn a new medal for 3, 10, 25, 100, 500 & 1000 consecutive wins",
TOOLTIP:BattleHonorStreak10Online,1,"Streak Honor 
 Player has won 10 Online games in a row 
 Earn a new medal for 3, 10, 25, 100, 500 & 1000 consecutive wins",
TOOLTIP:BattleHonorStreak25Online,1,"Streak Honor 
 Player has won 25 Online games in a row 
 Earn a new medal for 3, 10, 25, 100, 500 & 1000 consecutive wins",
TOOLTIP:BattleHonorStreak100Online,1,"Streak Honor 
 Player has won 100 Online games in a row 
 Earn a new medal for 3, 10, 25, 100, 500 & 1000 consecutive wins",
TOOLTIP:BattleHonorStreak500Online,1,"Streak Honor 
 Player has won 500 Online games in a row 
 Earn a new medal for 3, 10, 25, 100, 500 & 1000 consecutive wins",
TOOLTIP:BattleHonorStreak1000Online,1,"Streak Honor 
 Player has won 1000 Online games in a row",
TOOLTIP:BattleHonorDomination100,1,"Domination Honor 
 Player has won over 100 Skirmish games 
 Earn a new medal for 100, 500, 1000 and 10000 lifetime wins",
TOOLTIP:BattleHonorDomination500,1,"Domination Honor 
 Player has won over 500 Skirmish games 
 Earn a new medal for 100, 500, 1000 and 10000 lifetime wins",
TOOLTIP:BattleHonorDomination1000,1,"Domination Honor 
 Player has won over 1,000 Skirmish games 
 Earn a new medal for 100, 500, 1000 and 10000 lifetime wins",
TOOLTIP:BattleHonorDomination10000,1,"Domination Honor 
 Player has won over 10,000 Skirmish games",
TOOLTIP:BattleHonorDomination100Online,1,"Domination Honor 
 Player has won over 100 Online games 
 Earn a new medal for 100, 500, 1000 and 10000 lifetime wins",
TOOLTIP:BattleHonorDomination500Online,1,"Domination Honor 
 Player has won over 500 Online games 
 Earn a new medal for 100, 500, 1000 and 10000 lifetime wins",
TOOLTIP:BattleHonorDomination1000Online,1,"Domination Honor 
 Player has won over 1,000 Online games 
 Earn a new medal for 100, 500, 1000 and 10000 lifetime wins",
TOOLTIP:BattleHonorDomination10000Online,1,"Domination Honor 
 Player has won over 10,000 Online games",
TOOLTIP:BattleHonorCampaignChallenge,1,"Challenge Campaign Honor 
 Complete the Generals Challenge campaign to earn this honor 
 Beat the campaign on Hard difficulty to earn the highest honor",
TOOLTIP:BattleHonorUltimate,1,"Ultimate Honor 
 Beat every Skirmish map against the maximum number of Hard opponents to earn this medal",
TOOLTIP:BattleHonorGlobalGeneral,1,"Global General Honor 
 Win at least one Online game playing as each General to earn a medal",
TOOLTIP:BattleHonorStreakDisabled,1,"Streak Honor 
 Earn a new medal for 3, 10, 25, 100, 500 & 1000 consecutive wins",
TOOLTIP:BattleHonorStreakOnlineDisabled,1,"Streak Honor 
 Earn a new medal for 3, 10, 25, 100, 500 & 1000 consecutive wins",
TOOLTIP:BattleHonorCampaignChallengeDisabled,1,"Challenge Campaign Honor 
 Complete the Generals Challenge campaign to earn this honor 
 Beat the campaign on Hard difficulty to earn the highest honor",
TOOLTIP:BattleHonorUltimateDisabled,1,"Ultimate Honor 
 Beat every Skirmish map against the maximum number of Hard opponents to earn this medal",
TOOLTIP:BattleHonorDominationDisabled,1,"Domination Honor 
 Earn a new medal for 100, 500, 1000 and 10000 lifetime wins",
TOOLTIP:BattleHonorDominationOnlineDisabled,1,"Domination Honor 
 Earn a new medal for 100, 500, 1000 and 10000 lifetime wins",
TOOLTIP:BattleHonorGlobalGeneralDisabled,1,"Global General Honor 
 Win at least one Online game playing as each General to earn this medal",
TOOLTIP:BattleHonorBlitzDisabled,1,"Blitz Honor 
 Beat opponent(s) in 10 minutes or less to earn this medal",
GUI:SuperweaponSpectreGunship,1,Spectre Gunship,
GUI:Nuke_SuperweaponNeutronMissile,1,Nuclear Missile,
GUI:SuperweaponGPSScrambler,1,GPS Scrambler,
GUI:SupW_SuperweaponParticleUplinkCannon,1,Particle Uplink Cannon,
GUI:SuperweaponTankParadrop,1,Tank Drop,
GUI:SupW_SuperweaponTomahawkStorm,1,Tomahawk Storm,
GUI:SupW_SuperweaponNeutronMissile,1,ICBM,
INI:FactionAmericaSuperWeaponGeneral,1,USA Super Weapon General,
INI:FactionAmericaLaserGeneral,1,USA Laser General,
INI:FactionAmericaAirForceGeneral,1,USA Air Force General,
INI:FactionAmericaCommanderInChief,1,USA Commander In Chief,
INI:FactionChinaTankGeneral,1,China Tank General,
INI:FactionChinaInfantryGeneral,1,China Infantry General,
INI:FactionChinaNukeGeneral,1,China Nuke General,
INI:FactionChinaCommanderInChief,1,China Commander In Chief,
INI:FactionGLAToxinGeneral,1,GLA Toxin General,
INI:FactionGLADemolitionGeneral,1,GLA Demolition General,
INI:FactionGLAStealthGeneral,1,GLA Stealth General,
INI:FactionGLACommanderInChief,1,GLA Commander In Chief,
INI:FactionBossGeneral,1,Boss General,
SIDE:AmericaSuperWeaponGeneral,1,USA Super Weapon General,
SIDE:AmericaLaserGeneral,1,USA Laser General,
SIDE:AmericaAirForceGeneral,1,USA Air Force General,
SIDE:ChinaTankGeneral,1,China Tank General,
SIDE:ChinaInfantryGeneral,1,China Infantry General,
SIDE:ChinaNukeGeneral,1,China Nuke General,
SIDE:GLAToxinGeneral,1,GLA Toxin General,
SIDE:GLADemolitionGeneral,1,GLA Demolition General,
SIDE:GLAStealthGeneral,1,GLA Stealth General,
SIDE:Boss,1,Boss General,
GUI:SelectAllAircraft,1,Select All Aircraft,
GUI:SelectAllAircraftDescription,1,Selects all Aircraft,
SCIENCE:USASpectreGunship1,1,Spectre Gunship,
SCIENCE:USALeafletDrop,1,Leaflet Drop,
SCIENCE:ChinaTankHunterTraining,1,Tank Hunter Training,
SCIENCE:ChinaBattleMasterTraining,1,Battlemaster Training,
SCIENCE:ChinaOverlordTraining,1,Overlord Training,
SCIENCE:ChinaGattlingTankTraining,1,Gattling Tank Training,
SCIENCE:ChinaNukeDrop,1,Nuke Drop,
SCIENCE:ChinaFrenzy,1,Frenzy 1,
SCIENCE:ChinaFrenzy2,1,Frenzy 2,
SCIENCE:ChinaFrenzy3,1,Frenzy 3,
SCIENCE:ChinaCarpetBomb,1,Carpet Bomb,
SCIENCE:GPSScrambler,1,GPS Scrambler,
SCIENCE:GLASneakAttack,1,Sneak Attack,
SCIENCE:ChinaTankParadrop1,1,Tank Drop 1,
SCIENCE:ChinaTankParadrop2,1,Tank Drop 2,
SCIENCE:ChinaTankParadrop3,1,Tank Drop 3,
SCIENCE:ChinaInfantryParadrop1,1,Infantry Paradrop 1,
SCIENCE:ChinaInfantryParadrop2,1,Infantry Paradrop 2,
SCIENCE:ChinaInfantryParadrop3,1,Infantry Paradrop 3,
CONTROLBAR:NoHotKeyFrenzy,1,Frenzy,
CONTROLBAR:CIAIntelligenceShortcut,1,Intelligence,
CONTROLBAR:CommunicationsDownload,1,Communications&Download,
CONTROLBAR:CommunicationsDownloadShortcut,1,Communications&Download,
CONTROLBAR:UpgradeChinaHelixPropagandaTower,1,Propaganda &Tower,
CONTROLBAR:UpgradeChinaHelixBattleBunker,1,Battle &Bunker,
CONTROLBAR:UpgradeChinaHelixGattlingCannon,1,Gattling &Cannon,
CONTROLBAR:UpgradeHelixNukeBomb,1,&Nuke Bomb,
CONTROLBAR:ConstructAmericaFireBase,1,F&ire Base,
CONTROLBAR:ConstructAmericaArtilleryPlatform,1,A&rtillery Platform,
CONTROLBAR:ConstructAmericaTankAvenger,1,Aven&ger,
CONTROLBAR:ConstructAmericaTankMicrowave,1,&Microwave Tank,
CONTROLBAR:BunkerExit,1,Exit Bunker,
CONTROLBAR:FireBaseExit,1,Exit Fire Base,
CONTROLBAR:ConstructFakeGLACommandCenter,1,Fake &Command Center,
CONTROLBAR:ConstructFakeGLABarracks,1,Fake &Barracks,
CONTROLBAR:ConstructFakeGLASupplyStash,1,Fake S&upply Stash,
CONTROLBAR:ConstructFakeGLAArmsDealer,1,Fake &Arms Dealer,
CONTROLBAR:ConstructChinaInternetCenter,1,&Internet Center,
CONTROLBAR:ConstructGLAVehicleCombatBike,1,Combat C&ycle,
CONTROLBAR:ConstructChinaTankEmperor,1,Emperor &Overlord,
CONTROLBAR:ConstructGLAInfantrySaboteur,1,&Saboteur,
CONTROLBAR:ConstructChinaInfantryPropagandaTrooper,1,&Propaganda Trooper,
CONTROLBAR:ConstructChinaInfantryMiniGunner,1,M&ini-Gunner,
CONTROLBAR:ConstructAmericaJetKingRaptor,1,King Rap&tor,
CONTROLBAR:ConstructAmericaJetFuelAirAurora,1,Aurora Alpha &Bomber,
CONTROLBAR:ConstructAmericaJetHypersonicAurora,1,&Aurora Alpha,
CONTROLBAR:ConstructGLAInfantrySniper,1,&Sniper,
CONTROLBAR:ConstructAmericaVehicleSentryDrone,1,&Sentry Drone,
CONTROLBAR:ConstructAmericaVehicleHellfireDrone,1,Hell&fire Drone,
CONTROLBAR:ConstructAmericaVehiclePointDefenseDrone,1,&Point Defense Drone,
CONTROLBAR:ConstructChinaVehicleHelix,1,Heli&x,
CONTROLBAR:ConstructChinaInfantryNukeHunter,1,Nuke H&unter,
CONTROLBAR:ConstructAmericaICBMLauncher,1,&ICBM,
CONTROLBAR:ConstructChinaVehicleListeningOutpost,1,Li&stening Outpost,
CONTROLBAR:ConstructFakeGLABlackMarket,1,Fake Black &Market,
CONTROLBAR:ConstructAmericaTomahawkStorm,1,&Tomahawk Storm,
CONTROLBAR:ConstructChinaTankECM,1,&ECM,
CONTROLBAR:ConstructGLAVehicleBattleBus,1,Battl&e Bus,
CONTROLBAR:UpgradeAmericaSentryDroneGun,1,Se&ntry Drone Gun,
CONTROLBAR:UpgradeGLAQuadCannonSnipe,1,Quan &Cannon Sniping,
CONTROLBAR:UpgradeAmericaSupplyLines,1,S&upply Lines,
CONTROLBAR:UpgradeAmericaMOAB,1,&Mother Of All Bombs,
CONTROLBAR:BecomeRealGLACommandCenter,1,&Become Real Command Center,
CONTROLBAR:BecomeRealGLABarracks,1,&Become Real Barracks,
CONTROLBAR:BecomeRealGLAArmsDealer,1,&Become Real Arms Dealer,
CONTROLBAR:BecomeRealGLASupplyStash,1,&Become Real Supply Stash,
CONTROLBAR:BecomeRealGLABlackMarket,1,&Become Real Black Market,
CONTROLBAR:UpgradeAmericaBunkerBusters,1,B&unker Busters,
CONTROLBAR:UpgradeAmericaCountermeasures,1,C&ountermeasures,
CONTROLBAR:UpgradeAmericaChemicalSuits,1,Chem&ical Suits,
CONTROLBAR:UpgradeChinaSatelliteHackOne,1,&Satellite Hack I,
CONTROLBAR:UpgradeChinaSatelliteHackTwo,1,&Satellite Hack II,
CONTROLBAR:UpgradeChinaFanaticism,1,&Patriotism,
CONTROLBAR:UpgradeChinaWGUraniumShells,1,Weapons Grade &Uranium Shells,
CONTROLBAR:UpgradeChinaTankAutoLoader,1,&Autoloader,
CONTROLBAR:UpgradeChinaNeutronShells,1,Neutron &Shells,
CONTROLBAR:UpgradeChinaFusionReactors,1,&Fusion Reactors,
CONTROLBAR:ChinaUpgradeHelixNapalmBomb,1,Enables this Helix to drop napalm bombs,
CONTROLBAR:ChinaUpgradeHelixNukeBomb,1,Enables this Helix to drop nuke bombs,
CONTROLBAR:UpgradeHelixNapalmBomb,1,&Napalm Bomb,
CONTROLBAR:UpgradeGLAFortifiedStructure,1,Fortifi&ed Structure,
CONTROLBAR:UpgradeGLABoobyTrap,1,B&ooby Trap,
CONTROLBAR:DetonateFakeBuilding,1,Detonate &Now!,
CONTROLBAR:UpgradeGLAWorkerFakeCommandSet,1,Switch to &Fake Structures,
CONTROLBAR:UpgradeGLAWorkerRealCommandSet,1,Switch to &Real Structures,
CONTROLBAR:UpgradeGLAHighExplosiveDemoTraps,1,High Explosive &Demo Traps,
CONTROLBAR:UpgradeGLACamoNetting,1,Camo &Netting,
CONTROLBAR:UpgradeGLAAnthraxGamma,1,Anthra&x Gamma,
CONTROLBAR:UpgradeGLAWorkerShoes,1,Worker &Shoes,
CONTROLBAR:UpgradeEMPMines,1,Neutron &Mines,
CONTROLBAR:NukeWarhead,1,&Nuclear Shell,
CONTROLBAR:NeutronWarhead,1,N&eutron Shells,
CONTROLBAR:LeafletDrop,1,&Leaflet Drop,
CONTROLBAR:SuitcaseNuke,1,Suitcase &Nuke,
CONTROLBAR:NeutronMissileShortcut,1,Nuclear Missile,
CONTROLBAR:ICBM,1,&ICBM,
CONTROLBAR:ICBMShortcut,1,ICBM,
CONTROLBAR:ScudStormShortcut,1,SCUD Storm,
CONTROLBAR:TomahawkStorm,1,&Tomahawk Storm,
CONTROLBAR:TomahawkStormShortcut,1,Tomahawk Storm,
CONTROLBAR:SpectreGunship,1,Spectre &Gunship,
CONTROLBAR:SpectreGunshipFromShortcut,1,Spectre Gunship,
CONTROLBAR:SneakAttack,1,Sneak A&ttack,
CONTROLBAR:TankParadrop,1,Tank Dro&p,
CONTROLBAR:NukeDrop,1,N&uke Drop,
CONTROLBAR:Frenzy,1,Frenz&y,
CONTROLBAR:RadarVanScanShortcut,1,Radar Scan,
CONTROLBAR:SelectAircraftCarriersFromShortcut,1,Select Aircraft Carriers,
CONTROLBAR:SelectBattleshipsFromShortcut,1,Battleship Bombardment,
CONTROLBAR:BattleshipFire,1,Battleship Bombardment,
CONTROLBAR:AircraftCarrierFire,1,Raptor Attack from Aircraft Carrier,
CONTROLBAR:ECMDisableVehicle,1,&Disable Vehicle,
CONTROLBAR:BoobyTrapAttack,1,&Booby Trap Attack,
CONTROLBAR:GPSScrambler,1,&GPS Scrambler,
CONTROLBAR:FireParticleUplinkCannonShortcut,1,Particle Cannon,
UPGRADE:AmericaSentryDroneGun,1,Sentry Drone Gun,
UPGRADE:AmericaMOAB,1,MOAB: Mother Of All Bombs,
UPGRADE:AmericaBunkerBusters,1,Bunker Buster Missiles,
UPGRADE:SatelliteHackOne,1,Satellite Hack I,
UPGRADE:SatelliteHackTwo,1,Satellite Hack II,
UPGRADE:HelixGattlingCannon,1,Helix Gattling Cannon,
UPGRADE:HelixPropagandaTower,1,Helix Propaganda Tower,
UPGRADE:HelixBattleBunker,1,Helix Battle Bunker,
UPGRADE:SupplyLines,1,Supply Lines,
UPGRADE:PointDefenseDrone,1,Point Defense Drone,
UPGRADE:QuadCannonSnipe,1,Quad Cannon Sniper Rounds,
UPGRADE:HellfireDrone,1,Hellfire Drone,
UPGRADE:Fanaticism,1,Patriotism,
UPGRADE:EMPMine,1,Neutron Mines,
UPGRADE:ChinaHelixNapalmBomb,1,Napalm Bomb,
UPGRADE:ChinaHelixNukeBomb,1,Nuke Bomb,
UPGRADE:WGUraniumShells,1,Weapons Grade Uranium Shells,
UPGRADE:TankAutoLoader,1,Auto Loader,
UPGRADE:NeutronShells,1,Neutron Shells,
UPGRADE:BecomeRealGLACommandCenter,1,Real Command Center,
UPGRADE:BecomeRealGLABarracks,1,Real Barracks,
UPGRADE:BecomeRealGLAArmsDealer,1,Real Arms Dealer,
UPGRADE:BecomeRealGLASupplyStash,1,Real Supply Stash,
UPGRADE:BecomeRealGLABlackMarket,1,Real Black Market,
UPGRADE:FusionReactors,1,Fusion Reactors,
UPGRADE:CamoNetting,1,Camo Netting,
UPGRADE:FortifiedStructure,1,Fortified Structure,
UPGRADE:BoobyTrap,1,Booby Trap,
UPGRADE:AnthraxGamma,1,Anthrax Gamma,
UPGRADE:WorkerShoes,1,Worker Shoes,
UPGRADE:ChemicalSuits,1,Chemical Suits,
UPGRADE:AmericaCountermeasures,1,Countermeasures,
UPGRADE:UpgradeChinaIsotopeStability,1,&Isotope Stability,
CONTROLBAR:TooltipUpgradeChinaIsotopeStability,1,Prevents most collateral radiation from harming friendly units when vehicles are destroyed,
OBJECT:SecretResearchLab,1,Secret Research Lab,
OBJECT:InternetCenter,1,Internet Center,
OBJECT:AircraftCarrier,1,Aircraft Carrier,
OBJECT:TechArtilleryPlatform,1,Artillery Platform -- Capture to bombard land based enemies,
OBJECT:NukeHunter,1,Nuke Hunter,
OBJECT:TechRepairPad,1,Repair Pad -- Capture to allow vehicles to repair at this facility,
OBJECT:AirF_Aurora,1,Fuel-Air Aurora Bomber,
OBJECT:SupW_Aurora,1,Aurora Alpha Bomber,
OBJECT:BattleBus,1,Battle Bus,
OBJECT:Helix,1,Helix,
OBJECT:PropagandaTrooper,1,Propaganda Trooper,
OBJECT:HellfireDrone,1,Hellfire Drone,
OBJECT:Avenger,1,Avenger,
OBJECT:Microwave,1,Microwave Tank,
OBJECT:MOAB,1,Mother Of All Bombs,
OBJECT:NukeDrop,1,Nuke Drop,
OBJECT:SuitcaseNuke,1,Suitcase Nuke,
OBJECT:StructureEMPMine,1,Neutron Mine,
OBJECT:ECMTank,1,ECM Tank,
OBJECT:Saboteur,1,Saboteur,
OBJECT:TechRepairBay,1,Tech Repair Bay -- Capture to repair vehicles across battlefield,
OBJECT:TechReinforcementPad,1,Reinforcement Pad -- Capture to receive additional vehicles,
OBJECT:Sniper,1,Sniper,
OBJECT:FireBase,1,Fire Base,
OBJECT:KingRaptor,1,King Raptor,
OBJECT:CombatBike,1,Combat Cycle,
OBJECT:SentryDrone,1,Sentry Drone,
OBJECT:TomahawkStorm,1,Tomahawk Storm,
OBJECT:ListeningOutpost,1,Listening Outpost,
Map:LeipzigLowlands,1,Leipzig Lowlands,
Map:BombardmentBeach,1,Bombardment Beach,
Map:BearTownBeatdown,1,Bear Town Beatdown,
MAP:RiverSnakes,1,Winding River,
MAP:KillingFields,1,Killing Fields,
MAP:ThinIce,1,Thin Ice,
MAP:ElScorcho,1,El Scorcho,
MAP:GreenPastures,1,Green Pastures,
MAP:FreeFireZone,1,Free Fire Zone,
MAP:DestructionStation,1,Destruction Station,
MAP:PolarStorm,1,Polar Storm,
MAP:BitterWinter,1,Bitter Winter,
MAP:CitySweep,1,City Sweep,
MAP:FrozenPlains,1,Frozen Plains,
MAP:RoadRage,1,Road Rage,
HELP:SentryDrone-01,1,"HINT: 
 The Sentry Drone can detect camouflaged enemy units",
HELP:SentryDrone-02,1,"HINT: 
 Purchase the Sentry Done gun from the Strategy Center",
HELP:MicrowaveTank-01,1,"HINT: 
 The Microwave Tank can disable structures",
HELP:MicrowaveTank-02,1,"HINT: 
 The Microwave Tank's microwaves injure nearby infantry",
HELP:Avenger-01,1,"HINT: 
 The Avenger laser can 'paint' enemy targets 
 Firing at painted targets inflicts more damage",
HELP:Avenger-02,1,"HINT: 
 Avengers are support units that can also attack aircraft",
HELP:FireBase-01,1,"HINT: 
 Man the Fire Base with Missile Defenders 
 to provide both air and ground defense",
HELP:SpectreGunship-01,1,"HINT: 
 Select an area for the Spectre Gunship to attack, 
 then manually target enemies",
HELP:LeafletDrop-01,1,"HINT: 
 Use the Leaflet Drop to disable enemy infantry",
HELP:MOAB-01,1,"HINT: 
 MOABs are effective against vehicles and 
 will stun any survivors",
HELP:Countermeasures-01,1,"HINT: 
 Upgrade to Countermeasures to help air units evade attacks",
HELP:HellfireDrone-01,1,"HINT: 
 Upgrade your vehicles with Hellfire Drones 
 to increase effectiveness against armored forces",
HELP:ChemicalSuit-01,1,"HINT: 
 Utilize the Chemical Suit upgrade to protect infantry 
 from deadly toxins and radiation",
HELP:BunkerBuster-01,1,"HINT: 
 The Stealth Bomber's Bunker Buster upgrade 
 can damage garrisoned enemies",
HELP:BunkerBuster-02,1,"HINT: 
 Bunker Busters can kill units inside of Bunkers",
HELP:SupplyLines-01,1,"HINT: 
 The Supply Lines upgrade improves income",
HELP:SupplyLines-02,1,"HINT: 
 Upgrade Supply Lines to increase 
 the efficiency of Chinooks",
HELP:ListeningOutpost-01,1,"HINT: 
 Listening Outposts are stealthed and will detect 
 camouflaged units",
HELP:ListeningOutpost-02,1,"HINT: 
 Listening Outposts have a very large sight radius",
HELP:Helix-01,1,"HINT: 
 Upgrade a Helix with a Propaganda Tower to 
 repair and heal your nearby units",
HELP:Helix-02,1,"HINT: 
 The Helix can be upgraded to drop napalm bombs 
 These can be dropped on targets beneath the Helix",
HELP:Helix-03,1,"HINT: 
 You can upgrade a Helix with a Battle Bunker, 
 Propaganda Tower, or Gattling Cannon",
HELP:ECMTank-01,1,"HINT: 
 Use the ECM Tank to disrupt enemy missile and rocket fire",
HELP:Frenzy-01,1,"HINT: 
 Use the Frenzy Generals Power to increase the 
 firepower and armor of your units",
HELP:InternetCenter-01,1,"HINT: 
 Place Hackers in the Internet Center 
 to increase money collection rate",
HELP:InternetCenter-02,1,"HINT: 
 Build an Internet Center and upgrade to 
 Satellite Hack 1 and 2",
HELP:SatelliteHack1-01,1,"HINT: 
 Satellite Hack 1 reveals all enemy Command Centers",
HELP:SatelliteHack2-01,1,"HINT: 
 Satellite Hack 2 reveals all that enemy units can see",
HELP:EMPMines-01,1,"HINT: 
 Mines can be upgraded to Neutron Mines, which will 
 disrupt enemy vehicles",
HELP:NeutronShell-01,1,"HINT: 
 Neutron Shell attacks from the Nuke Cannon neutralize 
 vehicles, allowing any infantry to capture them",
HELP:CombatCycle-01,1,"HINT: 
 Combat Cycles can jump off of cliffs",
HELP:CombatCycle-02,1,"HINT: 
 Place a Tunnel Defender on a Combat Cycle to 
 allow it to fire rockets",
HELP:CombatCycle-03,1,"HINT: 
 Place a Terrorist on a Combat Cycle to 
 produce a Suicide Bike",
HELP:CombatCycle-04,1,"HINT: 
 Jarmen Kell can snipe from a Combat Cycle",
HELP:CombatCycle-05,1,"HINT: 
 Workers can use Combat Cycles to travel quickly",
HELP:Saboteur-01,1,"HINT: 
 The Saboteur disrupts the abilities of enemy structures",
HELP:Saboteur-02,1,"HINT: 
 Direct the Saboteur into an enemy Command Center 
 to reset their Generals Powers timers",
HELP:FakeStructures-01,1,"HINT: 
 Build Fake Structures to fool your enemies",
HELP:SneakAttack-01,1,"HINT: 
 Use Sneak Attack to instantly build a Tunnel Network 
 anywhere you can see",
HELP:GPSScramble-01,1,"HINT: 
 Use the GPS Scrambler Generals Power to 
 camouflage friendly units",
HELP:WorkerShoes-01,1,"HINT: 
 Purchase Worker Shoes to increase the speed Workers 
 travel and collect resources",
HELP:CamoNetting-01,1,"HINT: 
 Camo-Netting camouflages your Stinger Sites 
 and Tunnel Networks",
HELP:FortifiedStructures-01,1,"HINT: 
 Fortified Structures are harder to destroy",
HELP:BoobyTrap-01,1,"HINT: 
 Booby Traps will detonate when an enemy tries 
 to garrison or capture the trapped structure",
HELP:KingRaptor-01,1,"HINT: 
 King Raptors carry extra ammo and have more armor",
HELP:CombatChinooks-01,1,"HINT: 
 Infantry inside of a Combat Chinook can fire in flight",
HELP:AuroraAlpha-01,1,"HINT: 
 The Aurora Alpha is equipped with a small 
 but devastating Fuel Air Bomb",
HELP:MicrowavePatriot-01,1,"HINT: 
 The EMP Patriot's Rockets are effective 
 against both vehicles and infantry",
HELP:AdvancedRods-01,1,"HINT: 
 Advanced Rods provide more power than normal Control Rods",
HELP:LaserTank-01,1,"HINT: 
 Build extra Power Plants when using Laser Tanks 
 They cannot move or fire when power is low",
HELP:LaserDefenseTurret-01,1,"HINT: 
 Laser Defense Turrets are strong but require extra power",
HELP:AssaultTroopTransport-01,1,"HINT: 
 Units can fire out of the Assault Troop Transport",
HELP:AttackOutpost-01,1,"HINT: 
 The Attack Outpost can hold extra infantry and 
 can detect stealthed units",
HELP:FortifiedBunkers-01,1,"HINT: 
 The Fortified Bunkers come with Mines and 
 stronger armor and can hold extra infantry",
HELP:Mini-Gunner-01,1,"HINT: 
 Mini-Gunners carry a personal Gattling Gun",
HELP:InfantryBlackLotus-01,1,"HINT: 
 Your Black Lotus units have improved abilities",
HELP:InfantryBlackLotus-02,1,"HINT: 
 You can build multiple Black Lotus units",
HELP:InfantryHacker-01,1,"HINT: 
 The Infantry General's Hacker hack money faster",
HELP:ChineseParadrop-01,1,"HINT: 
 The Chinese Paradrop parachutes Red Guard anywhere",
HELP:EmperorTank-01,1,"HINT: 
 Emperor Tanks are the ultimate tank, 
 effective against both vehicles and infantry",
HELP:EmperorTank-02,1,"HINT: 
 The Emperor Tank can be upgraded with a Gattling Cannon",
HELP:EmperorTank-03,1,"HINT: 
 Emperor Tanks come equipped with Propaganda Towers",
HELP:TankDrop-01,1,"HINT: 
 The Tank Drop allows you to parachute Battlemasters",
HELP:TacticalNuke-01,1,"HINT: 
 Your Airfield can upgrade MiGs to carry Tactical Nukes",
HELP:IsotopeStability-01,1,"HINT: 
 Isotope Stability will reduce the damage done to friendly 
 units when Nuclear Tanks are destroyed",
HELP:AdvancedNuclearPower-01,1,"HINT: 
 Advanced Nuclear Power Plants generate more power than normal Nuclear Plans",
HELP:ToxinRebels-01,1,"HINT: 
 Toxin Rebels shoot a stream of highly poisonous toxins",
HELP:ToxinRebels-02,1,"HINT: 
 Toxin Rebels are resistant to toxin attacks",
HELP:ToxinRebels-03,1,"HINT: 
 Use Toxin Rebels to quickly clear out garrisoned structures",
HELP:ToxinNetworks-01,1,"HINT: 
 Toxin Networks fire streams of toxin from their cannons",
HELP:ToxinTerrorists-01,1,"HINT: 
 Toxin Terrorists explode in a cloud of toxin",
HELP:ToxinTerrorists-02,1,"HINT: 
 Use Toxin Terrorists to attack large groups of infantry",
HELP:AnthraxGamma-01,1,"HINT: 
 Anthrax Gamma increases the damage of all toxin attacks",
HELP:AnthraxGamma-02,1,"HINT: 
 Anthrax Gamma is even more potent than Anthrax Beta",
HELP:AdvancedTrap-01,1,"HINT: 
 Advanced Traps are more powerful than normal Demo Traps",
HELP:Demolitions-01,1,"HINT: 
 The Demolitions upgrade gives units the ability to detonate",
GENERIC:MissionObjectiveCompleted-01,1,"MISSION OBJECTIVE #1: 
 Accomplished",
GENERIC:MissionObjectiveCompleted-02,1,"MISSION OBJECTIVE #2: 
 Accomplished",
GENERIC:MissionObjectiveCompleted-03,1,"MISSION OBJECTIVE #3: 
 Accomplished",
GENERIC:MissionObjectiveCompleted-04,1,"MISSION OBJECTIVE #4: 
 Accomplished",
GENERIC:MissionObjectiveCompleted-05,1,"MISSION OBJECTIVE #5: 
 Accomplished",
LOSE:AllUnits,1,"INCOMING TRANSMISSION: 
 All of our units have been destroyed 
 We have been defeated, General. This time",
LOSE:AllBuildings,1,"INCOMING TRANSMISSION: 
 All of our buildings have been destroyed 
 We have been defeated, General. This time",
LOSE:AllUnitsAndBuildings,1,"INCOMING TRANSMISSION: 
 All of our units and buildings have been destroyed 
 We have been defeated, General. This time",
HELP:OilRefinery-01,1,"HINT: 
 Capture Oil Refineries to reduce the cost of vehicles",
HELP:ReinforcementPad-01,1,"HINT: 
 Capture Reinforcement Pads to gain tank reinforcements",
HELP:OilDerrick-01,1,"HINT: 
 Capture Oil Derricks to gain extra money",
HELP:RepairBay-01,1,"HINT: 
 Capture Repair Bays to repair vehicles anywhere",
HELP:ArtilleryPlatform-01,1,"HINT: 
 Capture Artillery Platforms to control key regions",
MAP:MD_USA01Objective1,1,"MISSION OBJECTIVE: 
 Secure the train depot and destroy surrounding GLA base",
MAP:MD_USA01Objective1a,1,"MISSION OBJECTIVE #1: 
 Secure the train depot and destroy surrounding GLA base",
MAP:MD_USA01ObjectiveAccomplished,1,MISSION OBJECTIVE ACCOMPLISHED,
MAP:MD_USA01ObjectiveAccomplisheda,1,MISSION OBJECTIVE #1 Accomplished,
MAP:MD_USA01Objective2,1,"INCOMING TRANSMISSION: 
 Move units into the train cars",
MAP:MD_USA01Objective2a,1,"INCOMING TRANSMISSION: 
 Move units into the train cars",
MAP:MD_USA01Objective3,1,"MISSION OBJECTIVE: 
 Destroy the GLA base",
MAP:MD_USA01Objective3a,1,"MISSION OBJECTIVE #2: 
 Destroy the GLA base",
MAP:MD_USA01Hint1,1,"HINT: 
 Infantry can enter the abandoned vehicles in the Northeast",
MAP:MD_USA01Hint1a,1,"HINT: 
 Infantry can enter the abandoned vehicles in the Northeast",
MAP:MD_USA01Hint2,1,"HINT: 
 Garrison infantry into radio station to call in A-10s",
MAP:MD_USA01Hint2a,1,"HINT: 
 Garrison infantry into radio station to call in A-10s",
OBJECT:TrainDepot,1,Train Depot,
OBJECT:TrainLoading,1,Boarding Platform,
MAP:MD_USA01Title,1,"Baikonur Cosmodrome, Southern Kazakhstan 
 'Operation Global Security'",
MAP:MD_USA01CINELocation02,1,"U.S. Naval Base 
 Northern Europe",
MAP:Intro_Breifing_01,1,"U.S. Recon Base outside Baikonur 
 Southern Kazakhstan",
MAP:MD_USA01CINELocation01,1,"Somewhere in Southern Kazakhstan 
 En route to Baikonur",
MAP:USAX02MissionINtro,1,Off the coast of Somalia,
MAP:USAX02MissionStart,1,"Berbera, Somalia 
 'Operation: Helping Hand'",
MAP:USAX02NavyHint,1,"INCOMING TRANSMISSION: 
 Naval fleet available to soften resistance",
MAP:USAX02ConvoyHint,1,"INCOMING TRANSMISSION: 
 Convoy will begin when 10 Supply Trucks have arrived",
MAP:USAX02ConvoyArrived,1,"MISSION OBJECTIVE #1: 
 Accomplished",
MAP:USAX02objectives3a,1,"MISSION OBJECTIVE #2: 
 Destroy GLA Base",
MAP:USAX02Objectives1,1,"MISSION OBJECTIVE #1: 
 Protect incoming Supply Trucks and secure Supply Warehouse",
MAP:USAX02Objectives2,1,"MISSION OBJECTIVE: 
 Defend the docks 
 Protect the incoming supply trucks 
 Secure the warehouse",
MAP:USAX02Objectives3,1,"MISSION OBJECTIVE: 
 Find and Destroy the GLA structures in the mountains",
MAP:USAX02Ships,1,"Available Support: 
 Aircraft Carrier, CVN-88 Daedalus 
 Battleship Escort Group, Dreadnought",
MAP:USAX02Truck1Arrived,1,Supply Truck 1 of 10 has arrived,
MAP:USAX02Truck2Arrived,1,Supply Truck 2 of 10 has arrived,
MAP:USAX02Truck3Arrived,1,Supply Truck 3 of 10 has arrived,
MAP:USAX02Truck4Arrived,1,Supply Truck 4 of 10 has arrived,
MAP:USAX02Truck5Arrived,1,Supply Truck 5 of 10 has arrived,
MAP:USAX02Truck6Arrived,1,Supply Truck 6 of 10 has arrived,
MAP:USAX02Truck7Arrived,1,Supply Truck 7 of 10 has arrived,
MAP:USAX02Truck8Arrived,1,Supply Truck 8 of 10 has arrived,
MAP:USAX02Truck9Arrived,1,Supply Truck 9 of 10 has arrived,
MAP:USAX02Truck10Arrived,1,"Supply Truck 10 has arrived 
 The convoy is preparing to depart for the warehouse",
MAP:USAX02ConvoyToWarehouse,1,Escort the convoy to the warehouse,
MAP:USAX02Dozer,1,"A dozer has arrived at the docks 
 Commence base construction",
MAP:USAX02Dozerb,1,A Dozer has arrived,
MAP:USAX02Dozer2,1,A new dozer has arrived at the docks,
MAP:USA03xMapName,1,Last Call,
MAP:USA03xOpen,1,"Mount Elbrus, Georgia 
 'Operation: Snow Fall'",
MAP:USA03xOpenAlt,1,"Mount Elbrus, Russia 
 'Operation: Snow Fall'",
MAP:USA03xObjective02,1,"MISSION OBJECTIVE #1: 
 Destroy the GLA POW camp and rescue the POWs 
 Col. Burton must survive",
MAP:USA03xObjective03,1,"MISSION OBJECTIVE #2: 
 Move Col. Burton to the rally point",
MAP:USA03xObjectiveCompleted,1,"MISSION OBJECTIVE #1: 
 Accomplished",
MAP:USA03xTownHallHint,1,"INCOMING TRANSMISSION: 
 Search the village for MIA soldiers",
MAP:USA03xToxinNetworksWarning,1,"WARNING: 
 Watch out for Toxin Networks and Stinger Sites",
MAP:USA03xPOWCamp02Hint,1,"HINT: 
 Eliminate the GLA structures guarding this camp 
 to liberate the prisoners held here",
MAP:USA03xBurtonWarning,1,"WARNING: 
 Colonel Burton is severely wounded 
 He must survive this mission",
MAP:USA03xChemWarning02,1,"WARNING: 
 These defenses have been modified to fire chemicals 
 They will kill any infantry that get too close",
MAP:USA03xLoseReason01,1,"INCOMING TRANSMISSION: 
 Colonel Burton has been killed 
 You have been defeated, General. This time",
MAP:MD-USA04_LOCALE,1,"Amisbad Oil Fields, Iran 
 'Operation: Black Gold'",
MAP:MD-USA04_Start02,1,"INCOMING TRANSMISSION: 
 Reinforcements have arrived",
MAP:MD-USA04_Objective01,1,"MISSION OBJECTIVE: 
 Destroy the GLA base",
MAP:MD-USA04_Objective02_Reminder,1,"INCOMING TRANSMISSION: 
 Destroy the Radio Station to the Northeast to stop Bomb Trucks",
MAP:MD-USA04_Hint01,1,"MISSION OBJECTIVE: 
 Destroy the GLA base",
MAP:MD-USA04_Hint04,1,"HINT: 
 Find the 3 CIA operatives to solicit their help",
MAP:MD-USA04_Hint05,1,"INCOMING TRANSMISSION: 
 Secure the oil fields to the West to gain money",
MAP:MD-USA04_Hint06,1,"HINT: 
 Pathfinders can reveal camouflaged units and demo traps",
MAP:MD-USA04_Hint07,1,"HINT: 
 Dozers can remove Booby Traps",
MAP:MD-USA04_Reonforcements,1,"INCOMING TRANSMISSION: 
 Reinforcements have arrived",
MAP:MD_USA06Open,1,"Al Habad, Syria 
 'Operation: Eagle's Strike'",
MAP:MD-USA06Objective01,1,"MISSION OBJECTIVE: 
 Capture the 4 Toxin Missile Silos before they launch",
MAP:MD-USA06Objective02,1,"INCOMING TRANSMISSION: 
 Rebel GLA forces have joined you",
MAP:MD-USA06Objective03,1,"INCOMING TRANSMISSION: 
 Capture the 4 Toxin Missile Silos before they can launch",
MAP:MD-USA06Objective04,1,Missile Silo 3 of 4 captured,
MAP:MD-USA06Objective05,1,Missile Silo 4 of 4 captured,
MAP:MD-USA06Objective06,1,Missile Silo 1 of 4 captured,
MAP:MD-USA06Objective07,1,Missile Silo 2 of 4 captured,
MAP:MD-USA06Objective14,1,"HINT: 
 Intel puts some of the Missiles in this region 
 Take care not to release the toxin",
MAP:MD-USA06Objective15,1,"WARNING: 
 Dr. Thrax is utilizing more potent toxins. Protect our infantry",
MAP:MD-USA06Objective16,1,"INCOMING TRANSMISSION: 
 Our base is under attack sir 
 They built a tunnel network without us knowing it",
MAP:MD-USA06CivilianMessage01,1,"INCOMING TRANSMISSION: 
 GLA Rebels to the East may aid our effort",
MAP:MD-USA06Hint01,1,"HINT: 
 More supplies are located to the Southwest",
MAP:MD-USA06Hint02,1,"WARNING: 
 They are using the Sneak Attack Tunnel to attack our base",
MAP:MD-USA06Hint03,1,"HINT: 
 GLA Generals Powers are available at the GLA Command Center",
MAP:MD-USA06Warning01,1,"WARNING: 
 Missile Launch countdown has begun",
MAP:MD-USA06Warning02,1,"WARNING: 
 Launch in 5 minutes",
MAP:MD-USA06Warning03,1,"WARNING: 
 Launch in 4 minutes",
MAP:MD-USA06Warning04,1,"WARNING: 
 Launch in 3 minutes",
MAP:MD-USA06Warning05,1,"WARNING: 
 Launch in 2 minutes",
MAP:MD-USA06Warning06,1,"WARNING: 
 Launch in 1 minute",
MAP:MD-USA06Warning07,1,"WARNING: 
 Launch in 30 seconds",
MAP:MD-USA06Warning08,1,"WARNING: 
 Launch in 10 seconds",
MAP:MD-USA06Warning09,1,"WARNING: 
 5... 4... 3... 2... 1... Launch detected",
MAP:MD-USA06Failure01,1,"WARNING: 
 Impact detected. You have failed, General",
MAP:MD-USA06Imperative01,1,"WARNING: 
 Do not destroy this structure. Capture it with Rangers",
SCRIPT:MD-USA06MissileTimer,1,Toxin Missile Launch In:,
MAP:MD-USA06Warning10,1,"WARNING: 
 Launch in 10 minutes",
MAP:MD-USA06Warning11,1,"WARNING: 
 Launch in 15 minutes",
MAP:MD-USA06Intro1,1,"Earth Orbit: 
 USA Spy Satellite Codename:Powers",
MAP:MD-USA06Intro2,1,"Data Uplink: 
 Dr. Thrax's Toxin Facilities",
MAP:MD-USA06Warning15,1,"INCOMING TRANSMISSION: 
 General, the GLA base to the East has 
 decided to rebel against the Toxin General and 
 his mass use of toxins",
MAP:MD-USA06Warning16,1,"INCOMING TRANSMISSION: 
 They wish to aid us in our attack against 
 the General by giving us use of their base",
MAP:MD_GLA01Objective6,1,HINT: Use Combat Cycles to enter the USA base from another direction,
MAP:MD_GLA01Message01,1,WARNING: USA Fire Base detected,
MAP:MD_GLA01Message02,1,WARNING: Sentry Drones discovered,
MAP:MD_GLA01Message03,1,"HINT: 
 Upgrade GLA units by moving them onto salvage crates",
OBJECT:GLALeader,1,GLA Leader,
MAP:Intro_Title,1,"Al Safir, Syria 
 'The Exodus'",
MAP:Intro_Title2,1,"Halib, Sudan 
 'The Great Escape'",
MAP:Intro_Loc,1,Outside the city...,
MAP:Intro_MO_1,1,"MISSION OBJECTIVE #1: 
 Find the abandoned GLA base",
MAP:Intro_MO_2,1,"MISSION OBJECTIVE #2: 
 Transport our leader safely to the airstrip",
MAP:Intro_MO_2b,1,"INCOMING TRANSMISSION: 
 Bring the GLA leader to the airstrip in the Northwest",
MAP:Intro_MO_1a,1,"MISSION OBJECTIVE: 
 Escort GLA leader to airstrip 
 GLA leader must survive",
MAP:Intro_MO_2a,1,"INCOMING TRANSMISSION: 
 An abandoned GLA base is in this region. Reclaim it",
MDGLA02:TITLE,1,"Somewhere near Cairo, Egypt 
 'Hidden Agenda'",
MDGLA02:Hint1,1,"WARNING: 
 Prince Kassad's forces are camouflaged",
MDGLA02:Hint2,1,"HINT: 
 Radar Vans, Tunnel Networks, and 
 Stinger Sites reveal camouflaged units",
MDGLA02:Hint3,1,"HINT: 
 More Supplies located in the Southwest",
MDGLA02:OBJ1,1,"
 MISSION OBJECTIVE #1: 
 Capture the Command Center in the city",
MDGLA02:OBJ2,1,"
 MISSION OBJECTIVE #2: 
 Capture the Command Center across the river",
MDGLA02:Expansion_2,1,"INCOMING TRANSMISSION: 
 Potential expansion location discovered",
MDGLA02:Oil_Well,1,"HINT: 
 Capture oil wells to maintain steady income",
MDGLA02:Bridge,1,"HINT: 
 GPS Scramble will make it easier to cross this bridge",
MDGLA02:Damage_warn,1,"INCOMING TRANSMISSION: 
 Protect the Command Center",
MDGLA02:Capture_CC_scram,1,"HINT: 
 Capture the Command Center to gain GPS scramble ability",
MDGLA02:Scram_captured,1,"INCOMING TRANSMISSION: 
 GPS Scramble ability obtained 
 Use it on your troops to cloak them",
MDGLA02:Capture_CC_sneak,1,"HINT: 
 Capture this Command Center to gain Sneak Attack ability",
MDGLA02:Sneak_captured,1,"INCOMING TRANSMISSION: 
 Sneak Attack ability obtained 
 Use it to create a Tunnel Network anywhere you can see",
MDGLA02:Final,1,"MISSION OBJECTIVE #3: 
 Destroy or capture Kassad's main Command Center",
MDGLA03:Title-01,1,"USA Mediterranean Fleet, Matala, Crete 
 'On the Waterfront'",
MDGLA03:InfoMissionObjective01,1,"MISSION OBJECTIVE #1: 
 Capture the USA Particle Cannon to the East",
MDGLA03:Info-MissionObjectiveAccomplished-01,1,"MISSION OBJECTIVE #1: 
 Accomplished",
MDGLA03:Info-MissionObjective-02,1,"MISSION OBJECTIVE #2: 
 Capture the USA Power Plants",
MDGLA03:Info-MissionObjectiveAccomplished-02,1,"MISSION OBJECTIVE #2: 
 Accomplished",
MDGLA03:Info-MissionObjective-03,1,"MISSION OBJECTIVE #3: 
 Locate the Aircraft Carrier in the Southeast",
MDGLA03:Info-GotParticleCannon-01,1,"HINT: 
 Now we must secure some Power Plants 
 We can use the Tunnel Network to reach the next island",
MDGLA03:Info-SneakAttack-01,1,"INCOMING TRANSMISSION: 
 Use Sneak Attack to create Tunnel Networks on nearby islands",
MDGLA03:Info-GotPowerPlants-01,1,"INCOMING TRANSMISSION: 
 The Particle Cannon is now online 
 We must defend it and our Power Plants",
MDGLA03:Info-Goodies-01,1,"HINT: 
 Explore islands to find salvage crates and vehicles",
MDGLA03:Lose-NoUnitsOrStructures-01,1,"INCOMING TRANSMISSION: 
 All of your units and buildings have been destroyed 
 You have been defeated, General. This time",
MDGLA03:Lose-ParticleCannonDestroyed-01,1,"INCOMING TRANSMISSION: 
 Without the Particle Cannon, you cannot destroy the Carrier 
 You have been defeated, General. This time",
MDGLA03:Lose-PowerPlantsDestroyed-01,1,"INCOMING TRANSMISSION: 
 All of the power plants have been destroyed 
 You have been defeated, General. This time",
MDGLA03:Help-UseParticleCannon-01,1,"WARNING: 
 This area looks well defended 
 The Particle Cannon might help us penetrate",
MDGLA03:Help-A10Warning-01,1,"WARNING: 
 A10s are en route against us",
MDGLA03:Help-LeaveISLAND-01,1,"HINT: 
 We can use Sneak Attack or our Tunnel Networks 
 to reach a nearby island",
MDGLA03:Help-LeaveISLAND-02,1,"HINT: 
 If we can scout out an area on a nearby island, 
 we can use our Sneak Attack there",
MDGLA03:Info-DisabledSupplyDropZones-01,1,"INCOMING TRANSMISSION: 
 We have disabled the enemy's Supply Drop Zones 
 They will soon be unable to build new units",
MDGLA03:Help-FoundSupplyPlanes-01,1,"INCOMING TRANSMISSION: 
 Destroy the USA Supply Drop Zones to cripple their production",
MDGLA03:Help-FewPowerPlants-02,1,"WARNING: 
 Almost all of the Power Plants have been destroyed 
 Be careful to secure one to fire the Particle Cannon",
MDGLA03:Help-AttackingParticleCannon-01,1,"INCOMING TRANSMISSION: 
 We need this Particle Cannon to destroy the carrier 
 Do not let it be destroyed",
MDGLA03:Help-FindParticleCannon-01,1,"HINT: 
 Capture the Particle Cannon",
MDGLA03:Help-LostIsland-01,1,"HINT: 
 They destroyed our Tunnel Network 
 Use the Sneak Attack to return to that island",
MDGLA03:Help-ArmsDealer-01,1,"INCOMING TRANSMISSION: 
 Liberate the Arms Dealer on the West side of this island",
MDGLA03:Help-JarmenKell-01,1,"HINT: 
 Jarmen Kell's snipe ability can neutralize enemy 
 vehicles, allowing our infantry to capture them",
MAP:MD_GLA03_CINELocation01,1,USS Reagan,
MAP:MD_GLA04Objective1,1,"MISSION OBJECTIVE: 
 Team 1: Take the ferry to the beach",
MAP:MD_GLA04Objective2,1,"MISSION OBJECTIVE: 
 Team 2: Obtain a Radar Van",
MAP:MD_GLA04Objective3,1,"MISSION OBJECTIVE: 
 Team 2: Garrison the Valve Station",
MAP:MD_GLA04Objective4,1,"MISSION OBJECTIVE: 
 Team 1: Destroy the Airfield",
MAP:MD_GLA04Objective5,1,"MISSION OBJECTIVE: 
 Team 2: Destroy the Power Plants",
MAP:MD_GLA04Objective6,1,"MISSION OBJECTIVE: 
 Capture the Toxin Facility",
MAP:MD_GLA04Objective7,1,"MISSION OBJECTIVE: 
 Transport the Toxins to the Airport",
SCRIPT:MD_GLA04Toxin_Counter,1,Toxins Remaining:,
MAP:MD_GLA04Title,1,"Western USA Coastal Toxic Facility 
 'Jarmen Kell and the Forty Thieves'",
MD_GLA05-MilitaryBriefing:String_2,1,"MISSION OBJECTIVE: 
 Destroy US European Central Command in the Northeast",
MD_GLA05-MilitaryBriefing:String_3,1,"INCOMING TRANSMISSION: 
 Rescue the POWs and bring them back here 
 The Terror Cell will awaken to assist you against the US",
MD_GLA05-MilitaryBriefing:String_4,1,"HINT: 
 Move the POWs to their village 
 in the North and they will assist us",
MD_GLA05-MilitaryBriefing:String_5,1,"INCOMING TRANSMISSION: 
 Remove the American threat to 
 free the POWs from their captors",
MD_GLA05-MilitaryBriefing:String_6,1,"INCOMING TRANSMISSION: 
 We are ready to return to our village in the North",
MD_GLA05-MilitaryBriefing:String_7,1,"INCOMING TRANSMISSION: 
 You have rescued the POWs and returned them home 
 The Terror Cell will activate and begin to assault the US",
MD_GLA05-MilitaryBriefing:String_8,1,"HINT: 
 Capture the remaining US structures 
 and build a second base here",
MD_GLA05-MilitaryBriefing:String_9,1,"WARNING: 
 Time is running out. Rescue the POWs",
MD_GLA05-MilitaryBriefing:String_10,1,"WARNING: 
 We must eliminate the enemy's Southern 
 support base before they become too powerful",
MD_GLA05-MilitaryBriefing:String_11,1,"INCOMING TRANSMISSION: 
 The Terror Cell has been eliminated 
 Do not let their deaths go unpunished",
MD_GLA05-MilitaryBriefing:String_12,1,"INCOMING TRANSMISSION: 
 We have beaten the enemy. Victory is ours",
MD_GLA05-MilitaryBriefing:String_13,1,"INCOMING TRANSMISSION: 
 The enemy is holding our brothers captive 
 Free them and they will assist us against the US",
MD_GLA05-MilitaryBriefing:String_14,1,"INCOMING TRANSMISSION: 
 Intel has reported that the POWs will be moved soon 
 Infiltrate the US base to rescue them",
MD_GLA05-MilitaryBriefing:String_15,1,"HINT: 
 Upgrade the China Command Center with Radar",
MD_GLA05-MilitaryBriefing:String_16,1,"INCOMING TRANSMISSION: 
 Protect the GLA Terror Cell from US attacks 
 and secure the area",
MD_GLA05-MilitaryBriefing:String_17,1,"HINT: 
 Build a GLA Command Center to use your Generals Powers",
MD_GLA05-MilitaryBriefing:String_18,1,"INCOMING TRANSMISSION: 
 Our base is under attack",
MD_GLA05-MilitaryBriefing:String_19,1,"WARNING: 
 The POWs are being attacked. Defend them",
MD_GLA05-MilitaryBriefing:String_20,1,"INCOMING TRANSMISSION: 
 The POWs have all been killed 
 The Terror Cell joins us to avenge their deaths",
MD_GLA05-MilitaryBriefing:String_21,1,"INCOMING TRANSMISSION: 
 The enemy has spread out to secure more resources 
 Remove them and use the resources for ourselves",
MD_GLA05-MilitaryBriefing:String_22,1,"HINT: 
 Their base is massive 
 Perhaps Sneak Attacks will help us infiltrate it",
MD_GLA05-MilitaryBriefing:String_23,1,"INCOMING TRANSMISSION: 
 With the small base neutralized, we can focus on 
 the US European Central Command base",
MD_GLA05-MilitaryBriefing:String_24,1,"
 We have a plan... 
 We shall move in and capture the Chinese Base 
 and use it to drive the USA out of Europe",
MD_GLA05-MilitaryBriefing:String_25,1,The U.S. European Central Command base must fall,
MD_GLA05-MilitaryBriefing:String_26,1,"INCOMING TRANSMISSION: 
 We are being attacked from the East 
 Eliminate the southern US Support base",
MD_GLA05-MilitaryBriefing:String_27,1,"INCOMING TRANSMISSION: 
 The Terror Cell is being attacked by the US 
 Assist them in repulsing our foes",
MD_GLA05-MilitaryBriefing:String_28,1,"INCOMING TRANSMISSION: 
 Rescue the POWs from the US support base before 
 they are transferred to a new location",
MD_GLA05-MilitaryBriefing:String_29,1,"MISSION OBJECTIVE: 
 Destroy US European Central Command in the Northeast",
MD_GLA05-MilitaryBriefing:String_30,1,"US Central Command, Stuttgart-Vaihingen, Germany 
 'Sneak Attack'",
MD_GLA05-MilitaryBriefing:String_31,1,"US Central Command, Stuttgart-Vaihingen, Germany 
 'Sneak Attack'",
MD_GLA05-MilitaryBriefing:String_32,1,"HINT: Remove the Americans from the area 
 then secure the supplies",
MD_GLA05-MilitaryBriefing:String_33,1,"HINT: 
 Finish off the Central Command Base",
MD_GLA05-MilitaryBriefing:String_34,1,"HINT: 
 Capture Oil Derricks and secure additional supplies 
 Capture Artillery Platforms to control key areas",
MD_GLA05-MilitaryBriefing:String_35,1,"HINT: 
 Upgrade the Cash Bounty 
 Generals Power to increase income",
MD_GLA05-MilitaryBriefing:String_36,1,"HINT: 
 Use the Sneak Attack ability to 
 launch an attack against the US base",
MD_GLA05-MilitaryBriefing:String_37,1,"INCOMING TRANSMISSION: 
 The POWs have been moved away 
 Despite our failure, the Terror Cell pledges their support",
MD_GLA05-MilitaryBriefing:String_38,1,"US Central Command, Stuttgart-Vaihingen, Germany 
 'Sneak Attack'",
SCRIPT:POWCOUNTDOWN,1,POWs Transfer In:,
MAP:CHI01xMapName,1,The Dragon Unleashed,
MAP:CHI01xOpen,1,"Stuttgart-Vaihingen, Germany 
 'The Dragon Unleashed'",
MAP:CHI01xOpenAlt,1,"Remains of USA Command Base, Germany 
 The Dragon Unleashed",
MAP:CHI01xObjective01,1,"MISSION OBJECTIVE: 
 Eliminate all GLA forces in this region",
MAP:CHI01xObjective01Alt,1,"MISSION OBJECTIVE: 
 Eliminate all GLA structures in this region",
MAP:CHI01xTechBldgHint,1,"HINT: 
 The Red Guard can be used to capture buildings",
MAP:CHI01xOilDerrickHint,1,"HINT: 
 Capture Oil Derricks to gain extra money",
MAP:CHI01xOilRefineryHint,1,"HINT: 
 Capture the Oil Refineries to reduce cost of vehicles",
MAP:CHI01xGarrisonHint,1,"HINT: 
 Garrisoning Red Guard and Tank Hunters inside buildings 
 increases their firepower and range",
MAP:CHI01xGarrisonClrHint01,1,"HINT: 
 The Toxin Tractor will kill garrisoned infantry instantly 
 Do not let it approach your garrisoned structures",
MAP:CHI01xGarrisonClrHint02,1,"HINT: 
 The Dragon Tank will kill infantry in garrisoned buildings",
MAP:CHI01xPerimeterWarn01,1,"WARNING: 
 GLA forces are attacking our base",
MAP:CHI01xPerimeterWarn02,1,"WARNING: 
 The enemy is preparing to attack our base",
MAP:CHI02xMapName,1,Defending the Fire,
MAP:CHI02xOpen,1,"Weapons Production Facility, China 
 'Defending the Fire'",
SCRIPT:CHI02xReinforcementTimer,1,Reinforcements Arrive In:,
MAP:CHI02xObjective01,1,"MISSION OBJECTIVE #1: 
 Defend the Reactor and Storage Bunkers 
 They must not be captured or destroyed",
MAP:CHI02xObjective02,1,"MISSION OBJECTIVE #2: 
 Destroy all GLA forces in the region",
MAP:CHI02xObjective02Alt,1,"MISSION OBJECTIVE #2: 
 Destroy all GLA structures in the region",
MAP:CHI02xReactorKIAWarn,1,"INCOMING TRANSMISSION: 
 Protect the Nuclear Reactor",
MAP:CHI02xReactorCaptureWarn,1,"WARNING: 
 Do not let the enemy capture 
 the Nuclear Reactor and both bunkers",
MAP:CHI02xBunkerKIAWarn,1,"INCOMING TRANSMISSION: 
 Protect the Storage Bunkers",
MAP:CHI02xBadPlayerReactorWarn,1,"INCOMING TRANSMISSION: 
 We need this Nuclear Reactor 
 Do not let it be destroyed",
MAP:CHI02xBadPlayerBunkerWarn,1,"INCOMING TRANSMISSION: 
 We need these Storage Bunkers 
 Do not let them be destroyed",
MAP:CHI02xSpyPostHint01,1,"HINT: 
 Capture the spy post to call in Carpet Bombers",
MAP:CHI02xPerimeterWarn,1,"WARNING: 
 Enemy forces are preparing to attack",
MAP:CHI02xPerimeterEasyWarn,1,"WARNING: 
 Enemy forces are preparing to attack",
MAP:CHI02xNeutronHint01,1,"HINT: 
 Use the Neutron Shell ability of Nuke Cannons to kill 
 infantry and neutralize enemy vehicles",
MAP:CHI02xNeutronHint02,1,"HINT: 
 Your infantry can enter and control any neutralized vehicle",
MAP:CHI02xEMPMineHint01,1,"HINT: 
 Upgrade our buildings with Neutron Mines to disable vehicles 
 Then Neutron Shells can neutralize them",
MAP:CHI02xCarpetBombReminder,1,"INCOMING TRANSMISSION: 
 Carpet Bombers are ready",
MAP:CHI02xInfo1,1,"INCOMING TRANSMISSION: 
 Reinforcements will arrive in 10 minutes",
MAP:CHI02xInfo2,1,"INCOMING TRANSMISSION: 
 Reinforcements will arrive in 5 minutes",
SCRIPT:CHI02timer,1,Reinforcements Arrive In:,
MAP:MD_CHI03-Event-AngryMob-01,1,"INCOMING TRANSMISSION: 
 The people rise up to serve us",
MAP:MD_CHI03-Help-IOLow-01,1,"INCOMING TRANSMISSION: 
 Our International Opinion is becoming low 
 Destroy more GLA statues",
MAP:MD_CHI03-Help-IOVeryLow-01,1,"INCOMING TRANSMISSION: 
 Our International Opinion is very low 
 Destroy GLA statues found throughout the city",
MAP:MD_CHI03-Help-IOExtremelyLow-01,1,"HINT: 
 Our International Opinion is critically low 
 Destroy another GLA statue or all is lost",
SCRIPT:MD_CHI03InternationalOpinion,1,International Opinion:,
MAP:MD_CHI04Open,1,"Halberstadt, Germany 
 'Burning Skies'",
MAP:MD_CHI04MissionState0,1,"MISSION OBJECTIVE: 
 Eliminate all waves of retreating GLA forces",
MAP:MD_CHI04MissionState1,1,"INCOMING TRANSMISSION: 
 Wave 1 has been defeated",
MAP:MD_CHI04MissionState2,1,"INCOMING TRANSMISSION: 
 Wave 2 has been defeated",
MAP:MD_CHI04MissionState3,1,"INCOMING TRANSMISSION: 
 Wave 3 has been defeated",
MAP:MD_CHI04MissionState4,1,"INCOMING TRANSMISSION: 
 Wave 4 has been defeated",
MAP:MD_CHI04MissionState5,1,"INCOMING TRANSMISSION: 
 Wave 5 has been defeated",
MAP:MD_CHI04MissionState6,1,"INCOMING TRANSMISSION: 
 Wave 6 has been defeated",
MAP:MD_CHI04MissionInfo1,1,"INCOMING TRANSMISSION: 
 Wave 1 has entered the region 
 Their path is shown on the radar",
MAP:MD_CHI04MissionInfo2,1,"INCOMING TRANSMISSION: 
 Wave 2 has entered the region 
 Their path is shown on the radar",
MAP:MD_CHI04MissionInfo3,1,"INCOMING TRANSMISSION: 
 Wave 3 has entered the region 
 Their path is shown on the radar",
MAP:MD_CHI04MissionInfo4,1,"INCOMING TRANSMISSION: 
 Wave 4 has entered the region 
 Their path is shown on the radar",
MAP:MD_CHI04MissionInfo5,1,"INCOMING TRANSMISSION: 
 Wave 5 has entered the region 
 Their path is shown on the radar",
MAP:MD_CHI04MissionInfo6,1,"INCOMING TRANSMISSION: 
 Our Intel has been jammed. New waves are arriving 
 from 2 directions, but their location is unknown",
MAP:MD_CHI04MissionFinaleText,1,"INCOMING TRANSMISSION: 
 Our forces have arrived from the South 
 Your mission is complete",
MAP:MD_CHI04MissionLoseText,1,"INCOMING TRANSMISSION: 
 The GLA forces have escaped to the North 
 You have been defeated, General. This time",
MAP:MD-CHI05_LOCALE,1,"Near Hamburg, Germany 
 'The Dragon's Destiny'",
MAP:MD-CHI05_USBaseDestroyedFirst,1,"MISSION OBJECTIVE: 
 Destroy the GLA base to achieve victory",
MAP:MD-CHI05_GLABaseDestroyedFirst,1,"MISSION OBJECTIVE: 
 Destroy the USA base to achieve victory",
MAP:MD-CHI05_PartCannon_Detected,1,"WARNING: 
 Particle Cannon detected",
MAP:MD-CHI05_Hint01,1,"HINT: 
 We should concentrate our attack on the USA base 
 We must eliminate their Particle Cannons",
MAP:MD-CHI05_Hint02,1,"INCOMING TRANSMISSION: 
 Destroy the USA Command Center to end their air support",
MAP:MD-CHI05_Hint05,1,"INCOMING TRANSMISSION: 
 Kill the enemy's Hijackers to protect our vehicles",
MAP:MD-CHI05_Hint08,1,"INCOMING TRANSMISSION: 
 Jarmen Kell may be hiding in this village",
MAP:MD-CHI05_Hint10,1,"INCOMING TRANSMISSION: 
 Prevent the Battle Buses from reaching our base",
MAP:MD-CHI05_Hint13,1,"INCOMING TRANSMISSION: 
 The USA base is without power. Strike quickly",
MAP:MD-CHI05_Hint15,1,"INCOMING TRANSMISSION: 
 Use Listening Outposts to stop 
 Jarmen Kell from sniping our vehicles",
MAP:MD-CHI05_Hint16,1,"INCOMING TRANSMISSION: 
 Use infantry to recapture our neutralized vehicles",
MAP:MD-CHI05_InternetCenter02,1,"HINT: 
 Garrison the Internet Center with Hackers for extra income",
MAP:ChemGeneral,1,Dr. Thrax,
GC_CHINABOSS:Loc,1,"Somewhere near the China / Tibet border 
 'The Tiger's Lair'",
GC_CHINABOSS:Hint,1,"INCOMING TRANSMISSION: 
 Destroying enemy weapon bunkers will reset the timers on all superweapons",
GC_CHINABOSS:Reset,1,"
 Superweapon timers reset",
GC_CHINABOSS:Strike,1,"
 Superweapon Strike Imminent",
GC_CHINABOSS:Resources,1,"HINT: 
 Resources here are limited. You will have to find more supplies quickly",
CONTROLBAR:TooltipMOAB,1,"Strong vs. Buildings 
 Will shock units in the blast radius 
 
 Countdown Timer: 6:00",
CONTROLBAR:TooltipLeafletDrop,1,"Strong vs. Infantry 
 
 Countdown Timer: 6:00",
CONTROLBAR:TooltipTankParaDrop,1,"Drops Battlemasters by plane 
 
 Countdown Timer: 4:00",
CONTROLBAR:TooltipNukeDrop,1,"Drops a tactical nuclear warhead by plane 
 
 Countdown Timer: 4:00",
CONTROLBAR:TooltipSuitcaseNuke,1,"Hacker has a nuclear weapon in his suitcase 
",
CONTROLBAR:TooltipSpectreGunship,1,"Strong vs. Vehicles 
 
 Countdown Timer: 4:00",
CONTROLBAR:TooltipFireICBM,1,"Strong vs. Buildings, infantry 
 
 Countdown Timer: 6:00",
CONTROLBAR:TooltipFireTomahawkStorm,1,"Strong vs. Buildings, Vehicles 
 
 Countdown Timer: 5:00",
CONTROLBAR:TooltipFrenzy,1,"Causes your units to do more damage for a limited amount time 
 
 Countdown Timer: 4:00",
CONTROLBAR:TooltipFireGPSScrambler,1,"GPS Scramber 
 Countdown Timer: 4:00",
CONTROLBAR:TooltipCommunicationsDownload,1,Download location information on all enemy forces,
CONTROLBAR:TooltipUSAUpgradeSentryDroneGun,1,Sentry Drones gain a machine gun,
CONTROLBAR:TooltipGLAUpgradeQuadCannonSnipe,1,Quad Cannons gain the ability to kill infantry in a single shot,
CONTROLBAR:TooltipUSAUpgradeSupplyLines,1,Resources gathering mechanisms bring in an additional 10%,
CONTROLBAR:TooltipUSAUpgradeMOAB,1,Fuel Air Bomb is upgraded to the Mother Of All Bombs,
CONTROLBAR:TooltipBecomeRealBuilding,1,Upgrade this fake building to a fully functional version,
CONTROLBAR:TooltipUSAUpgradeChemicalSuits,1,Infantry will become more resistant to toxin and radiation damage,
CONTROLBAR:TooltipUSAUpgradeBunkerBusters,1,Stealth Fighter missiles damage garrisoned troops,
CONTROLBAR:TooltipUSAUpgradeCountermeasures,1,All aircraft capable of evading 50% of missiles fired at them,
CONTROLBAR:TooltipUpgradeChinaHelixGattlingCannon,1,Build a Gattling Cannon on this Helix,
CONTROLBAR:TooltipUpgradeChinaHelixPropagandaTower,1,Build a Propaganda Tower on this Helix,
CONTROLBAR:TooltipUpgradeChinaHelixBattleBunker,1,Build a Bunker on this Helix. Bunkers can be occupied by troops. Troops can fire out of bunkers,
CONTROLBAR:TooltipChinaUpgradeSatelliteHackOne,1,Enable the Satellite Hack ability to reveal the command centers of opponents,
CONTROLBAR:TooltipChinaUpgradeSatelliteHackTwo,1,Enable the Satellite Hack ability to intermittently reveal territory of all opponents,
CONTROLBAR:TooltipChinaUpgradeFanaticism,1,Additional +25% to Horde bonus,
CONTROLBAR:TooltipUpgradeChinaWGUraniumShells,1,+25% shot damage on Battlemaster and Overlord,
CONTROLBAR:TooltipUpgradeChinaTankAutoLoader,1,Battlemaster receives an increased rate of fire,
CONTROLBAR:TooltipUpgradeChinaNeutronShells,1,"Upgrades Nuke Cannon to fire Neutron Shells 
 Neutron Shells will kill infantry in vehicles",
CONTROLBAR:ToolTipUpgradeChinaEMPMines,1,Mines release an Neutron blast when triggered,
CONTROLBAR:TooltipUpgradeChinaFusionReactors,1,Improves Emperor and Battlemaster speed,
CONTROLBAR:TooltipDetonateFakebuilding,1,Orders the fake building to immediately detonate,
CONTROLBAR:ToolTipUpgradeGLAWorkerFakeCommandSet,1,Switch command bar to build fake buildings,
CONTROLBAR:ToolTipUpgradeGLAWorkerRealCommandSet,1,Switch command bar to build real buildings,
CONTROLBAR:Demo_ToolTipGLAUpgradeHEBomb,1,100% more damage for all Demo Traps,
CONTROLBAR:ToolTipGLACamoNetting,1,This structure gains camouflage,
CONTROLBAR:ToolTipGLAUpgradeFortifiedStructure,1,Buildings gain additional armor protection from attacks,
CONTROLBAR:ToolTipGLAUpgradeBoobyTrap,1,Rebels can place booby traps on buildings and neutral units,
CONTROLBAR:ToolTipGLAUpgradeWorkerShoes,1,"Gives Workers the new shoes they've been asking for, increasing their movement",
CONTROLBAR:ToolTipGLAUpgradeAnthraxGamma,1,+50% damage bonus to all toxin units,
CONTROLBAR:ToolTipSaboteur,1,Disables buildings. Resets superweapon timers,
CONTROLBAR:DropNapalmBomb,1,&Drop a Napalm Bomb,
CONTROLBAR:DropNukeBomb,1,&Drop a Nuke Bomb,
CONTROLBAR:ToolTipDropNukeBomb,1,Drops a tactical nuke on the target area,
CONTROLBAR:ToolTipDropNapalmBomb,1,"Strong against most ground targets 
 Weak against flame vehicles",
CONTROLBAR:ToolTipChinaNukeWarhead,1,Load the Nuclear Shells,
CONTROLBAR:ToolTipChinaNeutronWarhead,1,Load the Neutron Shells,
CONTROLBAR:ToolTipFireBattleship,1,Call in bombardment from offshore Battleship,
CONTROLBAR:ToolTipFireAircraftCarrier,1,Launches the Aircraft Carrier's attack planes,
CONTROLBAR:ToolTipECMDisableVehicle,1,Disable enemy vehicle,
CONTROLBAR:ToolTipChinaFireRebelBoobyTrapAttack,1,Place a booby trap,
CONTROLBAR:ToolTipUSABuildFireBase,1,Ground defense. Garrisonable by four infantry,
CONTROLBAR:ToolTipUSABuildArtilleryPlatform,1,"Builds a large range artillery platform for defenses 
 
 Power Required: 4",
CONTROLBAR:ToolTipFakeGLABuilding,1,Fake buildings can be detonated or upgraded to real buildings,
CONTROLBAR:ToolTipChinaBuildInternetCenter,1,Helps hackers bring in money. Can be upgraded to spy on opponents,
CONTROLBAR:ToolTipAmericaICBMLauncher,1,"Launches an Intercontinental Ballistic Missile 
 Power Required: 10",
CONTROLBAR:ToolTipAmericaBuildTomahawkStorm,1,"Launches a volley of Tomahawk missiles 
 
 Countdown Timer: 5:00",
CONTROLBAR:ToolTipGLABuildCombatBike,1,"Fast and versatile 
 Weak vs. tanks, aircraft",
CONTROLBAR:ToolTipGLABuildSaboteur,1,Non-combat infiltration unit. Can temporarily disable enemy buildings,
CONTROLBAR:ToolTipChinaBuildPropagandaTrooper,1,Produces propaganda to heal nearby units,
CONTROLBAR:ToolTipChinaBuildMiniGunner,1,"Strong vs. infantry, air 
 Weak vs. tanks",
CONTROLBAR:ToolTipUSABuildAvenger,1,"Uses a laser to destroy missiles and aircraft 
 
 Strong vs. missiles, aircraft 
 Weak vs. vehicles, infantry",
CONTROLBAR:ToolTipUSABuildKingRaptor,1,"Can engage ground or air targets. Equipped with a Point Defense Laser 
 Larger Payload. Detects Stealth 
 
 Strong vs. aircraft, tanks, light vehicles 
 Weak vs. missile-armed infantry, anti-air defenses",
CONTROLBAR:ToolTipUSABuildFuelAirAurora,1,"Super-sonic attack makes Aurora immune to enemy fire while dropping a small Fuel-Air Bomb. After super-sonic attack, Aurora speed is reduced to 50% 
 
 Strong vs. buildings 
 Weak vs. fighters, anti-air units",
CONTROLBAR:ToolTipUSABuildHyersonicAurora,1,"Hyper-sonic attack makes Aurora immune to enemy fire. After Hyper-sonic attack, Aurora speed is reduced to 50% 
 
 Strong vs. buildings 
 Weak vs. fighters, anti-air units",
CONTROLBAR:ToolTipGLABuildSniper,1,"Camouflaged while not moving or shooting. Spots hidden enemies 
 
 Strong vs. infantry 
 Weak vs. light vehicles, scouts",
CONTROLBAR:ToolTipUSABuildMicrowave,1,"Strong vs. base defenses 
 Weak vs. tanks, aircraft, light vehicles",
CONTROLBAR:ToolTipUSABuildSentryDrone,1,"Detects stealth 
 
Strong vs. infantry 
 Weak vs. tanks",
CONTROLBAR:ToolTipUSABuildHellfireDrone,1,"Fires a Hellfire Missile 
 
 Strong vs. vehicles 
 Weak vs. infantry",
CONTROLBAR:ToolTipUSABuildPointDefenseDrone,1,Fires an anti-missile laser,
CONTROLBAR:ToolTipChinaBuildHelix,1,"Heavy lift transport 
 upgrades with base defense structures and Napalm Bomb 
 
 Strong vs. tanks, light vehicles 
 Weak vs. missile armed infantry, anti-air defenses",
CONTROLBAR:ToolTipChinaBuildListeningOutpost,1,"Transport. Detects stealth units 
 
 Weak vs. tanks, aircraft",
CONTROLBAR:ToolTipChinaBuildECM,1,"Strong vs. tanks, vehicles 
 Weak vs. infantry, aircraft",
CONTROLBAR:ToolTipGLABuildBattleBus,1,"Can load it up with 8 infantry 
 
 Strong vs. infantry, buildings",
CONTROLBAR:ToolTipUSAScienceSpectreGunship,1,"Spectre Gunships circle the battlefield and pummel enemy forces with Howitzers and Gattling Cannons 
 
 Deploy from: Command Center",
CONTROLBAR:ToolTipUSAScienceLeafletDrop,1,"Leaflets disable enemy troop concentrations while they consider their options 
 
 Deploy from: Command Center",
CONTROLBAR:ToolTipChinaScienceTankHunterTraining,1,All Tank Hunters will be built as veterans,
CONTROLBAR:ToolTipChinaScienceBattlemasterTraining,1,All Battlemasters will be built as elite,
CONTROLBAR:ToolTipChinaScienceOverlordTraining,1,All Overlords will be built as elite,
CONTROLBAR:ToolTipChinaScienceGattlingTankTraining,1,All Gattling Tanks will be built as elite,
CONTROLBAR:ToolTipChinaScienceNukeDrop,1,"Tactical Nuclear Weapon is deployed by air 
 
 Deploy from: Command Center",
CONTROLBAR:ToolTipChinaScienceFrenzy,1,"Causes your units to do more damage for a time when targeted 
 
 Rank 1: 10 percent for 10 seconds 
 Rank 2: 20 percent for 20 seconds 
 Rank 3: 30 percent for 30 seconds 
 
 Deploy from: Command Center",
CONTROLBAR:ToolTipChinaScienceCarpetBomb,1,"Allows you to call in a heavy bomber to carpet bomb an area 
 
 Deploy from: Command Center",
CONTROLBAR:ToolTipScienceGPSScrambler,1,"Cloaks units within its area of effect 
 
Deploy from: Command Center",
CONTROLBAR:ToolTipGLASneakAttack,1,"Troops can create a tunnel anywhere on the map 
 
 Deploy from: Command Center",
CONTROLBAR:ToolTipSelectAircraftCarriers,1,Select aircraft carrier(s) in order to conveniently launch attacks,
CONTROLBAR:ToolTipSelectBattleships,1,Call in bombardment from offshore Battleship,
CONTROLBAR:ToolTipChinaScienceTankParadrop,1,"Drop Battlemasters from the air 
 
 Rank 1: 1 Battlemaster 
 Rank 2: 2 Battlemasters 
 Rank 3: 4 Battlemasters 
 
 Deploy from: Command Center",
CONTROLBAR:ToolTipChinaScienceInfantryParadrop,1,"Drop Red Guard from the air 
 
 Rank 1: 5 Red Guard 
 Rank 2: 10 Red Guard 
 Rank 3: 15 Red Guard 
 
 Deploy from: Command Center",
TOOLTIP:ChallengeButton,1,Generals' Challenge,
GUI:GeneralsChallenge,1,CHOOSE YOUR GENERAL,
GUI:Biography,1,Biography,
GUI:BioName,1,Name:,
GUI:BioDOB,1,Age:,
GUI:BioBirthplace,1,Stationed:,
GUI:BioStrategy,1,Tactics:,
GUI:BioRank,1,Rank:,
GUI:BioBranch,1,Branch:,
GUI:BioNameEntry_Pos0,1,General Granger,
GUI:BioDOBEntry_Pos0,1,62,
GUI:BioBirthplaceEntry_Pos0,1,"Fort Belmont, Houston, Texas, USA",
GUI:BioStrategyEntry_Pos0,1,Air Power,
GUI:BioRankEntry_Pos0,1,4 Star General,
GUI:BioBranchEntry_Pos0,1,US Air Force,
GUI:BioClassNumber_Pos0,1,07121969-HB,
TOOLTIP:BioStrategyLong_Pos0,1,"General Malcolm ""Ace"" Grainger prefers to utilize the maximum airpower available to defeat his enemies",
GUI:BioDefeatedEntry_Pos0,1,I guess It's time for me to go find a good airline job.,
GUI:BioVictoriousEntry_Pos0,1,"I win, you lose. What more is there to say?",
GUI:BioNameEntry_Pos1,1,Dr. Thrax,
GUI:BioDOBEntry_Pos1,1,Unknown,
GUI:BioBirthplaceEntry_Pos1,1,Unknown,
GUI:BioStrategyEntry_Pos1,1,Toxic weapons,
GUI:BioRankEntry_Pos1,1,Unknown,
GUI:BioBranchEntry_Pos1,1,Unknown,
TOOLTIP:BioStrategyLong_Pos1,1,Dr. Thrax prefers to mix deadly toxins to defeat his enemies,
GUI:BioClassNumber_Pos1,1,Unknown,
GUI:BioDefeatedEntry_Pos1,1,Perhaps I shouldn't have gotten my degree from a mail-order college.,
GUI:BioVictoriousEntry_Pos1,1,"You thought my toxins were ineffective and now look what has happened to you, General.",
GUI:BioNameEntry_Pos2,1,General Tao,
GUI:BioDOBEntry_Pos2,1,50,
GUI:BioBirthplaceEntry_Pos2,1,"Base Ox, Chengdu, China",
GUI:BioStrategyEntry_Pos2,1,Nuclear Weapons,
GUI:BioRankEntry_Pos2,1,"General, Class AAA",
GUI:BioBranchEntry_Pos2,1,PLA,
TOOLTIP:BioStrategyLong_Pos2,1,General Tsing Shi Tao prefers to utilize nuclear radiation to defeat his enemies,
GUI:BioClassNumber_Pos2,1,Not applicable,
GUI:BioDefeatedEntry_Pos2,1,Another moment and I would have reduced you to dust.,
GUI:BioVictoriousEntry_Pos2,1,You are lucky to have survived this battle intact. Challenge me again if you dare.,
GUI:BioNameEntry_Pos3,1,General Alexander,
GUI:BioDOBEntry_Pos3,1,42,
GUI:BioBirthplaceEntry_Pos3,1,"Camp Franklin, Belfast, Maine, USA",
GUI:BioStrategyEntry_Pos3,1,Weapons of Mass Destruction,
GUI:BioRankEntry_Pos3,1,4 Star General,
GUI:BioBranchEntry_Pos3,1,US Marines,
TOOLTIP:BioStrategyLong_Pos3,1,General Alexis Alexander prefers to build heavy base defenses and build superweapons to defeat her enemies,
GUI:BioClassNumber_Pos3,1,178923478-HBGB,
GUI:BioDefeatedEntry_Pos3,1,"It's not fair! One more Super Weapon and I would have beaten you, General. Challenge me again, I dare you.",
GUI:BioVictoriousEntry_Pos3,1,"I told you you'd never beat my Super Weapons, General. Care to try again?",
GUI:BioNameEntry_Pos4,1,General Kwai,
GUI:BioDOBEntry_Pos4,1,51,
GUI:BioBirthplaceEntry_Pos4,1,"Base Rat, Jinan, China",
GUI:BioStrategyEntry_Pos4,1,Advanced Tank Divisions,
GUI:BioRankEntry_Pos4,1,"General, Class AAA",
GUI:BioBranchEntry_Pos4,1,PLA,
TOOLTIP:BioStrategyLong_Pos4,1,General Ta Hun Kwai prefers to construct well built tanks to defeat his enemies,
GUI:BioClassNumber_Pos4,1,9999-3224536-5,
GUI:BioDefeatedEntry_Pos4,1,"You may have defeated my tanks, General, but the Tigress will crush you like an insect.",
GUI:BioVictoriousEntry_Pos4,1,Tanks are the key to any victory... as you well know.,
GUI:BioNameEntry_Pos5,1,General Townes,
GUI:BioDOBEntry_Pos5,1,TBD,
GUI:BioBirthplaceEntry_Pos5,1,"Fort Union, Redwood Shores, California, USA",
GUI:BioStrategyEntry_Pos5,1,Laser Weaponry,
GUI:BioRankEntry_Pos5,1,4 Star General,
GUI:BioBranchEntry_Pos5,1,US Army,
TOOLTIP:BioStrategyLong_Pos5,1,"""Pinpoint"" Townes prefers to utilize cutting edge laser technology to defeat his enemies",
GUI:BioClassNumber_Pos5,1,00010204-01KE0,
GUI:BioDefeatedEntry_Pos5,1,"You defeated me, General, but I will scan your tactics and devise a superior strategy.",
GUI:BioVictoriousEntry_Pos5,1,Your weaknesses became obvious when I scanned your tactics.,
GUI:BioNameEntry_Pos6,1,Prince Kassad,
GUI:BioDOBEntry_Pos6,1,34,
GUI:BioBirthplaceEntry_Pos6,1,"Tripoli, Libya",
GUI:BioStrategyEntry_Pos6,1,Ambush and Camouflage,
GUI:BioRankEntry_Pos6,1,Not Applicable,
GUI:BioBranchEntry_Pos6,1,GLA Cobra cell,
TOOLTIP:BioStrategyLong_Pos6,1,Prince Kassad prefers to use camouflage and covert ops to defeat his enemies,
GUI:BioClassNumber_Pos6,1,Not Applicable,
GUI:BioDefeatedEntry_Pos6,1,"My men will not accept this defeat from their leader, General. You have signed my death warrant with your superior tactics...",
GUI:BioVictoriousEntry_Pos6,1,"Accept your bitter defeat and remove yourself from my sight, General.",
GUI:BioNameEntry_Pos7,1,General Fai,
GUI:BioDOBEntry_Pos7,1,57,
GUI:BioBirthplaceEntry_Pos7,1,"Base Snake, Beijing, China",
GUI:BioStrategyEntry_Pos7,1,Advanced Infantry Divisions,
GUI:BioRankEntry_Pos7,1,"General, Class AAA",
GUI:BioBranchEntry_Pos7,1,PLA,
TOOLTIP:BioStrategyLong_Pos7,1,"General ""Anvil"" Shin Fai prefers to enlist highly trained soldiers to defeat his enemies",
GUI:BioClassNumber_Pos7,1,2030-200403-1,
GUI:BioDefeatedEntry_Pos7,1,TBD,
GUI:BioVictoriousEntry_Pos7,1,TBD,
GUI:BioNameEntry_Pos8,1,General Juhziz,
GUI:BioDOBEntry_Pos8,1,36,
GUI:BioBirthplaceEntry_Pos8,1,Unknown,
GUI:BioStrategyEntry_Pos8,1,Explosives and Bombs,
GUI:BioRankEntry_Pos8,1,Not Applicable,
GUI:BioBranchEntry_Pos8,1,GLA Scorpion Cell,
TOOLTIP:BioStrategyLong_Pos8,1,"General Rodall ""Demo"" Juhziz prefers to wire up powerful explosives to defeat his enemies",
GUI:BioClassNumber_Pos8,1,Not Applicable,
GUI:BioDefeatedEntry_Pos8,1,TBD,
GUI:BioVictoriousEntry_Pos8,1,TBD,
GUI:BioNameEntry_Pos9,1,General Leang,
GUI:BioDOBEntry_Pos9,1,TBD,
GUI:BioBirthplaceEntry_Pos9,1,"Base Dragon, Lanzhou, China",
GUI:BioStrategyEntry_Pos9,1,Unknown,
GUI:BioRankEntry_Pos9,1,"Dragon General, Class AAAA",
GUI:BioBranchEntry_Pos9,1,PL- Elite Forces,
TOOLTIP:BioStrategyLong_Pos9,1,"General ""Tigress"" Leiong Leang demands the use of all other technology to defeat her enemies",
GUI:BioClassNumber_Pos9,1,Unknown,
GUI:BioDefeatedEntry_Pos9,1,This has been an interesting contest. Perhaps you will challenge me again.,
GUI:BioVictoriousEntry_Pos9,1,Improve your skills and challenge me again.,
GUI:BioNameEntry_Pos10,1,TBD,
GUI:BioDOBEntry_Pos10,1,33,
GUI:BioBirthplaceEntry_Pos10,1,TBD,
GUI:BioStrategyEntry_Pos10,1,TBD,
GUI:BioRankEntry_Pos10,1,.,
GUI:BioBranchEntry_Pos10,1,.,
TOOLTIP:BioStrategyLong_Pos10,1,.,
GUI:BioClassNumber_Pos10,1,.,
GUI:BioDefeatedEntry_Pos10,1,TBD,
GUI:BioVictoriousEntry_Pos10,1,TBD,
GUI:BioNameEntry_Pos11,1,TBD,
GUI:BioDOBEntry_Pos11,1,TBD,
GUI:BioBirthplaceEntry_Pos11,1,TBD,
GUI:BioStrategyEntry_Pos11,1,TBD,
GUI:BioRankEntry_Pos11,1,.,
GUI:BioBranchEntry_Pos11,1,.,
TOOLTIP:BioStrategyLong_Pos11,1,.,
GUI:BioClassNumber_Pos11,1,.,
GUI:BioDefeatedEntry_Pos11,1,TBD,
GUI:BioVictoriousEntry_Pos11,1,TBD,
TOOLTIP:BioStrategyLong_GLA,1,The Global Liberation Army prefers underhanded and sneaky tactics to defeat its enemies,
TOOLTIP:BioStrategyLong_China,1,China uses fire and overwhelming numbers to defeat its enemies,
TOOLTIP:BioStrategyLong_USA,1,The USA utilizes high tech weaponry and skill to defeat its enemies,
TOOLTIP:BioStrategyLong_Random,1,This selection will randomly choose a faction,
GUI:ChallengeWinText,1,"Congratulations, you've defeated %s",
GUI:ChallengeLossText,1,You've been defeated by %s,
CREDITS:DevelopmentDirector,1,Development Director,
CREDITS:GeneralManager,1,EALA General Manager,
CREDITS:LeadArtist,1,Lead Artist,
CREDITS:QADirector,1,QA Director,
CREDITS:SrTestLead,1,Sr. Test Lead,
CREDITS:AssistantMultiplayerTestLead,1,Assistant Multiplayer Test Lead,
CREDITS:TestAnalyst,1,Test Analyst,
CREDITS:AssistantProducer,1,Assistant Producer,
CREDITS:CameoPhotoshootStudio,1,Photos shot at Out West Studio,
CREDITS:Models,1,Models,
CREDITS:Actors,1,Actors,
CREDITS:VisualEffectsAndEditing,1,Visual Effects and Editing,
CREDITS:NewsReporterVideos,1,News Reporter Videos,
CREDITS:DirectorOfProductLocalization,1,"Director of Product Localization, EALA",
CREDITS:LocalizationAssistance,1,Localization Assistance,
ACADEMY:Eva,1,Tactical Analysis,
ACADEMY:BuildAllStructures,1,"When you're on the battlefield it's important to utilize all the tools available to you, General. Make sure you build all the structures. You must maintain a strong military force",
ACADEMY:BuildSupplyCenterEarlier,1,"General, one of the most important functions of a strong leader is making sure that the soldiers have plenty of supplies. We suggest that you make sure to build a Supply Center or Stash whenever you begin a mission. Supplies bring you cash and cash brings you victory",
ACADEMY:TryBuildingRadar,1,"The Fog of War surrounds us all. One helpful way to see through the pea soup is via radar. Each faction is unique in how it obtains the eye in the sky. The USA Command Center automatically comes with radar, the Chinese Command Center must be upgraded and the GLA must build a Radar Van from its Arms Dealer",
ACADEMY:BuildMorePeons,1,If you ask any other Generals they'll confirm a simple rule: The grunts make the army. In order to build your base you'll need to put your Dozers or Workers to work. These guys are key to your future success so don't forget them!,
ACADEMY:TryCapturingStructures,1,"General, sometimes it's easier to take what you want rather than work for it. If you build the ""Capture"" upgrade from your Barracks you'll be able to steal enemy structures. There are also Tech Buildings littered around the battlefield that can enhance your army even further",
ACADEMY:SpendGeneralsPoints,1,"With war come the spoils. Every time you destroy an enemy you'll earn your way toward more Generals Points. These can be spent by pressing the ""star"" button on the right side of the Command Bar. Simply open the Generals Points menu and spend your hard earned points on some new war toys",
ACADEMY:TryUsingSuperweapons,1,"What's the use of collecting Generals points if you don't use them? If you've purchased Generals Powers by using your points an icon will pop up on the right side of the screen. Simply press it and watch the fireworks begin. The more points you spend, the more powerful the power",
ACADEMY:TryGarrisoningAStructure,1,"Soldiers can be effective in the open, but are deadlier when garrisoned inside civilian buildings. Select your soldiers and send them into an empty structure. They'll be protected by the walls - unless a Flash Bang, Toxin Tractor or Dragon Tank comes their way",
ACADEMY:IdleBuildingUnits,1,"General, fielding and leading a great army should be your highest goal. Make sure you're building your fighting units by clicking on a Barracks, War Factory, Airfield, etc. and then clicking a respective picture in the bottom Command Bar. It will be money well spent and will help you achieve victory",
ACADEMY:TryDragSelectingUnits,1,"Manipulating your army is one of the trickiest things a General must learn. While you can click on each individual unit, it's usually faster to ""lasso"" a group of units. Simply click and drag the box around the units. They will now be in your control. If you click on another area the units will move to this spot",
ACADEMY:ResearchUpgrades,1,"A great General can make a lot of tanks, but a greater General can make a lot of better tanks. Almost every unit has some form of upgrade. It's often best to spend your money on improving what you already have",
ACADEMY:RanOutOfPower,1,"While the GLA has no need for power, China and the USA eat it up like popcorn. To keep a base running strong a General needs to spend money on plenty of power to supply the war machine. Make sure to build a Cold Fusion Reactor or a Nuclear Reactor for maximum output. Low power can mean a low success rate",
ACADEMY:BuildMoreGatherers,1,"General, make sure you're building plenty of Workers, Supply Trucks or Chinooks to keep your income flowing. You can make extra gatherers by clicking on rescource gatherer's picture in the Supply Center or Stash. Don't be shy about maximizing your resource potential",
ACADEMY:BuildAHero,1,"Jarmen Kell, Col. Burton and Black Lotus can be invaluable to your strategy. These heroes can turn the tide of a battle and are invisible to the enemy. To locate your hero on the radar, look for the cross hair icon. Though you can only build one at a time don't underestimate their importance",
ACADEMY:PickStrategyCenterPlan,1,"The US Strategy Center is a very helpful structure. You should remember to choose the strategy that best fits your gameplan. Search & Destroy, Bombardment and Hold the Line are all excellent ways to give you the edge you need. Along with these overall strategies you can purchase many upgrades from this building",
ACADEMY:UseTunnelNetwork,1,When it comes to the GLA sneaking around the battlefield is their calling card. Tunnel Networks offer defense capabilities but they also allow the player to move around quickly. Simply build a few Tunnel Networks and send your units inside. Click on the structure and you can expel them from any other Tunnel Network anywhere on the map. They are key to the overall GLA strategy,
ACADEMY:UseControlGroups,1,"Managing a large army can be a bit unruly sometimes. One way to manage lots of units easily is by creating a ""control group"". Simply select the group of units in question and press ""Ctrl"" & a number at the same time. Now anytime you press this number, the group of units will be selected. Tap the number twice quickly and the camera view will center over the group",
ACADEMY:UseSecondaryIncomeMethods,1,"General, acquiring supplies later in a mission can be difficult. Each faction has a unique way to gain funds during long battles. China can build Hackers and an Internet Center. You can direct the Hackers to hack the internet for funds anywhere or just send them inside Internet Center to gain money even quicker. The GLA depends on the Black Market and the USA relies on the Supply Drop. If you don't plan ahead you may have shortages",
ACADEMY:ClearBuildings,1,"Garrisoned buildings can be tough to handle - unless you know some tricks. Upgrade your USA Rangers with Flash Bangs, build GLA Toxin Tractors or Chinese Dragon Tanks to quickly clear out these strong points. The USA also can upgrade to the Bunker Buster to even clear out Tunnel Networks!",
ACADEMY:PickUpSalvage,1,"The GLA is a sneaky bunch but they're also resourceful. Whenever the GLA units destroy another vehicle a salvage bonus is left behind. Roll over the salvaged parts to upgrade your units, gain veterancy or get some extra cash. Salvage can make a big difference in a long fight so don't leave it just lying around",
ACADEMY:UseGuardAbility,1,"Sometimes it's important that units stay put and guard a particular area. Simply select the unit and press the ""shield"" button or ""G"" key and then select the area to be guarded. The unit will attack any enemies that enter its guard radius",
ACADEMY:MultipleSupplyCenters,1,"Supplies are the name on the game, General. They can be gathered at Supply Docks littered around the battlefield. While one dock may be enough early on it's usually best to branch out and find a few more during a mission. You'll need to build a Supply Center or Stash close to the Supply Dock to ensure efficient collection",
ACADEMY:GarrionVehicle,1,Some units may enter or steal other vehicles. Stealing vehicles with Hijackers or Terrorists can allow you to sneak into enemy territory,
ACADEMY:UseSelectionHotkeys,1,"General, hotkeys are a great way to enhance your control of your forces. ""E"" will select all of the same unit types on the view screen. If you tap ""E"" twice quickly it will select all the same type across the entire battlefield. ""Q"" will select all your combat units on the map. ""W"" will select all your air units on the map. Give them a try, they'll help you out",
ACADEMY:AlternateMouseInterface,1,"One new addition is the ""Alternate Mouse Interface"" option located in the Options Menu. If you are used to commanding armies using right click as your action button then this may help you get a better handle on your army",
ACADEMY:DoubleClickAttackMoveGuard,1,"General, we have created a new way to direct your army. Simply select your units and double click the destination area. Your units will attack-move to the spot and then guard it. You may enable this through the options menu",
ACADEMY:BuildBarracksSooner,1,In order to create a well balanced force you must build a Barracks earlier in the mission. Infantry can make or break your gameplan so it's best not to forget them,
ACADEMY:BuildWarFactorySooner,1,While infantry and airpower can be great assets nothing quite beats a good tank. Be sure to build a War Factory or Arms Dealer earlier in the mission,
ACADEMY:BuildTechStructureSooner,1,"For the advanced weaponry there is no replacement for a Strategy Center, Propaganda Center or Palace. Don't forget to build one a bit earlier in missions to ensure success",
ACADEMY:NoIncome,1,"General, it's vital to your success that your income flow continues throughout the mission. Too many gaps lead to losing your edge. Make sure you're keeping the supplies rolling in consistently",
ACADEMY:ClearMines,1,Demo Traps and mines can really be the start of a bad day. These sneaky tactics can be combated by using Dozers or Workers to clear these dangerous areas out,
ACADEMY:UnmannedVehicles,1,"General, some units can snipe or remove enemy drivers of a vehicles. When this occurs the vehicles become neutral and can be ""borrowed"" from the enemy. Feel free to go for a ride at your enemy's expense",
ACADEMY:DisguisedUnits,1,Some units can disguise themselves as other units. There is nothing quite as satisfying as rolling a GLA Bomb Truck into an enemy base undetected and causing lots of havoc. Make sure to use this key tactic to further your battle plan,
ACADEMY:StealthUpgrade,1,"Some structures can be upgraded to camouflage, like the GLA Tunnel Network or Stinger Sites. These will be invisible to the enemy until its too late. Surprise!",
ACADEMY:Firestorm,1,China has the unique ability to create a Firestorm when multiple MiGs or Inferno Cannons target a single enemy or area. Make sure to coordinate your attacks for maximum effect,
GUI:HeatEffects,1,Heat Effects,
TOOLTIP:HeatEffects,1,Toggle showing heat distortion effects. Turn off for improved performance,
GUI:WeatherEffects,1,Weather Effects,
TOOLTIP:WeatherEffects,1,Toggle showing weather effects such as snow. Turn off for improved performance,
DIALOGEVENT:EvaChina_AllyUnderAttackSubtitle,1,*Our ally is under attack,
DIALOGEVENT:EvaChina_BaseDefensesOffLineSubtitle,1,*Our base defenses are down,
DIALOGEVENT:EvaChina_BeaconDetectedSubtitle,1,*A beacon has been placed,
DIALOGEVENT:EvaChina_BlackLotusEnemySubtitle,1,*We have discovered an enemy Black Lotus,
DIALOGEVENT:EvaChina_BlackLotusOursSubtitle,1,*Black Lotus has been discovered,
DIALOGEVENT:EvaChina_BuildingBeingCapturedSubtitle,1,*Our building is being captured,
DIALOGEVENT:EvaChina_BuildingDisabledSubtitle,1,*A building has been disabled,
DIALOGEVENT:EvaChina_BuildingEnabledSubtitle,1,*A building has been reenabled,
DIALOGEVENT:EvaChina_BuildingStolenSubtitle,1,*The enemy has captured one of our buildings,
DIALOGEVENT:EvaChina_CashStolenSubtitle,1,"*General, they are stealing our money",
DIALOGEVENT:EvaChina_ColonelBurtonEnemySubtitle,1,*We have discovered an enemy Col. Burton,
DIALOGEVENT:EvaChina_ColonelBurtonOursSubtitle,1,*Col. Burton has been discovered,
DIALOGEVENT:EvaChina_DefeatSubtitle,1,*We have been defeated,
DIALOGEVENT:EvaChina_DetectedNukeSubtitle,1,*Warning: a Nuclear Missile silo has been detected,
DIALOGEVENT:EvaChina_DetectedParticleCannonSubtitle,1,*Warning: a Particle Cannon has been detected,
DIALOGEVENT:EvaChina_DetectedScudStormSubtitle,1,*Warning: a Scud Storm has been detected,
DIALOGEVENT:EvaChina_FundsReceivedSubtitle,1,*We have received funds from our Ally,
DIALOGEVENT:EvaChina_FundsRequestedSubtitle,1,*You have requested funds from your Ally,
DIALOGEVENT:EvaChina_FundsRequestedAllySubtitle,1,*Your ally is requesting funds,
DIALOGEVENT:EvaChina_FundsTransferredSubtitle,1,*We have transferred funds to our Ally,
DIALOGEVENT:EvaChina_GeneralLevelUpSubtitle,1,*Congratulations general. You have been promoted,
DIALOGEVENT:EvaChina_GPSScramblerLaunchedSubtitle,1,*Warning. A GPS Scrambler has been activated,
DIALOGEVENT:EvaChina_IncomingAnthraxSubtitle,1,*Warning: An anthrax bomb has been launched,
DIALOGEVENT:EvaChina_IncomingDaisyCutterSubtitle,1,*Warning: A Daisy Cutter has been launched,
DIALOGEVENT:EvaChina_IncomingEmpPulseSubtitle,1,*Warning: An EMP Pulse Bomb has been launched,
DIALOGEVENT:EvaChina_IncomingFuelAirBombSubtitle,1,*Warning: A Fuel Air bomb has been launched,
DIALOGEVENT:EvaChina_InsufficientFundsSubtitle,1,*We need more funds,
DIALOGEVENT:EvaChina_JarmenKellEnemySubtitle,1,*We have discovered an enemy Jarmen Kell,
DIALOGEVENT:EvaChina_JarmenKellOursSubtitle,1,*Jarmen Kell has been discovered,
DIALOGEVENT:EvaChina_LaserDefenseSpeechSubtitle,1,"*General, our opponent has a stronghold in the middle of the city. His laser defense system is devastating, but requires lots of power. He will be forced to divert his power to one point of defense at a time. Use this to your advantage",
DIALOGEVENT:EvaChina_LaunchedNukeSubtitle,1,*Warning: a Nuclear Missile has been launched,
DIALOGEVENT:EvaChina_LaunchedParticleCannonSubtitle,1,*Warning: Particle Cannon detected,
DIALOGEVENT:EvaChina_LaunchedScudStormSubtitle,1,*Warning: Scud Storm has been launched,
DIALOGEVENT:EvaChina_LowPowerSubtitle,1,*Our power is low,
DIALOGEVENT:EvaChina_NuclearMissileDetectedAllySubtitle,1,*Our ally has built a Nuclear Missile Silo,
DIALOGEVENT:EvaChina_NuclearMissileLaunchedAllySubtitle,1,*Our ally has launched a Nuclear Missile,
DIALOGEVENT:EvaChina_NuclearMissileLaunchedOursSubtitle,1,*We have launched our Nuclear Missile,
DIALOGEVENT:EvaChina_NuclearMissileReadySubtitle,1,*Our Nuclear Missile is ready General,
DIALOGEVENT:EvaChina_OpinionCivilianStructures01Subtitle,1,*General. Be careful that civilian structures are not destroyed,
DIALOGEVENT:EvaChina_OpinionCivilianStructures02Subtitle,1,*Destroying civilian structures will adversely affect our International Opinion!,
DIALOGEVENT:EvaChina_OpinionDestroyStatuesSubtitle,1,"*Destroy the GLA statues to increase International Opinion, sir",
DIALOGEVENT:EvaChina_OpinionDestroyStructuresSubtitle,1,*Sir. Destroying enemy structures will increase International Opinion of us,
DIALOGEVENT:EvaChina_OpinionDestroyTroopsSubtitle,1,*Destroy more enemy troops to Increase International Opinion,
DIALOGEVENT:EvaChina_OpinionFallingSubtitle,1,*Our International Opinion is falling!,
DIALOGEVENT:EvaChina_OpinionLowSubtitle,1,*Our International Opinion is becoming low,
DIALOGEVENT:EvaChina_OpinionLowCriticalSubtitle,1,*Our International Opinion is critically low!,
DIALOGEVENT:EvaChina_OpinionLowVerySubtitle,1,*Our International Opinion is very low,
DIALOGEVENT:EvaChina_OpinionProtectCivilianSubtitle,1,*Protect civilian holdings from harm,
DIALOGEVENT:EvaChina_OpinionRisingSubtitle,1,*Our International Opinion is rising!,
DIALOGEVENT:EvaChina_ParticleCannonDetectedAllySubtitle,1,*Our ally has built a Particle Cannon,
DIALOGEVENT:EvaChina_ParticleCannonLaunchedAllySubtitle,1,*Our Ally has activated their Particle Cannon,
DIALOGEVENT:EvaChina_ParticleCannonLaunchedOursSubtitle,1,*Our Particle Cannon has been activated,
DIALOGEVENT:EvaChina_ParticleCannonReadySubtitle,1,*Our Particle Cannon is ready General,
DIALOGEVENT:EvaChina_ReinforcementsHaveArrivedSubtitle,1,*Reinforcements have arrived,
DIALOGEVENT:EvaChina_ScudStormDetectedAllySubtitle,1,*Our ally has built a Scud Storm,
DIALOGEVENT:EvaChina_ScudStormLaunchedAllySubtitle,1,*Our ally has launched their Scud Storm,
DIALOGEVENT:EvaChina_ScudStormLaunchedOursSubtitle,1,*Our Scud Storm has been launched,
DIALOGEVENT:EvaChina_ScudStormReadySubtitle,1,*Our Scud Storm is ready General,
DIALOGEVENT:EvaChina_SelectTargetSubtitle,1,*Select target,
DIALOGEVENT:EvaChina_SneakAttackLaunchedSubtitle,1,*Warning. A Sneak Attack has been detected,
DIALOGEVENT:EvaChina_UnitLostSubtitle,1,*Unit lost,
DIALOGEVENT:EvaChina_UpgradeCompleteSubtitle,1,*Upgrade complete,
DIALOGEVENT:EvaChina_UpgradeEMPminesSubtitle,1,*Neutron Mines upgrade is complete,
DIALOGEVENT:EvaChina_UpgradeNeutronShellSubtitle,1,*Neutron Shell upgrade is complete,
DIALOGEVENT:EvaChina_VehicleStolenSubtitle,1,*A vehicle has been stolen,
DIALOGEVENT:EvaChina_VictorySubtitle,1,*We are victorious,
DIALOGEVENT:EvaGLA_AllyUnderAttackSubtitle,1,*Our ally is under attack,
DIALOGEVENT:EvaGLA_BaseDefensesOffLineSubtitle,1,*Our base defenses are not working,
DIALOGEVENT:EvaGLA_BeaconDetectedSubtitle,1,*A beacon has been placed,
DIALOGEVENT:EvaGLA_BlackLotusEnemySubtitle,1,*We have discovered an enemy Black Lotus,
DIALOGEVENT:EvaGLA_BlackLotusOursSubtitle,1,*Our Jarmen Kell has been seen by the enemy,
DIALOGEVENT:EvaGLA_BuildingBeingCapturedSubtitle,1,"*General, they are stealing our money",
DIALOGEVENT:EvaGLA_BuildingDisabledSubtitle,1,*A building has stopped working,
DIALOGEVENT:EvaGLA_BuildingEnabledSubtitle,1,*Our building is working again,
DIALOGEVENT:EvaGLA_BuildingStolenSubtitle,1,*They have taken control of our building,
DIALOGEVENT:EvaGLA_CashStolenSubtitle,1,"*General, they are stealing our money",
DIALOGEVENT:EvaGLA_ColonelBurtonEnemySubtitle,1,*We have discovered an enemy Col. Burton,
DIALOGEVENT:EvaGLA_ColonelBurtonOursSubtitle,1,*Our Colonel Burton has been seen by the enemy,
DIALOGEVENT:EvaGLA_DefeatSubtitle,1,*We have been defeated,
DIALOGEVENT:EvaGLA_DetectedNukeSubtitle,1,"*Be careful, we have spotted a Nuclear Missile Silo",
DIALOGEVENT:EvaGLA_DetectedParticleCannonSubtitle,1,"*Be on guard, we have exposed an enemy Particle Cannon",
DIALOGEVENT:EvaGLA_DetectedScudStormSubtitle,1,"*Be careful, the enemy has built a Scud Storm",
DIALOGEVENT:EvaGLA_EliteGuardUpgrade01Subtitle,1,*Our structures will be guarded now,
DIALOGEVENT:EvaGLA_EliteGuardUpgrade02Subtitle,1,*We are upgrading to Elite Guard,
DIALOGEVENT:EvaGLA_EliteGuardUpgrade03Subtitle,1,*The Elite Guard are protecting our buildings now,
DIALOGEVENT:EvaGLA_FundsReceivedSubtitle,1,*We have received funds from our Ally,
DIALOGEVENT:EvaGLA_FundsRequestedSubtitle,1,*You have requested funds from your Ally,
DIALOGEVENT:EvaGLA_FundsRequestedAllySubtitle,1,*Your ally is requesting funds,
DIALOGEVENT:EvaGLA_FundsTransferredSubtitle,1,*We have transferred funds to our Ally,
DIALOGEVENT:EvaGLA_GeneralLevelUpSubtitle,1,*Well done general. You have reached a higher rank,
DIALOGEVENT:EvaGLA_GPSScramblerLaunchedSubtitle,1,"*General, our enemy is using their GPS Scrambler",
DIALOGEVENT:EvaGLA_IncomingAnthraxSubtitle,1,"*Be on alert, an Anthrax Bomb may be approaching",
DIALOGEVENT:EvaGLA_IncomingDaisyCutterSubtitle,1,*Be on alert. A Daisy Cutter bomb may be approaching,
DIALOGEVENT:EvaGLA_IncomingEmpPulseSubtitle,1,*Be on alert. An EMP Pulse bomb may be approaching,
DIALOGEVENT:EvaGLA_IncomingFuelAirBombSubtitle,1,*Be on alert. A fuel-Air bomb may be approaching,
DIALOGEVENT:EvaGLA_InsufficientFundsSubtitle,1,"*We will need more funds, general",
DIALOGEVENT:EvaGLA_JarmenKellEnemySubtitle,1,*We have discovered an enemy Jarmen Kell,
DIALOGEVENT:EvaGLA_JarmenKellOursSubtitle,1,*Our Black Lotus has been seen by the enemy,
DIALOGEVENT:EvaGLA_LaserDefenseSpeechSubtitle,1,"*General, our opponent has a stronghold in the middle of the city. His laser defense system is devastating, but requires lots of power. He will be forced to divert his power to one point of defense at a time. Use this to your advantage",
DIALOGEVENT:EvaGLA_LaunchedNukeSubtitle,1,"*General, A Nuclear Missile has been released!",
DIALOGEVENT:EvaGLA_LaunchedParticleCannonSubtitle,1,"*General, Our enemy is using their Particle Cannon",
DIALOGEVENT:EvaGLA_LaunchedScudStormSubtitle,1,"*General, A Scud Storm has been launched",
DIALOGEVENT:EvaGLA_LowPowerSubtitle,1,*Our power is low,
DIALOGEVENT:EvaGLA_NuclearMissileDetectedAllySubtitle,1,*Our ally has built a nuclear missile silo,
DIALOGEVENT:EvaGLA_NuclearMissileLaunchedAllySubtitle,1,*Our ally has launched a Nuclear Missile,
DIALOGEVENT:EvaGLA_NuclearMissileLaunchedOursSubtitle,1,*Launching Nuclear Missile,
DIALOGEVENT:EvaGLA_NuclearMissileReadySubtitle,1,*Our Nuclear missile is ready for launch,
DIALOGEVENT:EvaGLA_OpinionCivilianStructures01Subtitle,1,*General. Be careful that civilian structures are not destroyed,
DIALOGEVENT:EvaGLA_OpinionCivilianStructures02Subtitle,1,*Destroying civilian structures will adversely affect our International Opinion!,
DIALOGEVENT:EvaGLA_OpinionDestroyStatuesSubtitle,1,"*Destroy the GLA's statues to increase our International Opinion, sir",
DIALOGEVENT:EvaGLA_OpinionDestroyStructuresSubtitle,1,*Sir. Destroying enemy structures will increase International Opinion of us,
DIALOGEVENT:EvaGLA_OpinionDestroyTroopsSubtitle,1,*Destroy more enemy troops to Increase International Opinion,
DIALOGEVENT:EvaGLA_OpinionFallingSubtitle,1,*Our International Opinion is falling!,
DIALOGEVENT:EvaGLA_OpinionLowSubtitle,1,*Our International Opinion is becoming low,
DIALOGEVENT:EvaGLA_OpinionLowCriticalSubtitle,1,*Our International Opinion is critically low!,
DIALOGEVENT:EvaGLA_OpinionLowVerySubtitle,1,*Our International Opinion is very low,
DIALOGEVENT:EvaGLA_OpinionProtectCivilianSubtitle,1,*Protect civilian holdings from harm,
DIALOGEVENT:EvaGLA_OpinionRisingSubtitle,1,*Our International Opinion is rising!,
DIALOGEVENT:EvaGLA_ParticleCannonDetectedAllySubtitle,1,*Our ally has built a Particle Cannon,
DIALOGEVENT:EvaGLA_ParticleCannonLaunchedAllySubtitle,1,*Our ally is using their Particle Cannon,
DIALOGEVENT:EvaGLA_ParticleCannonLaunchedOursSubtitle,1,*Releasing Particle Cannon,
DIALOGEVENT:EvaGLA_ParticleCannonReadySubtitle,1,*Our Particle Cannon is ready,
DIALOGEVENT:EvaGLA_ReinforcementsHaveArrivedSubtitle,1,*More warriors have come to our aid,
DIALOGEVENT:EvaGLA_ScudStormDetectedAllySubtitle,1,*Our ally has built a Scud Storm,
DIALOGEVENT:EvaGLA_ScudStormLaunchedAllySubtitle,1,*Our ally has launched a Scud Storm,
DIALOGEVENT:EvaGLA_ScudStormLaunchedOursSubtitle,1,*Launching Scud Storm,
DIALOGEVENT:EvaGLA_ScudStormReadySubtitle,1,*We can now use our Scud Storm,
DIALOGEVENT:EvaGLA_SelectTargetSubtitle,1,*Where shall we strike?,
DIALOGEVENT:EvaGLA_SneakAttackLaunchedSubtitle,1,"*General, our enemy is using their Sneak Attack",
DIALOGEVENT:EvaGLA_UnitLostSubtitle,1,*A warrior has fallen,
DIALOGEVENT:EvaGLA_UpgradeCompleteSubtitle,1,*Upgrade complete,
DIALOGEVENT:EvaGLA_VehicleStolenSubtitle,1,*They have stolen a vehicle,
DIALOGEVENT:EvaGLA_VictorySubtitle,1,*We are victorious,
DIALOGEVENT:EvaUSA_AllyUnderAttackSubtitle,1,*Our ally is under attack,
DIALOGEVENT:EvaUSA_BaseDefensesOffLineSubtitle,1,*Base defenses off-line,
DIALOGEVENT:EvaUSA_BeaconDetectedSubtitle,1,*Beacon detected,
DIALOGEVENT:EvaUSA_BlackLotusEnemySubtitle,1,*Enemy Jarmen Kell detected,
DIALOGEVENT:EvaUSA_BlackLotusOursSubtitle,1,*Our Jarmen Kell has been detected,
DIALOGEVENT:EvaUSA_BuildingBeingCapturedSubtitle,1,*Our building is being captured,
DIALOGEVENT:EvaUSA_BuildingDisabledSubtitle,1,*Building Offline,
DIALOGEVENT:EvaUSA_BuildingEnabledSubtitle,1,*Building is back online,
DIALOGEVENT:EvaUSA_BuildingStolenSubtitle,1,*Building Stolen,
DIALOGEVENT:EvaUSA_CashStolenSubtitle,1,"*General, they are stealing our money",
DIALOGEVENT:EvaUSA_ColonelBurtonEnemySubtitle,1,*Enemy Colonel Burton detected,
DIALOGEVENT:EvaUSA_ColonelBurtonOursSubtitle,1,*Our Colonel Burton has been detected,
DIALOGEVENT:EvaUSA_DefeatSubtitle,1,*You have been defeated,
DIALOGEVENT:EvaUSA_DetectedNukeSubtitle,1,*Warning: Nuclear Missile silo detected,
DIALOGEVENT:EvaUSA_DetectedParticleCannonSubtitle,1,*Warning: Particle Cannon detected,
DIALOGEVENT:EvaUSA_DetectedScudStormSubtitle,1,*Warning: Scud Storm detected,
DIALOGEVENT:EvaUSA_FundsReceivedSubtitle,1,*We have received funds from our Ally,
DIALOGEVENT:EvaUSA_FundsRequestedSubtitle,1,*You have requested funds from your Ally,
DIALOGEVENT:EvaUSA_FundsRequestedAllySubtitle,1,*Your ally is requesting funds,
DIALOGEVENT:EvaUSA_FundsTransferredSubtitle,1,*We have transferred funds to our Ally,
DIALOGEVENT:EvaUSA_GeneralLevelUpSubtitle,1,*Congratulations general. You have been promoted,
DIALOGEVENT:EvaUSA_GPSScramblerLaunchedSubtitle,1,*Warning. GPS Scrambler Detected,
DIALOGEVENT:EvaUSA_HeroDiscoveredEnemySubtitle,1,*An enemy hero has been discovered,
DIALOGEVENT:EvaUSA_HeroDiscoveredOursSubtitle,1,*One of our Heroes has been discovered,
DIALOGEVENT:EvaUSA_IncomingAnthraxSubtitle,1,*Anthrax Bomb detected,
DIALOGEVENT:EvaUSA_IncomingDaisyCutterSubtitle,1,*Daisy Cutter bomb detected,
DIALOGEVENT:EvaUSA_IncomingEmpPulseSubtitle,1,*EMP Pulse bomb detected,
DIALOGEVENT:EvaUSA_IncomingFuelAirBombSubtitle,1,*Fuel Air bomb detected,
DIALOGEVENT:EvaUSA_InsufficientFundsSubtitle,1,*Insufficient funds,
DIALOGEVENT:EvaUSA_JarmenKellEnemySubtitle,1,*Enemy Black Lotus detected,
DIALOGEVENT:EvaUSA_JarmenKellOursSubtitle,1,*Our Black Lotus has been detected,
DIALOGEVENT:EvaUSA_LaserDefenseSpeechSubtitle,1,"*General, our opponent has a stronghold in the middle of the city. His laser defense system is devastating, but requires lots of power. He will be forced to divert his power to one point of defense at a time. Use this to your advantage",
DIALOGEVENT:EvaUSA_LaunchedNukeSubtitle,1,*Warning: Nuclear Missile launched,
DIALOGEVENT:EvaUSA_LaunchedParticleCannonSubtitle,1,*Warning: Particle Cannon activated,
DIALOGEVENT:EvaUSA_LaunchedScudStormSubtitle,1,*Warning: Scud Storm launched,
DIALOGEVENT:EvaUSA_LowPowerSubtitle,1,*Low power,
DIALOGEVENT:EvaUSA_NuclearMissileDetectedAllySubtitle,1,*Allied Nuclear Silo detected,
DIALOGEVENT:EvaUSA_NuclearMissileLaunchedAllySubtitle,1,*Allied Nuclear Missile launched,
DIALOGEVENT:EvaUSA_NuclearMissileLaunchedOursSubtitle,1,*Nuclear Missile launched,
DIALOGEVENT:EvaUSA_NuclearMissileReadySubtitle,1,*Nuclear Missile ready,
DIALOGEVENT:EvaUSA_OpinionCivilianStructures01Subtitle,1,*General. Be careful that civilian structures are not destroyed,
DIALOGEVENT:EvaUSA_OpinionCivilianStructures02Subtitle,1,*Destroying civilian structures will adversely affect our International Opinion!,
DIALOGEVENT:EvaUSA_OpinionDestroyStatuesSubtitle,1,"*Destroy the GLA statues to increase International Opinion, sir",
DIALOGEVENT:EvaUSA_OpinionDestroyStructuresSubtitle,1,*Sir. Destroying enemy structures will increase International Opinion of us,
DIALOGEVENT:EvaUSA_OpinionDestroyTroopsSubtitle,1,*Destroy more enemy troops to Increase International Opinion,
DIALOGEVENT:EvaUSA_OpinionFallingSubtitle,1,*Our International Opinion is falling!,
DIALOGEVENT:EvaUSA_OpinionLowSubtitle,1,*Our International Opinion is becoming low,
DIALOGEVENT:EvaUSA_OpinionLowCriticalSubtitle,1,*Our International Opinion is critically low!,
DIALOGEVENT:EvaUSA_OpinionLowVerySubtitle,1,*Our International Opinion is very low,
DIALOGEVENT:EvaUSA_OpinionProtectCivilianSubtitle,1,*Protect civilian holdings from harm,
DIALOGEVENT:EvaUSA_OpinionRisingSubtitle,1,*Our International Opinion is rising!,
DIALOGEVENT:EvaUSA_ParticleCannonDetectedAllySubtitle,1,*Allied Particle Cannon detected,
DIALOGEVENT:EvaUSA_ParticleCannonLaunchedAllySubtitle,1,*Allied Particle Cannon activated,
DIALOGEVENT:EvaUSA_ParticleCannonLaunchedOursSubtitle,1,*Particle Cannon activated,
DIALOGEVENT:EvaUSA_ParticleCannonReadySubtitle,1,*Particle Cannon ready,
DIALOGEVENT:EvaUSA_ReinforcementsHaveArrivedSubtitle,1,*Reinforcements have arrived,
DIALOGEVENT:EvaUSA_ScudStormDetectedAllySubtitle,1,*Allied Scud Storm detected,
DIALOGEVENT:EvaUSA_ScudStormLaunchedAllySubtitle,1,*Allied Scud Storm launched,
DIALOGEVENT:EvaUSA_ScudStormLaunchedOursSubtitle,1,*Scud Storm launched,
DIALOGEVENT:EvaUSA_ScudStormReadySubtitle,1,*Scud Storm ready,
DIALOGEVENT:EvaUSA_SelectTargetSubtitle,1,*Select target,
DIALOGEVENT:EvaUSA_SneakAttackLaunchedSubtitle,1,*Warning. Sneak Attack detected,
DIALOGEVENT:EvaUSA_UnitLostSubtitle,1,*Unit lost,
DIALOGEVENT:EvaUSA_UpgradeCompleteSubtitle,1,*Upgrade complete,
DIALOGEVENT:EvaUSA_UpgradeControlRodSubtitle,1,*Control Rod upgrade complete,
DIALOGEVENT:EvaUSA_UpgradeControlRodAdvancedSubtitle,1,*Advanced Control Rods upgrade complete,
DIALOGEVENT:EvaUSA_UpgradeMoabSubtitle,1,*Moab upgrade complete,
DIALOGEVENT:EvaUSA_UpgradeSentryDroneSubtitle,1,*Sentry Drone upgrade complete,
DIALOGEVENT:EvaUSA_VehicleStolenSubtitle,1,*Vehicle Stolen,
DIALOGEVENT:EvaUSA_VictorySubtitle,1,*You are victorious,
DIALOGEVENT:MisCHI01xBrf01Subtitle,1,"*General, the GLA managed to defeat the US forces in this area. We launched a devastating counter attack, but like roaches they are still alive",
DIALOGEVENT:MisCHI01xBrf02Subtitle,1,*Even now the GLA survivors are rebuilding,
DIALOGEVENT:MisCHI01xBrf03Subtitle,1,*To finally eliminate the GLA we must send in our forces and root them out of every dark corner in which they hide,
DIALOGEVENT:MisCHI01xBrf04Subtitle,1,"*General, our new Listening Outposts are stationed in the area. They are at your disposal",
DIALOGEVENT:MisCHI01xBrf05Subtitle,1,"*The Listening Outpost itself is unarmed, however its passengers can fire on enemies that venture too close. You will find its long sight range and stealth ability greatly enhances battlefield awareness",
DIALOGEVENT:MisCHI01xChat01Subtitle,1,*No GLA will slip past our garrison,
DIALOGEVENT:MisCHI01xChat02Subtitle,1,*Toxin Tractors! They're trying to poison us allwe need support!,
DIALOGEVENT:MisCHI01xChat03Subtitle,1,*LookOil Derricksshould we capture them?,
DIALOGEVENT:MisCHI01xChat04Subtitle,1,*GLA in your home? Apply a little fireno more GLA,
DIALOGEVENT:MisCHI01xChat05Subtitle,1,*The GLA are rebuilding over therestand ready to attack,
DIALOGEVENT:MisCHI01xChat06Subtitle,1,*We will win this dayeveryone advance,
DIALOGEVENT:MisCHI01xCin01aSubtitle,1,*I did not think the United States would be defeated so easily,
DIALOGEVENT:MisCHI01xCin01bSubtitle,1,*I do not understand why the United States has allowed this to happen,
DIALOGEVENT:MisCHI01xCin01cSubtitle,1,*This can not be allowed to stand. China will make things right,
DIALOGEVENT:MisCHI01xCin01dSubtitle,1,*The GLA's treacherous use of our resources against the Americans has caused great embarrassment to China. They must pay for their insolence,
DIALOGEVENT:MisCHI01xCin02Subtitle,1,*The missiles are prepared and ready for launchfinal countdown started,
DIALOGEVENT:MisCHI01xCin03Subtitle,1,*321 Missiles are away,
DIALOGEVENT:MisCHI01xCin04Subtitle,1,"*They believe they have won the day, but they celebrate too soon",
DIALOGEVENT:MisCHI01xCin05Subtitle,1,*It is pretty when used for the right reasons,
DIALOGEVENT:MisCHI01xCin06Subtitle,1,*GLA survivors are running to town for coverthey must be stopped!,
DIALOGEVENT:MisCHI01xCin07Subtitle,1,*We are in positionbomb bay doors open,
DIALOGEVENT:MisCHI01xCin08Subtitle,1,*We have spotted survivors. Ground assault will be necessary,
DIALOGEVENT:MisCHI01xXO01Subtitle,1,"*General, our former base in the region was overrun by the GLA. You will need to construct a new base before you can engage the enemy",
DIALOGEVENT:MisCHI01xXO02Subtitle,1,*May I suggest that you garrison several of the nearby buildings to defend our base,
DIALOGEVENT:MisCHI01xXO03Subtitle,1,"*General, the GLA has garrisoned several buildings throughout the town. Perhaps you could use a Dragon tank to clear out those garrisons",
DIALOGEVENT:MisCHI01xXO04Subtitle,1,"*General, the GLA is moving Toxin Tractors towards our garrisoned buildings. If those tractors attack those buildings, everyone inside will be eliminated",
DIALOGEVENT:MisCHI01xXO05Subtitle,1,*The GLA are using these Oil Derricks to fund their forces. One of our Red Guard could capture those derricks. The proceeds would help defeat the GLA,
DIALOGEVENT:MisCHI01xXO06Subtitle,1,"*General, is it wise to destroy these Oil Derricks? They would provide valuable resources for us. One of our Red Guard could capture them",
DIALOGEVENT:MisCHI01xXO07Subtitle,1,"*You have caught them off-guard, General. One of your Red Guard could capture their buildings before they are able to respond",
DIALOGEVENT:MisCHI01xXO08Subtitle,1,"*Now that you have re-established our base of operations, it is time to root out all remaining GLA forces in the area",
DIALOGEVENT:MisCHI01xXO09Subtitle,1,"*Congratulations, General. You have freed the town of all GLA forces. Once you have wiped out their final base, your mission will be complete",
DIALOGEVENT:MisChi02Lin13Subtitle,1,"*The Terrorist threat is finished. Good work, General",
DIALOGEVENT:MisCHI02xBrf01Subtitle,1,"*General, the GLA are attempting to steal the nuclear warheads stored at this facility",
DIALOGEVENT:MisCHI02xBrf01aSubtitle,1,"*General, the GLA are attempting to destroy our main nuclear power plant",
DIALOGEVENT:MisCHI02xBrf02Subtitle,1,*Our brave soldiers held off their attack but at great cost and the GLA is still out there,
DIALOGEVENT:MisCHI02xBrf03Subtitle,1,*You must hold off the GLA and insure that every one of our Bunkers is protected,
DIALOGEVENT:MisCHI02xBrf03aSubtitle,1,*You must hold off the GLA to insure that the facility is not destroyed,
DIALOGEVENT:MisCHI02xBrf04Subtitle,1,"*We have several new technologies that should be of great benefit to your mission, General",
DIALOGEVENT:MisCHI02xBrf05Subtitle,1,"*Our Nuclear Cannons are now upgraded to fire neutron shells. These new shells effectively eliminate soldiers and vehicle drivers. Once the radiation has cleared, one of our infantrymen can then capture the surviving vehicles",
DIALOGEVENT:MisCHI02xBrf06Subtitle,1,"*Our buildings can now upgrade to Neutron mines. While still effective against infantry, they will also temporarily incapacitate enemy vehicles",
DIALOGEVENT:MisCHI02xBrf07aSubtitle,1,"*General, your reinforcements will arrive in 15 minutes",
DIALOGEVENT:MisCHI02xBrf07bSubtitle,1,"*General, your reinforcements will arrive in 10 minutes",
DIALOGEVENT:MisCHI02xBrf07cSubtitle,1,"*General, your reinforcements will arrive in 5 minutes",
DIALOGEVENT:MisCHI02xBrf07dSubtitle,1,"*General, your reinforcements will arrive soon",
DIALOGEVENT:MisCHI02xChat01Subtitle,1,*Enemy forces sighted. We will hold them back,
DIALOGEVENT:MisCHI02xChat02Subtitle,1,*We're taking fire on the right flanksupport is needed here,
DIALOGEVENT:MisCHI02xChat03Subtitle,1,*They are behind usdirect all fire to the south!,
DIALOGEVENT:MisCHI02xChat04Subtitle,1,"*GLA base in rangeall teams ready to attack, General",
DIALOGEVENT:MisCHI02xChat05Subtitle,1,"*Enemy buildings on that ridge. Give the word, General, and we will roll over them",
DIALOGEVENT:MisCHI02xChat06Subtitle,1,*Watch those RPG Troopers! We need help!,
DIALOGEVENT:MisCHI02xChat07Subtitle,1,"*General, we are over the target area now and have commenced bombing",
DIALOGEVENT:MisCHI02xChat08Subtitle,1,*Rolling out the carpetof bombs. Heheh,
DIALOGEVENT:MisCHI02xChat09Subtitle,1,*Enemy air defenses are thick herewe are taking heavy damage,
DIALOGEVENT:MisCHI02xChat10Subtitle,1,*Stinger sites have locked onto uswe are in trouble!,
DIALOGEVENT:MisCHI02xChat11Subtitle,1,"*Stop that Rebel, he's trying to capture our bunker!",
DIALOGEVENT:MisCHI02xChat12Subtitle,1,"*It isn't a Battlemaster, but it will have to do",
DIALOGEVENT:MisCHI02xChat13Subtitle,1,*I prefer my Gattling Tank,
DIALOGEVENT:MisCHI02xChat14Subtitle,1,*Another GLA wave!,
DIALOGEVENT:MisCHI02xChat15Subtitle,1,*We must protect our bunkers!,
DIALOGEVENT:MisCHI02xChat15aSubtitle,1,*We must protect the nuclear reactor!,
DIALOGEVENT:MisCHI02xChat16Subtitle,1,*Now we will show them how to attack a base!,
DIALOGEVENT:MisCHI02xChat17Subtitle,1,*Reinforcements! We are glad to see you!,
DIALOGEVENT:MisCHI02xChat18Subtitle,1,"*We are ready for your orders, General. Where do you need us?",
DIALOGEVENT:MisCHI02xCin01Subtitle,1,*We must be on our guard. Reports say the GLA might attack as revenge for our entering the war,
DIALOGEVENT:MisCHI02xCin01aSubtitle,1,*I don't feel safe guarding this nuclear plant,
DIALOGEVENT:MisCHI02xCin01bSubtitle,1,*Yah. I wish I had joined up with the air force instead,
DIALOGEVENT:MisCHI02xCin01dSubtitle,1,*Surely after our recent victory they would not dare to attack us here,
DIALOGEVENT:MisCHI02xCin01cSubtitle,1,*Their food is much better. And they get to wear those fancy helmets,
DIALOGEVENT:MisCHI02xCin02Subtitle,1,*GLA forces! We're under attack!,
DIALOGEVENT:MisCHI02xCin03Subtitle,1,*They're everywhere! We're being overrun,
DIALOGEVENT:MisCHI02xCin04Subtitle,1,*Another wave! We need reinforcements!,
DIALOGEVENT:MisCHI02xCin04aSubtitle,1,*Another wave! They've got bomb trucks and terrorists! We need reinforcements!,
DIALOGEVENT:MisCHI02xCin04bSubtitle,1,*Another wave! They're using suicide tactics! Where are those reinforcements?!,
DIALOGEVENT:MisCHI02xCin05Subtitle,1,*We've lost the airfield!,
DIALOGEVENT:MisCHI02xCin06Subtitle,1,*They're trying to get to the storage bunkers! Protect them at all costs!,
DIALOGEVENT:MisCHI02xCin06aSubtitle,1,*They're trying to get to the main reactor! Protect it at all costs!,
DIALOGEVENT:MisCHI02xCin07Subtitle,1,*The Command Centerthey got the Command Center,
DIALOGEVENT:MisCHI02xCin08Subtitle,1,*We held remaining forces report in,
DIALOGEVENT:MisCHI02xCin09Subtitle,1,*Not much left. We're going to need reinforcements,
DIALOGEVENT:MisCHI02xCin10Subtitle,1,"*The message got through, but we'll have to hold until they get here",
DIALOGEVENT:MisCHI02xXO01Subtitle,1,"*General, our reinforcements have arrived!",
DIALOGEVENT:MisCHI02xXO02Subtitle,1,"*General, GLA forces are attacking the bunkers",
DIALOGEVENT:MisCHI02xXO02aSubtitle,1,"*General, GLA forces are attacking the nuclear plant!",
DIALOGEVENT:MisCHI02xXO03Subtitle,1,*The GLA is attempting to capture one of our bunkers,
DIALOGEVENT:MisCHI02xXO04Subtitle,1,"*General, this bunker is badly damaged. May I suggest it be repaired before another GLA attack",
DIALOGEVENT:MisCHI02xXO04aSubtitle,1,"*General, our nuclear plant is badly damaged. May I suggest it be repaired before another GLA attack",
DIALOGEVENT:MisCHI02xXO05Subtitle,1,"*General, that last attack severely weakened several bunkers. If one of them is destroyed, the GLA will win this encounter",
DIALOGEVENT:MisCHI02xXO05aSubtitle,1,"*General, that last attack severely weakened the nuclear plant. If it is destroyed, we will fail our mission!",
DIALOGEVENT:MisCHI02xXO06Subtitle,1,*WarningGLA forces moving towards the bunkers,
DIALOGEVENT:MisCHI02xXO06aSubtitle,1,*WarningGLA forces are moving towards the power plant!,
DIALOGEVENT:MisCHI02xXO07Subtitle,1,"*General, I've made contact with one of our spy outposts. They are under GLA attack. If we can rescue them, I can patch into their system and we will be able to call in carpet bombers",
DIALOGEVENT:MisCHI02xXO08Subtitle,1,"*General, if you can secure that spy outpost, it will allow you to direct carpet bombing runs on the GLA forces",
DIALOGEVENT:MisCHI02xXO09Subtitle,1,"*General, now that our reinforcements have arrived it is time to eliminate the GLA from this area",
DIALOGEVENT:MisChi03RedChat12Subtitle,1,*To battle!,
DIALOGEVENT:MisChi03RedChat19Subtitle,1,*Bring in the tanks! Level them!,
DIALOGEVENT:MisCHI03xBrf01Subtitle,1,"*Greetings, Commander. Now that we have thwarted the GLA's counterattack, it is time to press our advantage!",
DIALOGEVENT:MisCHI03xBrf02Subtitle,1,*We must liberate this town from the GLA's clutches,
DIALOGEVENT:MisCHI03xBrf03Subtitle,1,"*There is a very heavily defended GLA base north of the river. We must destroy it, but it will not be an easy task",
DIALOGEVENT:MisCHI03xBrf04Subtitle,1,"*Our operations have attracted much attention from the rest of the world, and we will be watched closely. The longer this battle goes on, the lower our International Opinion will fall",
DIALOGEVENT:MisCHI03xBrf05Subtitle,1,"*Damage to civilian property must be avoided. Our operation must be precise, and swift. Destruction of GLA forces will cause International Opinion to rise, in our favor",
DIALOGEVENT:MisCHI03xBrf09Subtitle,1,"*If our International Opinion becomes high enough, the people of the town might join our cause",
DIALOGEVENT:MisCHI03xBrf10Subtitle,1,*It will then be easy to annihilate the GLA's defenses,
DIALOGEVENT:MisCHI03xChat01Subtitle,1,*They must have a camouflaged Tunnel Network near here,
DIALOGEVENT:MisCHI03xChat02Subtitle,1,*They've ambushed us!,
DIALOGEVENT:MisCHI03xChat03Subtitle,1,*They've ambushed our base!,
DIALOGEVENT:MisCHI03xChat04Subtitle,1,*We have found their secret base!,
DIALOGEVENT:MisCHI03xChat05Subtitle,1,*They are coming from the far side of the lake,
DIALOGEVENT:MisCHI03xChat06Subtitle,1,*Their troops must be hidden in the forest,
DIALOGEVENT:MisCHI03xChat07Subtitle,1,*I wonder what's across the river,
DIALOGEVENT:MisCHI03xChat08Subtitle,1,*Their hit-and-run attacks are proving inconvenient,
DIALOGEVENT:MisCHI03xChat09Subtitle,1,*The buggies are back!,
DIALOGEVENT:MisCHI03xChat10Subtitle,1,*Sneak attack!,
DIALOGEVENT:MisCHI03xChat11Subtitle,1,*Crush that Inferno Cannon!,
DIALOGEVENT:MisCHI03xChat12Subtitle,1,*The people are too afraid to come out from their homes,
DIALOGEVENT:MisCHI03xChat13Subtitle,1,*We must free them from this oppression!,
DIALOGEVENT:MisCHI03xXO01Subtitle,1,*The people rise to support us!,
DIALOGEVENT:MisCHI03xXO10Subtitle,1,*General. Destroying the GLA statues will be critical to increasing our International Opinion and will boost support of our efforts amongst the population,
DIALOGEVENT:MisCHI03xXO11Subtitle,1,*They have dispatched a Toxic Tractor to clear our garrisonned structures!,
DIALOGEVENT:MisCHI03xXO12Subtitle,1,*Our Dragon Tanks will be a high priority targetguard them well,
DIALOGEVENT:MisCHI03xXO13Subtitle,1,"*Well done, sir. The destruction of the statue has caused world opinion to rise",
DIALOGEVENT:MisCHI03xXO16Subtitle,1,*Do not let them destroy the buildings!,
DIALOGEVENT:MisCHI03xXO17Subtitle,1,*Use the Neutron Shell to clear buildings without damaging them,
DIALOGEVENT:MisCHI03xXO18Subtitle,1,*Beware! Their defensive structures are hidden with camo-netting,
DIALOGEVENT:MisCHI03xXO19Subtitle,1,"*General, the GLA have the city well-defended. We need to clear them out",
DIALOGEVENT:MisCHI03xXO20Subtitle,1,"*You're making good progress, Commander. Much of the city is now free of GLA control",
DIALOGEVENT:MisCHI03xXO21Subtitle,1,*Sir! The city is rising up against our foes!,
DIALOGEVENT:MisCHI03xXO22Subtitle,1,"*General, we must clear the GLA from this area!",
DIALOGEVENT:MisCHI03xXO23Subtitle,1,*Our International Opinion is high. Great work!,
DIALOGEVENT:MisCHI04xChat01Subtitle,1,*They have almost escaped! We must stop them!,
DIALOGEVENT:MisCHI04xChat010Subtitle,1,*They are skirting the lake. Intercept them!,
DIALOGEVENT:MisCHI04xChat011Subtitle,1,*They're coming for our base!,
DIALOGEVENT:MisCHI04xChat012Subtitle,1,*We have stopped the first wave of GLA!,
DIALOGEVENT:MisCHI04xChat013Subtitle,1,*Again we have put them in their place!,
DIALOGEVENT:MisCHI04xChat014Subtitle,1,*No one can stand to the might of China!,
DIALOGEVENT:MisCHI04xChat015Subtitle,1,*Sun Tzu would be proud,
DIALOGEVENT:MisCHI04xChat016Subtitle,1,*Victory is ours!,
DIALOGEVENT:MisCHI04xChat017Subtitle,1,*None shall pass,
DIALOGEVENT:MisCHI04xChat018Subtitle,1,*We will banish them from the skies!,
DIALOGEVENT:MisCHI04xChat019Subtitle,1,*Our power is unsurpassed!,
DIALOGEVENT:MisCHI04xChat02Subtitle,1,*Cut them off at the village!,
DIALOGEVENT:MisCHI04xChat020Subtitle,1,*The Helix isn't the only powerhouse,
DIALOGEVENT:MisCHI04xChat03Subtitle,1,*We cannot let them get past that hill,
DIALOGEVENT:MisCHI04xChat04Subtitle,1,*They will surely pass by here. We should defend this area,
DIALOGEVENT:MisCHI04xChat05Subtitle,1,*Here is another choke point,
DIALOGEVENT:MisCHI04xChat06Subtitle,1,*We should secure these buildings,
DIALOGEVENT:MisCHI04xChat07Subtitle,1,*What are they doing?,
DIALOGEVENT:MisCHI04xChat08Subtitle,1,*Watch out for the toxin!,
DIALOGEVENT:MisCHI04xChat09Subtitle,1,*We've been ambushed!,
DIALOGEVENT:MisCHI04xChat15Subtitle,1,*Our forces are in position. We are ready for anything,
DIALOGEVENT:MisCHI04xChat16Subtitle,1,*They are stronger than we thought. We need air support. Send in the Helix now!,
DIALOGEVENT:MisCHI04xXO01Subtitle,1,*The GLA is sending forth another wave!,
DIALOGEVENT:MisCHI04xXO02Subtitle,1,*This wave is retreating towards the north,
DIALOGEVENT:MisCHI04xXO03Subtitle,1,*They are retreating to the northeast,
DIALOGEVENT:MisCHI04xXO04Subtitle,1,*This wave is retreating to the east,
DIALOGEVENT:MisCHI04xXO05Subtitle,1,"*The European Union is extremely pleased with our performance, General. We need to stay aggressive and eliminate the GLA",
DIALOGEVENT:MisCHI04xXO06Subtitle,1,*This force was only a diversion!,
DIALOGEVENT:MisCHI04xXO07Subtitle,1,"*General, they have a scud storm! We must spread out our troops to deny them a target!",
DIALOGEVENT:MisCHI04xXO08Subtitle,1,*Waitthey're not targeting us,
DIALOGEVENT:MisCHI04xXO09Subtitle,1,*The GLA have no honor! They have decimated the village to clear a path!,
DIALOGEVENT:MisCHI04xXO10Subtitle,1,*We should assemble a base to secure this region,
DIALOGEVENT:MisCHI04xXO11Subtitle,1,*Our Helix is the Overlord of the skies. Build more to help us control the area,
DIALOGEVENT:MisCHI04xXO12Subtitle,1,"*Sir, I recommend placing Listening Outposts at key locations",
DIALOGEVENT:MisCHI04xXO13Subtitle,1,*Current Intel reports that the GLA are retreating towards this location. We will make our stand here. Do not permit any GLA units to leave this area. Our new Helix Helicopter should assure your success. The appearance of our forces from the south will signal the completion of your main objective,
DIALOGEVENT:MisCHI04xXO14Subtitle,1,"*Current Intel reports that the GLA are retreating towards this location. We will make our stand here. Do not permit any GLA units to leave this area. If too many of them escape, our mission will be a failure. Our new Helix Helicopter should assure your success. The appearance of our forces from the south will signal the completion of your main objective",
DIALOGEVENT:MisCHI04xXO15Subtitle,1,*A wave of GLA is approaching from the west,
DIALOGEVENT:MisCHI04xXO16Subtitle,1,*There is a wave of GLA approaching from the south,
DIALOGEVENT:MisCHI04xXO17Subtitle,1,*GLA forces have been spotted approaching from the southwest,
DIALOGEVENT:MisCHI04xXO18Subtitle,1,*GLA forces incoming from the southeast,
DIALOGEVENT:MisCHI04xXO19Subtitle,1,*A wave of GLA forces are approaching from the southwest,
DIALOGEVENT:MisCHI04xXO20Subtitle,1,*Another GLA wave is approaching,
DIALOGEVENT:MisCHI04xXO21Subtitle,1,"*Excellent work, sir. Intel confirms that you have destroyed the entire wave",
DIALOGEVENT:MisCHI04xXO22Subtitle,1,*The enemy is about to breach our defenses,
DIALOGEVENT:MisCHI04xXO23Subtitle,1,*Multiple Scud Storm launches detected,
DIALOGEVENT:MisCHI04xXO24Subtitle,1,"*Our defenses have been breached commander, we have failed the mission",
DIALOGEVENT:MisCHI04xXO25Subtitle,1,"*Commander, our forces from the south have arrived. Out mission was a success",
DIALOGEVENT:MisCHI04xXO26Subtitle,1,"*General, enemy forces are dangerously close to making their escape. We must deal with them quickly!",
DIALOGEVENT:MisCHI04xXO27Subtitle,1,*GLA forces have been detected fleeing through this location. Move into defensive positions and await enemy contact,
DIALOGEVENT:MisCHI04xXO28Subtitle,1,"*General, Wave 1 of the enemies retreat has been detected entering the area and intel has them moving along the path shown on the your radar",
DIALOGEVENT:MisCHI04xXO29Subtitle,1,"*General, Wave 2 of the enemies retreat has been detected entering the area and intel has them moving along the path shown on the your radar",
DIALOGEVENT:MisCHI04xXO30Subtitle,1,"*General, Wave 3 of the enemies retreat has been detected entering the area and intel has them moving along the path shown on the your radar",
DIALOGEVENT:MisCHI04xXO31Subtitle,1,"*General, Wave 4 of the enemies retreat has been detected entering the area and intel has them moving along the path shown on the your radar",
DIALOGEVENT:MisCHI04xXO32Subtitle,1,"*General, Wave 5 of the enemies retreat has been detected entering the area and intel has them moving along the path shown on the your radar",
DIALOGEVENT:MisCHI04xXO33Subtitle,1,*Our forces have arrived from the south. You have been successful in preventing the enemy retreat. Good job General,
DIALOGEVENT:MisCHI04xXO34Subtitle,1,"*General, the enemy forces have escaped to the North. We have failed the mission",
DIALOGEVENT:MisChi05OfficerC01Subtitle,1,*It's time we corrected our mistake. Kill them all!,
DIALOGEVENT:MisChi05OfficerC02Subtitle,1,*Let us flush these rats from their holes. Death to the cowards!,
DIALOGEVENT:MisCHI05xBrf01Subtitle,1,*Thanks to your remarkable efforts in Halberstadt the GLA are all but finished. US intel has located the last GLA stronghold outside of Hamburg. Unfortunately we were too late to help the Americans in this area and the GLA captured their base. Build your forces and destroy both the GLA and US bases,
DIALOGEVENT:MisCHI05xBrf02Subtitle,1,*The GLA have captured an old US base in the region and are building up. Your Final Objective is to Destroy both the US and GLA bases,
DIALOGEVENT:MisCHI05xBrf03Subtitle,1,"*The GLA have increased their stealth abilities, General. They can now stealth just about anything. We'll need to stay alert",
DIALOGEVENT:MisCHI05xBrf04Subtitle,1,*Use your Listening Outposts to detect stealthed units,
DIALOGEVENT:MisCHI05xBrf05Subtitle,1,"*General, I suggest you first concentrate your attack on the US base. We need to take out their Particle Cannons",
DIALOGEVENT:MisCHI05xChat01Subtitle,1,"*It feels like we are on an Easter Egg hunt, General",
DIALOGEVENT:MisCHI05xCin01Subtitle,1,*Corporal! Any sign of the Chinese yet?,
DIALOGEVENT:MisCHI05xCin02Subtitle,1,"*No sir, the last message received was at 02:00nothing since",
DIALOGEVENT:MisCHI05xCin03Subtitle,1,"*Well, I hope they get here soon. Our intel points to a full-scale GLA attack",
DIALOGEVENT:MisCHI05xCin04Subtitle,1,"*Yes, sir",
DIALOGEVENT:MisCHI05xCin06Subtitle,1,*What the...!? Enemy contact!,
DIALOGEVENT:MisCHI05xCin07Subtitle,1,*Our base has been breached.all units to your stations! Where are those Chinese we were promised!?,
DIALOGEVENT:MisCHI05xCin08Subtitle,1,*Fox in the hole! Fox in the hole!,
DIALOGEVENT:MisCHI05xCin09Subtitle,1,*Where'd they come from?!,
DIALOGEVENT:MisCHI05xCin10Subtitle,1,"*They're capturing our buildings! We can't hold! All units, fall back! Repeat, fall back!",
DIALOGEVENT:MisCHI05xXO01Subtitle,1,*That's it! Power to the US base is down! Finish them quickly before they can rebuild!,
DIALOGEVENT:MisCHI05xXO02Subtitle,1,"*Well done, General. The enemy can no longer produce US units",
DIALOGEVENT:MisCHI05xXO03Subtitle,1,"*Well done, General. The enemy can no longer produce GLA units",
DIALOGEVENT:MisCHI05xXO04Subtitle,1,"*Well done, General. The US base has been neutralized. Destroy the GLA base to finish this battle",
DIALOGEVENT:MisCHI05xXO05Subtitle,1,"*Well done, General. The GLA base has been neutralized. Destroy the US base to finish this battle",
DIALOGEVENT:MisCHI05xXO06Subtitle,1,*We must finish what the US was not able to do. The GLA must fall and the world will be at peace,
DIALOGEVENT:MisCHI05xXO07Subtitle,1,*If we are able to defeat the GLA and save Europe from its clutches then there are great rewards to be had,
DIALOGEVENT:MisCHI05xXO08Subtitle,1,"*General, you will take your place among China's finest heroes. The GLA has fallen and China is the shining beacon in a new world. Take you place of honor and bask in the glory that is China",
DIALOGEVENT:MisCHI05xXO09Subtitle,1,"*General, the enemy has improved their stealth ability, but they do not appear to be using tanks",
DIALOGEVENT:MisCHI05xXO10Subtitle,1,"*General, the GLA commander is lacking tanks. Perhaps we can overwhelm him with our forces",
DIALOGEVENT:MisCHI05xXO11Subtitle,1,"*General, we are losing vehicles to Jarmen Kell. You must track him down if we are to stand a chance",
DIALOGEVENT:MisCHI05xXO12Subtitle,1,"*General, the enemy is using HIJACKERS! We need to stop them!",
DIALOGEVENT:MisCHI05xXO13Subtitle,1,"*General, the enemy has positioned SNIPERs in the local villages. We must clear them out",
DIALOGEVENT:MisCHI05xXO14Subtitle,1,"*General, we are losing troops to the enemy's Quad Cannons, we need heavy armor out here",
DIALOGEVENT:MisCHI05xXO15Subtitle,1,"*General, current intel suggests Jarmen Kell may be holed up in this small village",
DIALOGEVENT:MisCHI05xXO16Subtitle,1,"*General, the enemy's base seems to be on the other side of this river. Perhaps we can lock him in by positioning forces near the bridges",
DIALOGEVENT:MisCHI05xXO17Subtitle,1,"*General, we have many driverless vehicles in the fieldsend units to recapture them",
DIALOGEVENT:MisCHI05xXO18Subtitle,1,*Sir! We have detected Battle buses in sector C. We should deal with them before they can reach our base,
DIALOGEVENT:MisCHI05xXO19Subtitle,1,"*General, the enemy has slipped units into our base! We should improve our defenses!",
DIALOGEVENT:MisCHI05xXO20Subtitle,1,"*General, the enemy has infiltrated our base!",
DIALOGEVENT:MisCHI05xXO21Subtitle,1,*General! Taking out the American Command Center will put a stop to his heavy Air support,
DIALOGEVENT:MisCHI05xXO22Subtitle,1,"*General, we need to get our INTERNET CENTER built as quickly as possible. It will help us locate enemy positions",
DIALOGEVENT:MisCHI05xXO23Subtitle,1,"*General, the enemy has left his Flank unguarded! Now is our chance to counter attack!",
DIALOGEVENT:MisCHI05xXO24Subtitle,1,"*General, the Americans have superior stealth detection technology. Perhaps you should capture this base instead of destroying it",
DIALOGEVENT:MisChi07RedGuard108Subtitle,1,*Ambush!,
DIALOGEVENT:MisGLA01Scorpion105Subtitle,1,*The Chinese are close,
DIALOGEVENT:MisGLA01Scorpion108Subtitle,1,*We have found a secret way. It's poorly guarded,
DIALOGEVENT:MisGLA01Scorpion109Subtitle,1,*We're under fire!,
DIALOGEVENT:MisGLA01xChat01Subtitle,1,"*Enemy defense structures sighted, General",
DIALOGEVENT:MisGLA01xChat02Subtitle,1,*Enemy position spotted! We must find a way past them!,
DIALOGEVENT:MisGLA01xChat03Subtitle,1,"*Enemy patrol! All units, open fire!",
DIALOGEVENT:MisGLA01xChat04Subtitle,1,*American Sentry Drones! We must destroy them quickly before they sound the alarm!,
DIALOGEVENT:MisGLA01xChat05Subtitle,1,*Look at them scramble! Our attack was a complete surprise!,
DIALOGEVENT:MisGLA01xChat06Subtitle,1,"*American attackers closing in! We must hold our position, General!",
DIALOGEVENT:MisGLA01xChat07Subtitle,1,"*Our surprise was complete! All units, concentrate on their power plants!",
DIALOGEVENT:MisGLA01xChat08Subtitle,1,*General! We are taking heavy losses!,
DIALOGEVENT:MisGLA01xCin01Subtitle,1,*Patrol to base: Target has been located and we are in pursuit,
DIALOGEVENT:MisGLA01xCin02Subtitle,1,"*Be advised, the bombing campaign has already begun. Be careful, Patrol",
DIALOGEVENT:MisGLA01xCin03Subtitle,1,"*Roger that, base. I'm on the right",
DIALOGEVENT:MisGLA01xCin04Subtitle,1,*I'll take the left,
DIALOGEVENT:MisGLA01xCin05Subtitle,1,*I'm taking fire!,
DIALOGEVENT:MisGLA01xCin06Subtitle,1,*Stay on them!,
DIALOGEVENT:MisGLA01xCin07Subtitle,1,*Look out!,
DIALOGEVENT:MisGLA01xCin08Subtitle,1,*Base! Charlie three is down! Repeat: Charlie three is down!,
DIALOGEVENT:MisGLA01xCin09Subtitle,1,"*Continue pursuit, Charlie two! This is our best shot at him!",
DIALOGEVENT:MisGLA01xCin10Subtitle,1,*Escorts eliminated! I've got him!,
DIALOGEVENT:MisGLA01xCin11Subtitle,1,*Nooooo!,
DIALOGEVENT:MisGLA01xCin12Subtitle,1,"*Heh heh. General, we've made our escape.and are headed for the rendevouz point. The GLA shall rise again",
DIALOGEVENT:MisGLA01xCin13Subtitle,1,*Affirmative. Scout team moving out,
DIALOGEVENT:MisGLA01xCin14Subtitle,1,*This is scout team. We detect no enemy presence. Wait,
DIALOGEVENT:MisGLA01xCin15Subtitle,1,*American ambush! They have us surrounded!,
DIALOGEVENT:MisGLA01xCin16Subtitle,1,"*Sentry Drones! These Americans are most clever. Their drones are hidden when they are still. You must proceed with caution, General",
DIALOGEVENT:MisGLA01xKen01Subtitle,1,*The Americans have surrounded our stronghold with military checkpoints. You must clear the way,
DIALOGEVENT:MisGLA01xKen02Subtitle,1,"*General, you must help our true leader escape, so that the GLA can live on",
DIALOGEVENT:MisGLA01xKen03Subtitle,1,*Dr. Thrax may have died for the cause but he was inconsequential. If our brother escapes the US will not have seen the last of the GLA,
DIALOGEVENT:MisGLA01xKen04Subtitle,1,*General. The Fire Base defenses around this American position are too strong. We should avoid a direct confrontation and find another way into the base,
DIALOGEVENT:MisGLA01xKen05Subtitle,1,"*Hold you forces back, General. We are sending in a team to scout the other side of the bridge. They will report back on enemy positions",
DIALOGEVENT:MisGLA01xKen06Subtitle,1,"*My General. One of our Quick Strike teams has managed to elude their American pursuers, and have agreed to aid us in our mission. Their rocket pods should prove most useful against enemy armor",
DIALOGEVENT:MisGLA01xKen07Subtitle,1,*We have discovered one of our demolitions teams. They will help us to clear a path by destroying the outlying US support bases,
DIALOGEVENT:MisGLA01xKen08Subtitle,1,*General. We must secure the airfield before the transport plane arrives. The survival of the GLA depends on your success,
DIALOGEVENT:MisGLA01xKen09Subtitle,1,"*Our Combat Cycles are very versatile. They enhance the abilities of our loyal infantry, and are able to travel over rough terrain. They are even able to survive a jump off cliffs. Use them to bypass American strong-points and attack their vulnerable sides",
DIALOGEVENT:MisGLA01xKen10Subtitle,1,*General! The Americans have sent a second group of pursuers to capture our leader. Protect him at all costs!,
DIALOGEVENT:MisGLA01xKen11Subtitle,1,"*General, this hidden base can provide us with the resources we need to push past the American siege and reach the airfield",
DIALOGEVENT:MisGLA01xKen12Subtitle,1,"*General, our leader is under attack! He must not fall to the Americans!",
DIALOGEVENT:MisGLA01xKen13Subtitle,1,"*General, your forces are moving too far ahead of our leader. Remember that he must reach the airfield if our cause is to survive",
DIALOGEVENT:MisGLA01xKen14Subtitle,1,"*Another American base. It must be eliminated. Be wary of their Fire Bases, sir",
DIALOGEVENT:MisGLA01xKen15Subtitle,1,"*We are within reach of the airfield, General. Destroy the American forces and secure the area that we may fly our leader to safety",
DIALOGEVENT:MisGLA01xKen16Subtitle,1,"*Well done, General. With you in command, we can not fail",
DIALOGEVENT:MisGLA01xKen17Subtitle,1,"*We have reached the airfield, sir. Make sure our leader is ready and waiting at the air strip when his plane arrives",
DIALOGEVENT:MisGLA01xKen18Subtitle,1,"*Our plane is on approach, General! Just hold your position for a little longer. Our leader must survive to board that plane!",
DIALOGEVENT:MisGLA01xKen19Subtitle,1,*The plane has arrived. Load our leader in so that we may fly him to safety and regroup,
DIALOGEVENT:MisGLA01xKen20Subtitle,1,"*The plane is waiting for our leader to board. Make haste and bring him in, General. Our forces cannot hold out indefinitely against the Americans",
DIALOGEVENT:MisGLA01xKen21Subtitle,1,"*Our operative, Jarmen Kell, has been harassing the American supply lines. He will be of great help to our mission, General",
DIALOGEVENT:MisGLA01xKen22Subtitle,1,"*Excellent work, General. We will show the Americans that we still have the power to resist them",
DIALOGEVENT:MisGLA01xKen23Subtitle,1,"*We have discovered an advance scout force, General. They have offered to aid us with our mission",
DIALOGEVENT:MisGLA01xKen24Subtitle,1,*General! Take out the American power plants to shut down their base defenses!,
DIALOGEVENT:MisGLA01xKen25Subtitle,1,"*Our forces have been weakened, General. We must choose our battles more wisely",
DIALOGEVENT:MisGLA02Chatter04Subtitle,1,*We are here and ready for your command,
DIALOGEVENT:MisGLA02Chatter18Subtitle,1,*So much for American,superiorite
DIALOGEVENT:MisGLA02General07Subtitle,1,*American forces are coming. Get ready!,
DIALOGEVENT:MisGLA02xChat01Subtitle,1,"*The enemy, they are attacking!",
DIALOGEVENT:MisGLA02xChat02Subtitle,1,"*The resistance is too strong, there must be another way",
DIALOGEVENT:MisGLA02xChat03Subtitle,1,*The Prince must be stopped. The GLA must not fall to him!,
DIALOGEVENT:MisGLA02xChat04Subtitle,1,*Our base is under attack!,
DIALOGEVENT:MisGLA02xChat05Subtitle,1,*Our Palace is destroyed!,
DIALOGEVENT:MisGLA02xChat06Subtitle,1,*We have lost our Barracks,
DIALOGEVENT:MisGLA02xChat07Subtitle,1,*We must rebuild our Arms Dealer quickly,
DIALOGEVENT:MisGLA02xCin01Subtitle,1,*This is Recon 1 to base. I am finishing my patrol. Sector is clear,
DIALOGEVENT:MisGLA02xCin02Subtitle,1,"*This is base. Are you certain, Recon 1? We've had reports of troop movements linked to Prince Kassad",
DIALOGEVENT:MisGLA02xCin03Subtitle,1,*I am most certain. I haven't seen anything but dust and shrubs for hours now. Returning to base after this,
DIALOGEVENT:MisGLA02xCin04Subtitle,1,*What the?,
DIALOGEVENT:MisGLA02xCin05Subtitle,1,"*Recon 1 to base! Enemy contact! Repeat, enemy contact!",
DIALOGEVENT:MisGLA02xCin06Subtitle,1,*Recon 1! What is your position?,
DIALOGEVENT:MisGLA02xCin07Subtitle,1,*He's preparing to fire!,
DIALOGEVENT:MisGLA02xCin08Subtitle,1,"*Recon 1, what is your status? Recon 1! Report!",
DIALOGEVENT:MisGLA02xCin09Subtitle,1,*Once Prince Kassad is removed the GLA will be under our control. Then vengeance will be ours and the American infidels will burn,
DIALOGEVENT:MisGLA02xCin10Subtitle,1,*Prince Kassad is beginning to take control wherever he can. We must put an end to his vie for power,
DIALOGEVENT:MisGLA02xKen01Subtitle,1,"*General, our resources are running low -- we must find a new source of supplies!",
DIALOGEVENT:MisGLA02xKen02Subtitle,1,*Kassad is attempting to capture nearby resources! We must not let him take what is rightfully ours!,
DIALOGEVENT:MisGLA02xKen03Subtitle,1,*We must reunite the GLA under one leader!,
DIALOGEVENT:MisGLA02xKen04Subtitle,1,*Beware! Kassad has launched a sneak attack against us!,
DIALOGEVENT:MisGLA02xKen05Subtitle,1,*We have much bigger plans than that rat Kassad. The world will quake as we unleash the fury of the GLA,
DIALOGEVENT:MisGLA02xKen06Subtitle,1,*We have acquired GPS Scramble technology! Now we can use Kassad's tricks against him!,
DIALOGEVENT:MisGLA02xKen07Subtitle,1,"*Excellent, General! We have secured the Sneak Attack ability!",
DIALOGEVENT:MisGLA02xKen08Subtitle,1,*Capture the enemy Command Centers,
DIALOGEVENT:MisGLA02xKen09Subtitle,1,*If we can capture the enemy Command Center we can use their technology against them,
DIALOGEVENT:MisGLA02xKen10Subtitle,1,"*General, we must capture their Command Center and use their knowledge to progress towards our goal of uniting the GLA under one flag",
DIALOGEVENT:MisGLA02xKen11Subtitle,1,*We are running low on resources. We must capture some oil derricks,
DIALOGEVENT:MisGLA02xKen12Subtitle,1,*Our enemy is attacking our Oil Supply! They must be stopped!,
DIALOGEVENT:MisGLA02xKen13Subtitle,1,*Use the GPS scramble to sneak past the enemy defenses!,
DIALOGEVENT:MisGLA02xKen14Subtitle,1,"*The GPS Scramble will not work here, there are too many Stinger Sites.We will need to use a different tactic",
DIALOGEVENT:MisGLA02xKen15Subtitle,1,*Perhaps we can find an unguarded area to use our new Sneak Attack ability,
DIALOGEVENT:MisGLA02xKen16Subtitle,1,*Do not destroy the Command Center. We need to capture the structure and keep it intact,
DIALOGEVENT:MisGLA02xKen17Subtitle,1,*Their knowledge must be stolen. We need to use their advanced tactics to defeat them!,
DIALOGEVENT:MisGLA02xKen18Subtitle,1,"*General, be wary of snipers -- Kassad loves to use them",
DIALOGEVENT:MisGLA02xKen19Subtitle,1,*This bridge is heavily defended. We will need assistance in getting across it,
DIALOGEVENT:MisGLA02xKen20Subtitle,1,*Capture the enemy Command Center to the North!,
DIALOGEVENT:MisGLA02xKen21Subtitle,1,*Capture the enemy Command Center to the West!,
DIALOGEVENT:MisGLA02xKen22Subtitle,1,"*General, if we capture this cannon, we can use it against Kassad's forces!",
DIALOGEVENT:MisGLA02xKen23Subtitle,1,"*If we capture the Command Center, we can use their abilities to turn the tide of this battle",
DIALOGEVENT:MisGLA02xKen24Subtitle,1,*Prince Kassad is no more. The GLA are once again united against our enemies!,
DIALOGEVENT:MisGLA02xKen25Subtitle,1,"*Now that we have GPS scramble, we can move unseen past Kassad's bridge defenses!",
DIALOGEVENT:MisGLA02xKen26Subtitle,1,*The traitor has fortified himself on this hilltop and cut all other means of access. Sneak Attack is the only way we have to strike at his main base,
DIALOGEVENT:MisGLA02xKen27Subtitle,1,"*General, this area is being controlled by Prince Kassad. He has turned his back on his brethren and will not aid us in our cause against the infidels",
DIALOGEVENT:MisGLA02xKen28Subtitle,1,"*Kassad is a master of stealth, hiding his forces in plain sight. He refuses to share his knowledge with us, so we will take it from him",
DIALOGEVENT:MisGLA02xKen29Subtitle,1,*A GLA splinter cell commanded by Prince Kassad is controlling this area. Kassad refuses to let us use his abilities for the good of the GLA,
DIALOGEVENT:MisGLA02xKen30Subtitle,1,"*Kassad is a master of stealth, relying on several techniques to surprise and attack his enemies",
DIALOGEVENT:MisGLA02xKen31Subtitle,1,*GPS scramble gives him the power to have any unit strike unseen against an enemy,
DIALOGEVENT:MisGLA02xKen32Subtitle,1,*Tunnel sneak attacks offer further tactical advantages,
DIALOGEVENT:MisGLA02xKen33Subtitle,1,"*We must have these technologies. If Kassad will not share, we will take them from him. Capture his command centers and turn his own abilities against him!",
DIALOGEVENT:MisGLA03Kenwar03Subtitle,1,*Free our imprisoned brothers,
DIALOGEVENT:MisGLA03Kenwar15Subtitle,1,"*We have spotted a Prison Camp, our brothers are held inside",
DIALOGEVENT:MisGLA03xBrf01Subtitle,1,"*Welcome, Commander!",
DIALOGEVENT:MisGLA03xBrf02Subtitle,1,"*Kassad was too cowardly to make an attempt against the US such as this. General, you are truly a master mind",
DIALOGEVENT:MisGLA03xBrf03Subtitle,1,*Once the US Mediterranean naval force is shattered all of Europe will be in our grasp,
DIALOGEVENT:MisGLA03xBrf04Subtitle,1,"*Now that we are again united, it is time to make our strength felt!",
DIALOGEVENT:MisGLA03xBrf05Subtitle,1,*The USA has attacked our secret base in the Mediterranean,
DIALOGEVENT:MisGLA03xBrf06Subtitle,1,"*But before it was wiped out, we learned of the location of their Particle Cannon and naval fleet in the region",
DIALOGEVENT:MisGLA03xBrf07Subtitle,1,*Most of their ships are in port and helpless. We will steal their Particle Cannon and use it to take out their Aircraft Carrier!,
DIALOGEVENT:MisGLA03xBrf08Subtitle,1,*Look for an opportunity to reclaim and rebuild our secret base,
DIALOGEVENT:MisGLA03xChat01Subtitle,1,*We'll die for you!,
DIALOGEVENT:MisGLA03xChat02Subtitle,1,*Another one bites the dust,
DIALOGEVENT:MisGLA03xChat03Subtitle,1,*More victims for me,
DIALOGEVENT:MisGLA03xChat04Subtitle,1,*Mow them down!,
DIALOGEVENT:MisGLA03xChat05Subtitle,1,*They cannot escape our wrath!,
DIALOGEVENT:MisGLA03xChat06Subtitle,1,*We have them where we want them!,
DIALOGEVENT:MisGLA03xChat07Subtitle,1,*Victory will be ours!,
DIALOGEVENT:MisGLA03xChat08Subtitle,1,*That made a big splash!,
DIALOGEVENT:MisGLA03xCin01Subtitle,1,*We will avenge this cowardly attack!,
DIALOGEVENT:MisGLA03xCin02Subtitle,1,*Their carrier will be turned into scrap!,
DIALOGEVENT:MisGLA03xCin03Subtitle,1,*We have proven the might of the GLA!,
DIALOGEVENT:MisGLA03xKen01Subtitle,1,*Our Hijackers could take that tank easily,
DIALOGEVENT:MisGLA03xKen02Subtitle,1,*That Ranger is running for help! We must not let him get away,
DIALOGEVENT:MisGLA03xKen03Subtitle,1,*We'll need this Particle Cannon to sink the enemy Carrier. Defend it well!,
DIALOGEVENT:MisGLA03xKen04Subtitle,1,*Our rebels can use their Capture Building ability to take control of the Particle Cannon,
DIALOGEVENT:MisGLA03xKen05Subtitle,1,*We can use our Sneak Attack to create Tunnel Networks on nearby islands,
DIALOGEVENT:MisGLA03xKen06Subtitle,1,*We must not let the pilot reach his Tomahawk!,
DIALOGEVENT:MisGLA03xKen07Subtitle,1,*They're coming after the Tomahawk!,
DIALOGEVENT:MisGLA03xKen08Subtitle,1,*This Barracks is now ours,
DIALOGEVENT:MisGLA03xKen09Subtitle,1,*We have liberated this Palace,
DIALOGEVENT:MisGLA03xKen10Subtitle,1,*This Arms Dealer will serve us well,
DIALOGEVENT:MisGLA03xKen11Subtitle,1,*We have reclaimed our Command Center!,
DIALOGEVENT:MisGLA03xKen12Subtitle,1,"*General, do you see those enemy supply planes? If we could destroy their drop zones, we would cripple their production!",
DIALOGEVENT:MisGLA03xKen13Subtitle,1,"*Ah, this toxic tractor will come in handy",
DIALOGEVENT:MisGLA03xKen14Subtitle,1,*These Quad Cannons will defend us from enemy aircraft,
DIALOGEVENT:MisGLA03xKen15Subtitle,1,*These Marauders will boost our firepower,
DIALOGEVENT:MisGLA03xKen16Subtitle,1,*Destroy these tanks and we can liberate the Barracks!,
DIALOGEVENT:MisGLA03xKen17Subtitle,1,"*If we clear this area, we can safely occupy the Command Center",
DIALOGEVENT:MisGLA03xKen18Subtitle,1,*Kill those troops and the Arms Dealer will be ours!,
DIALOGEVENT:MisGLA03xKen19Subtitle,1,*They may be launching an attack against us! Defend our buildings!,
DIALOGEVENT:MisGLA03xKen20Subtitle,1,*Comanches! Rally our air defenses!,
DIALOGEVENT:MisGLA03xKen21Subtitle,1,*We must defend against those Comanches!,
DIALOGEVENT:MisGLA03xKen22Subtitle,1,*They are trying to retake the Particle Cannon!,
DIALOGEVENT:MisGLA03xKen23Subtitle,1,*Their aircraft have destroyed our Tunnel Network!,
DIALOGEVENT:MisGLA03xKen24Subtitle,1,*Those clever villains! They are targeting our Power Plants. We need power to use the Particle Cannon,
DIALOGEVENT:MisGLA03xKen25Subtitle,1,*Almost all of the power plants have been destroyed. We must have power to use the Particle Cannon!,
DIALOGEVENT:MisGLA03xKen26Subtitle,1,"*If we could capture some power plants, we could use the Particle Cannon against them",
DIALOGEVENT:MisGLA03xKen27Subtitle,1,*Ahh.. We have found some hidden goodies,
DIALOGEVENT:MisGLA03xKen28Subtitle,1,*This pass is well defended. We should use the Particle Cannon to blast through,
DIALOGEVENT:MisGLA03xKen29Subtitle,1,*Be careful! This pass is heavily guarded!,
DIALOGEVENT:MisGLA03xKen30Subtitle,1,*They've dispatched infantry onto the islands!,
DIALOGEVENT:MisGLA03xKen31Subtitle,1,*They're choppers are bringing reinforcements!,
DIALOGEVENT:MisGLA03xKen32Subtitle,1,*They have launched an A10 Strike against us!,
DIALOGEVENT:MisGLA03xKen33Subtitle,1,*They've paradropped onto the Particle Cannon!,
DIALOGEVENT:MisGLA03xKen34Subtitle,1,*We have disabled their Supply Drop Zones! Their production will be crippled!,
DIALOGEVENT:MisGLA03xKen35Subtitle,1,*Your mission is to destroy the enemy Aircraft Carrier with the Particle Cannon. You will have to penetrate their base on the mainland to get a visual lock on the Carrier so that you can destroy it,
DIALOGEVENT:MisGLA03xKen36Subtitle,1,*Great work! Now we must secure some Power Plants,
DIALOGEVENT:MisGLA03xKen37Subtitle,1,*The Tunnel Network will bring us to the next island,
DIALOGEVENT:MisGLA03xKen38Subtitle,1,*The Particle Cannon is now online. We should defend it and the Power Plants,
DIALOGEVENT:MisGLA03xKen39Subtitle,1,*All of our units and buildings have been destroyed!,
DIALOGEVENT:MisGLA03xKen40Subtitle,1,"*Without the Particle Cannon, it will be impossible to sink the Carrier",
DIALOGEVENT:MisGLA03xKen41Subtitle,1,*Now the Americans shall taste bitter defeat!,
DIALOGEVENT:MisGLA03xKen42Subtitle,1,*They destroyed our Tunnel Network! Use the sneak attack to reclaim the Particle Cannon!,
DIALOGEVENT:MisGLA03xKen43Subtitle,1,*We are closing in on the Aircraft Carrier. It is just south of here,
DIALOGEVENT:MisGLA03xKen44Subtitle,1,*There's the Aircraft Carrier! Destroy it using the Particle Cannon!,
DIALOGEVENT:MisGLA03xKen45Subtitle,1,*Jarmen Kell is here to serve us,
DIALOGEVENT:MisGLA03xKen46Subtitle,1,"*His snipe ability can disable enemy vehicles, allowing our infantry to then capture them",
DIALOGEVENT:MisGLA03xKen47Subtitle,1,*These docked Battleships are harmless,
DIALOGEVENT:MisGLA03xKen48Subtitle,1,*The Battleship is bombarding us! Destroy it!,
DIALOGEVENT:MisGLA03xKen49Subtitle,1,*This must be the enemy's main base,
DIALOGEVENT:MisGLA03xKen50Subtitle,1,*These fake buildings will fool our foes,
DIALOGEVENT:MisGLA03xKen51Subtitle,1,*Build more fake structures to trick the enemy!,
DIALOGEVENT:MisGLA04Dispatcher06Subtitle,1,*American forces are on their way,
DIALOGEVENT:MisGLA04xChat01Subtitle,1,*We've got to clear out those bunkers!,
DIALOGEVENT:MisGLA04xChat02Subtitle,1,*Their power is down! No Patriots to deal with!,
DIALOGEVENT:MisGLA04xChat03Subtitle,1,*Break down the fences and rescue our brethren!,
DIALOGEVENT:MisGLA04xChat04Subtitle,1,*Now our brothers may be free!,
DIALOGEVENT:MisGLA04xChat05Subtitle,1,*An american chinook would help to transport our troops. Capture this supply depot if you can,
DIALOGEVENT:MisGLA04xChat06Subtitle,1,"*Get some anti air over here, general! Their Comanches are tearing us to bits!",
DIALOGEVENT:MisGLA04xChat07Subtitle,1,"*General, we must find some way to take out these bridge defenses!",
DIALOGEVENT:MisGLA04xChat08Subtitle,1,"*General, we are using our cell phones to call in a surprise tunnel network!",
DIALOGEVENT:MisGLA04xChat09Subtitle,1,*We'll need these tractors if we want to clear any bunkers,
DIALOGEVENT:MisGLA04xChat10Subtitle,1,*This ferry is under our control now! You will take us where we want to go!,
DIALOGEVENT:MisGLA04xChat11Subtitle,1,"*Yes, yes. I will do what you say!",
DIALOGEVENT:MisGLA04xChat12Subtitle,1,*Our brothers have been freed,
DIALOGEVENT:MisGLA04xChat13Subtitle,1,*There sure are a lot of sports utility vehicles in this strange land,
DIALOGEVENT:MisGLA04xChat14Subtitle,1,*We have a GLA sympathizer in this area. He and his brothers have agreed to help us,
DIALOGEVENT:MisGLA04xChat15Subtitle,1,"*Tanks! Take off! Go, Go, Go!",
DIALOGEVENT:MisGLA04xCin01Subtitle,1,*This is team one. We are in position,
DIALOGEVENT:MisGLA04xCin02Subtitle,1,"*My brethren, be careful, as we tread on enemy soil. Our main objective is to obtain chemical samples from the nearby American toxin facility",
DIALOGEVENT:MisGLA04xCin03Subtitle,1,"*The remains of the American naval force have moved to the Mediterranean, in response to the loss of their command fleet. This has allowed us to slip in",
DIALOGEVENT:MisGLA04xCin04Subtitle,1,"*We defeated them there, and we shall be victorious here",
DIALOGEVENT:MisGLA04xCin05Subtitle,1,"*Brothers rejoice! Once we have the toxins from this facility, our scientists will be able to forge a weapon of mass infection",
DIALOGEVENT:MisGLA04xCin06Subtitle,1,"*The Americans have meddled for too long. With this new weapon, we shall be able to strike fear into the hearts of our oppressors!",
DIALOGEVENT:MisGLA04xCin07Subtitle,1,*(Very evil laugh),
DIALOGEVENT:MisGLA04xCin08Subtitle,1,"*Team one, are toxins secured and on board?",
DIALOGEVENT:MisGLA04xCin09Subtitle,1,*We have the samples,
DIALOGEVENT:MisGLA04xCin10Subtitle,1,*We are ready for takeoff,
DIALOGEVENT:MisGLA04xCin11Subtitle,1,*Check. Package is secure,
DIALOGEVENT:MisGLA04xCin12Subtitle,1,*You are clear to proceed. We will defend your escape!,
DIALOGEVENT:MisGLA04xCin13Subtitle,1,*General the Patriots are online!,
DIALOGEVENT:MisGLA04xCin14Subtitle,1,*Hold them back until we clear the landing strip!,
DIALOGEVENT:MisGLA04xCin15Subtitle,1,*Keep them off our tail!,
DIALOGEVENT:MisGLA04xCin16Subtitle,1,*Get away you stupid Americans!,
DIALOGEVENT:MisGLA04xCin17Subtitle,1,*We'll meet again when we reach the toxin facility,
DIALOGEVENT:MisGLA04xCin18Subtitle,1,*The Americans think they have driven us out,
DIALOGEVENT:MisGLA04xCin19Subtitle,1,*We will divide and conquer,
DIALOGEVENT:MisGLA04xCin20Subtitle,1,*We are nothing against this air power!,
DIALOGEVENT:MisGLA04xCin21Subtitle,1,*You have not seen the last of us!,
DIALOGEVENT:MisGLA04xCin22Subtitle,1,"*We will get our revenge, you filthy Americans!",
DIALOGEVENT:MisGLA04xCin23Subtitle,1,*Let's do our part to take down these capitalist pigs!,
DIALOGEVENT:MisGLA04xCin24Subtitle,1,*These Americans will pay for the lives of our brethren,
DIALOGEVENT:MisGLA04xCin25Subtitle,1,*Let's light up these GLA intruders! Fox 1!,
DIALOGEVENT:MisGLA04xCin26Subtitle,1,*GLA spotted offshore! All units to defense positions,
DIALOGEVENT:MisGLA04xCin27Subtitle,1,*We got GLA infiltration at coordinated 77BetaGamma! All available units move to respond!,
DIALOGEVENT:MisGLA04xCin28Subtitle,1,*There's more of them on the beach!,
DIALOGEVENT:MisGLA04xCin29Subtitle,1,*GLA infiltrators spotted on the ledge!,
DIALOGEVENT:MisGLA04xCin30Subtitle,1,*We've got GLA inside city limits! All units converge on coordinates 34AlphaAlpha,
DIALOGEVENT:MisGLA04xKen01Subtitle,1,"*Good job, General! Only 15 more toxin samples to be retrieved",
DIALOGEVENT:MisGLA04xKen02Subtitle,1,"*Good job, General! Only 10 more toxin samples to be retrieved",
DIALOGEVENT:MisGLA04xKen03Subtitle,1,"*Good job, General! Only 5 more toxin samples to be retrieved",
DIALOGEVENT:MisGLA04xKen04Subtitle,1,"*General, we have a plan to attack America's Central Command in Europe. But we do not yet have the power to strike at them directly. We need a new toxin weapon",
DIALOGEVENT:MisGLA04xKen05Subtitle,1,*Both of our forces are in place. The two groups must work together if we are to retrieve the toxins,
DIALOGEVENT:MisGLA04xKen06Subtitle,1,*Our hijackers can capture vehicles and they are stealthed unless they are moving,
DIALOGEVENT:MisGLA04xKen07Subtitle,1,*Jarmen Kell can snipe pilots from vehicles and also take out infantry at long range,
DIALOGEVENT:MisGLA04xKen08Subtitle,1,*Our Saboteurs can perform a number of secret operations like shutting down power plants,
DIALOGEVENT:MisGLA04xKen09Subtitle,1,"*Our rebels are camouflaged, and can capture buildings to aid us in our cause",
DIALOGEVENT:MisGLA04xKen10Subtitle,1,"*Good luck, General. May stealth and cunning be with you in your quest",
DIALOGEVENT:MisGLA04xKen11Subtitle,1,"*Good morning, General",
DIALOGEVENT:MisGLA04xKen12Subtitle,1,"*General, we must capture that ferry",
DIALOGEVENT:MisGLA04xKen13Subtitle,1,"*General, there are mines here, but we cannot detect them! We need a Radar Van!",
DIALOGEVENT:MisGLA04xKen14Subtitle,1,"*General, get someone into that Valve station by the river. Draining the coolant reservoir will allow our brothers to continue further",
DIALOGEVENT:MisGLA04xKen15Subtitle,1,*Excellent,
DIALOGEVENT:MisGLA04xKen16Subtitle,1,*Good work,
DIALOGEVENT:MisGLA04xKen17Subtitle,1,*General! Destroy that airfield before we are wiped out!,
DIALOGEVENT:MisGLA04xKen18Subtitle,1,*General. We must destroy their power! Then the Americans will be sitting ducks for sure!,
DIALOGEVENT:MisGLA04xKen19Subtitle,1,"*General, we must capture that toxin facility",
DIALOGEVENT:MisGLA04xKen20Subtitle,1,"*Excellent work, General. Now we must protect these trucks as they transport the toxins to the cargo plane",
DIALOGEVENT:MisGLA04xKen21Subtitle,1,*Use the trucks to begin gathering toxins from the facility,
DIALOGEVENT:MisGLA04xKen22Subtitle,1,"*General, the Americans have sent reinforcements!",
DIALOGEVENT:MisGLA04xKen23Subtitle,1,*Another cell of hijackers has arrived to support our cause,
DIALOGEVENT:MisGLA04xKen24Subtitle,1,*Another cell of rebels has arrived to support our cause,
DIALOGEVENT:MisGLA04xKen25Subtitle,1,*JarmenKell has been found and he has returned to help our cause,
DIALOGEVENT:MisGLA04xKen26Subtitle,1,*Our brothers have broken through and provided us with reinforcements,
DIALOGEVENT:MisGLA04xKen27Subtitle,1,*The US will not suspect an attack on their soil after our victory in Greece,
DIALOGEVENT:MisGLA04xKen28Subtitle,1,*Kassad would never have had the courage to attack the US homeland,
DIALOGEVENT:MisGLA04xKen29Subtitle,1,"*Once we've stolen the secret toxin agent from the US Bio Center, we will be unstoppable",
DIALOGEVENT:MisGLA05Buggy104Subtitle,1,"*Beware Patriot Batteries, they are dangerous",
DIALOGEVENT:MisGLA05Buggy108Subtitle,1,"*Go to your graves, American scum!",
DIALOGEVENT:MisGLA05Kenwar02bSubtitle,1,*Destroy the American airbase and they will lose much of their ability to project power in this region,
DIALOGEVENT:MisGLA05Kenwar05Subtitle,1,*The Americans will use their airpower to stop us,
DIALOGEVENT:MisGLA05Quad201Subtitle,1,*Die American!,
DIALOGEVENT:MisGLA05Rebel02Subtitle,1,*We are defenseless against American air attacks!,
DIALOGEVENT:MisGLA05Scorpion105Subtitle,1,"*American cowards! Fight on the ground, like men!",
DIALOGEVENT:MisGLA05xChat01Subtitle,1,*This region is under the control of the United States Air Force General Granger. We can and will use force to remove you from this area. You are hereby under order to clear out immediately,
DIALOGEVENT:MisGLA05xCin01Subtitle,1,"*Our forces are few, but we can use what we have to come out on top",
DIALOGEVENT:MisGLA05xCin02Subtitle,1,*Since we do not have a base in this region we must take one!,
DIALOGEVENT:MisGLA05xCin03Subtitle,1,*The Chinese base We must strike now! Their Base will soon be ours!,
DIALOGEVENT:MisGLA05xJarmen01Subtitle,1,"*If you rescue our fellow comrades from the Southern US base, our elite warriors will fight alongside you!",
DIALOGEVENT:MisGLA05xJarmen02Subtitle,1,*Thank you for rescuing our brothers! In return we will open up an area of the US base for you to begin your assault,
DIALOGEVENT:MisGLA05xJarmen03Subtitle,1,*Heh heh heh heh heh (Sinister Laugh) That will teach them,
DIALOGEVENT:MisGLA05xJarmen04Subtitle,1,*Do not let our deaths go unpunished!,
DIALOGEVENT:MisGLA05xJarmen05Subtitle,1,*Together we have beaten the enemy! Victory is ours!,
DIALOGEVENT:MisGLA05xJarmen06Subtitle,1,*Thank you for your help in rescuing my soldiers. We shall repay the favor and help you to take out the U.S. Central Command Base,
DIALOGEVENT:MisGLA05xKen01Subtitle,1,*Once this base is destroyed the US will scurry home like cowardly dogs. All of Europe will be ours,
DIALOGEVENT:MisGLA05xKen02Subtitle,1,*The Americans have our brethren held hostage in their base. We must rescue them,
DIALOGEVENT:MisGLA05xKen03Subtitle,1,*It is in our best interest to rescue the POW's from the clutches of the Americans,
DIALOGEVENT:MisGLA05xKen04Subtitle,1,*Good work! Capture or eliminate this base to ensure the POW's safety,
DIALOGEVENT:MisGLA05xKen05Subtitle,1,*We must transport them safely back home to their base in the North. No harm must come to them,
DIALOGEVENT:MisGLA05xKen06Subtitle,1,*We are running low on supplies. We must spread out and capture new resources,
DIALOGEVENT:MisGLA05xKen07Subtitle,1,*More attacks from the air! We must build more air defenses,
DIALOGEVENT:MisGLA05xKen08Subtitle,1,"*Rebuild our defenses quickly, we haven't long before the next attack",
DIALOGEVENT:MisGLA05xKen09Subtitle,1,*The new toxin agent we borrowed from the US will be especially effective against their own forces,
DIALOGEVENT:MisGLA05xKen10Subtitle,1,"*First the Mediterranean fleet, then an attack upon US soiland now begins our European domination",
DIALOGEVENT:MisGLA05xKen11Subtitle,1,"*We are being attacked from the east. End the attacks now, we must eliminate them so we can focus on the main base to the north",
DIALOGEVENT:MisGLA05xKen12Subtitle,1,*Almost there The U.S. will pay dearly for their transgressions against our people,
DIALOGEVENT:MisGLA05xKen13Subtitle,1,"*We are running low on funds. Scout the area for resources, we must not be stopped",
DIALOGEVENT:MisGLA05xKen14Subtitle,1,*With this area secure we must now build up and launch an assault on the U.S. European Central Command Base,
DIALOGEVENT:MisGLA05xKen15Subtitle,1,*The Americans are relying heavily on air units. Build more Stinger sites and Quad Cannons,
DIALOGEVENT:MisGLA05xKen16Subtitle,1,"*They are targeting our defenses, we must camouflage the stinger sites",
DIALOGEVENT:MisGLA05xKen17Subtitle,1,"*My General, we need to build a Scud Storm",
DIALOGEVENT:MisGLA05xKen18Subtitle,1,*The American General is using a Particle Cannon against us,
DIALOGEVENT:MisGLA05xKen19Subtitle,1,*We have to try a different tactic. Use a sneak attack to get units into the base,
DIALOGEVENT:MisGLA05xKen20Subtitle,1,*Capture the U.S. base and build it up. We can use their weapons against them,
DIALOGEVENT:MisGLA05xKen21Subtitle,1,*You must take out the Particle Cannon!,
DIALOGEVENT:MisGLA05xKen22Subtitle,1,*They are attacking from the ground now. Defend our base!,
DIALOGEVENT:MisGLA05xKen23Subtitle,1,*Rebuild the base quicklyWe must prepare for more attacks!,
DIALOGEVENT:MisGLA05xKen24Subtitle,1,"*Well done, General. Thanks to your superior tactics we now control all three super weapons. The Americans will never know what hit them!",
DIALOGEVENT:MisGLA05xKen25Subtitle,1,"*Finish the Americans, General. They cannot hold for much longer",
DIALOGEVENT:MisGLA05xKen26Subtitle,1,"*General, we can target their chemical bunkers and create havoc in their own base",
DIALOGEVENT:MisGLA05xKen27Subtitle,1,*Their Particle Cannon is no more,
DIALOGEVENT:MisGLA05xKen28Subtitle,1,*The Americans have built another Particle Cannon. They must not be allowed to use it against us,
DIALOGEVENT:MisGLA05xKen29Subtitle,1,"*We must eliminate the enemy's Southern support base now! The longer we wait, the more their attacks grow in strength",
DIALOGEVENT:MisGLA05xKen30Subtitle,1,*Reports indicate that the POW's held captive in the U.S. Base will be moved soon. We must rescue them quickly!,
DIALOGEVENT:MisGLA05xKen31Subtitle,1,*You will need to completely clear the U.S. base area to free the POW's,
DIALOGEVENT:MisGLA05xKen32Subtitle,1,"*Hurry, the POW's need to be rescued now!",
DIALOGEVENT:MisGLA05xKen33Subtitle,1,*We need to bring Radar online by upgrading it from the China Command Center,
DIALOGEVENT:MisGLA05xKen34Subtitle,1,*It is imperative that you build a GLA Command Center,
DIALOGEVENT:MisGLA05xKen35Subtitle,1,*With the small southern base gone we can focus on the U.S. European Central Command base,
DIALOGEVENT:MisGLA05xKen36Subtitle,1,"*The U.S. Central Command Base is massive, we have to find a way in! Perhaps sneak attacks would work",
DIALOGEVENT:MisGLA05xKen37Subtitle,1,*We need to deliver the POW's to their village so that they will reawaken their Terror Cell,
DIALOGEVENT:MisGLA05xKen38Subtitle,1,*Our brothers are being attacked! We must help them!,
DIALOGEVENT:MisGLA05xKen39Subtitle,1,"*Return the POW's to their village, follow the river North until you reach it",
DIALOGEVENT:MisGLA05xKen40Subtitle,1,*The POW's are safe! We must help them return to their village so that they may aid us in our fight against the US!,
DIALOGEVENT:MisGLA05xKen41Subtitle,1,*Take these tanks and we will use them as our own!,
DIALOGEVENT:MisGLA05xKen42Subtitle,1,*Secure the supplies and we will hold the perfect area from which to launch our assaults on the Americans!,
DIALOGEVENT:MisGLA05xKen43Subtitle,1,*The soldiers are safe and their families are full of joy! They will fight with us and we have been given more supplies as well,
DIALOGEVENT:MisGLA05xKen44Subtitle,1,*We have let our brothers down but they will still fight alongside us,
DIALOGEVENT:MisGLA05xKen45Subtitle,1,*Our brothers will fight on our side to avenge the death of the POW's!,
DIALOGEVENT:MisGLA05xKen46Subtitle,1,"*The Americans have moved the POW's, but our brothers will still fight alongside us against our enemy!",
DIALOGEVENT:MisGLA05xKen47Subtitle,1,*Europe will soon be ours!,
DIALOGEVENT:MisGLA05xPOW01Subtitle,1,*Free us from our captors. Protect us from all US attacks and we will assist you!,
DIALOGEVENT:MisGLA05xPOW02Subtitle,1,*We are ready to travel home when you are,
DIALOGEVENT:MisGLA05xPOW03Subtitle,1,"*Hurry, there is little time!",
DIALOGEVENT:MisGLA05xPOW04Subtitle,1,*Our time is running out!,
DIALOGEVENT:MisGLA05xPOW05Subtitle,1,*Please save us!,
DIALOGEVENT:MisGLA05xPOW06Subtitle,1,*We need your help!,
DIALOGEVENT:MisGLA06Chatter01Subtitle,1,*Bridge up ahead. Looks heavily defended,
DIALOGEVENT:MisGLA06Chatter02Subtitle,1,*We're coming up on a bridge. No Americans,
DIALOGEVENT:MisGLA06Chatter07Subtitle,1,*Die Americans!,
DIALOGEVENT:MisGLA06Cin01Subtitle,1,*Die Americans!,
DIALOGEVENT:MisGLA06General05Subtitle,1,*We have been discovered by the American scouts. Be ready to fight,
DIALOGEVENT:MisGLA06General20Subtitle,1,*You must push them back so you can take control of the bunkers,
DIALOGEVENT:MisGLA07Convoy13Subtitle,1,"*We have found some supplies, could be useful",
DIALOGEVENT:MisGLA08Buggy101Subtitle,1,*To glory!,
DIALOGEVENT:MisGLA08Kenwar10Subtitle,1,*We will have to hit them with everything we have,
DIALOGEVENT:MisGLA08Kenwar39Subtitle,1,*Our forces are prepared to begin the assault,
DIALOGEVENT:MisUSA01Commander03Subtitle,1,*Fast movers in-bound,
DIALOGEVENT:MisUSA01Commander09Subtitle,1,"*Echo company, bomber in-bound, you're too close, pull back!",
DIALOGEVENT:MisUSA01Echo108Subtitle,1,"*More contacts, range 300",
DIALOGEVENT:MisUSA01Echo201Subtitle,1,*I'm hit!,
DIALOGEVENT:MisUSA01Eva02Subtitle,1,"*General, capture enemy oil derricks to secure more supplies for the war effort",
DIALOGEVENT:MisUSA01Raptor201Subtitle,1,*Light 'em up,
DIALOGEVENT:MisUSA01xBrf01Subtitle,1,"*Welcome back, General",
DIALOGEVENT:MisUSA01xBrf02Subtitle,1,*The GLA launched their missile from the Baikonur Facility early this morning. Intel reports that they are preparing a second launch,
DIALOGEVENT:MisUSA01xBrf03Subtitle,1,*Use of this missile will severely weaken our foothold in Europe. It is vital that we remove this threat,
DIALOGEVENT:MisUSA01xBrf04Subtitle,1,*Our sources indicate that the next missile is being transported to the launch facility by train. These tracks are the only way into the facility,
DIALOGEVENT:MisUSA01xBrf05Subtitle,1,"*If we can intercept that train in time, we can use it as cover to infiltrate the base",
DIALOGEVENT:MisUSA01xBrf06Subtitle,1,*The first step in completing our mission is to secure and hold this Train Depot,
DIALOGEVENT:MisUSA01xBrf07Subtitle,1,"*Good luck, General",
DIALOGEVENT:MisUSA01xC+A39hat11Subtitle,1,*More GLA structures to the east!,
DIALOGEVENT:MisUSA01xChat01Subtitle,1,*Scorpions at 9 o clock!,
DIALOGEVENT:MisUSA01xChat02Subtitle,1,*All aboard!,
DIALOGEVENT:MisUSA01xChat03Subtitle,1,*Everybody got their tickets?,
DIALOGEVENT:MisUSA01xChat04Subtitle,1,"*Honey, I'm home! Ha ha ha",
DIALOGEVENT:MisUSA01xChat05Subtitle,1,*Get some infantry into these vehicles! We can use them to help defeat the GLA!,
DIALOGEVENT:MisUSA01xChat06Subtitle,1,*Somebody garrison that Radio Station! We need air support now!,
DIALOGEVENT:MisUSA01xChat07Subtitle,1,*Aim for those barrels! They're explosive!,
DIALOGEVENT:MisUSA01xChat08Subtitle,1,"*Ok boys. Let's load 'em up, and mooove 'em out!",
DIALOGEVENT:MisUSA01xChat09Subtitle,1,*Stinger sites are down! Repeat Stingers down! All units converge on GLA structures! Let's tear this place up!,
DIALOGEVENT:MisUSA01xChat10Subtitle,1,*More GLA structures to the west!,
DIALOGEVENT:MisUSA01xChat12Subtitle,1,"*Will do, HQ! Got 'em in my sights",
DIALOGEVENT:MisUSA01xChat13Subtitle,1,*Delivering payload,
DIALOGEVENT:MisUSA01xChat14Subtitle,1,*Love that fresh smell of MOAB in the morning,
DIALOGEVENT:MisUSA01xCin01Subtitle,1,*All units clear the launch area. Launch is scheduled in t-minus,
DIALOGEVENT:MisUSA01xCin02Subtitle,1,*5,
DIALOGEVENT:MisUSA01xCin03Subtitle,1,*4,
DIALOGEVENT:MisUSA01xCin04Subtitle,1,*3,
DIALOGEVENT:MisUSA01xCin05Subtitle,1,*2,
DIALOGEVENT:MisUSA01xCin06Subtitle,1,*1,
DIALOGEVENT:MisUSA01xCin07Subtitle,1,*0,
DIALOGEVENT:MisUSA01xCin08Subtitle,1,*We have launch,
DIALOGEVENT:MisUSA01xCin09Subtitle,1,*Launch is a go,
DIALOGEVENT:MisUSA01xCin10Subtitle,1,*Filthy Americans. We will torch your presence here,
DIALOGEVENT:MisUSA01xCin11Subtitle,1,*Stupid American cowboys!,
DIALOGEVENT:MisUSA01xEva01Subtitle,1,"*Good work, General. The depot is secured",
DIALOGEVENT:MisUSA01xEva02Subtitle,1,*Now we need to build an attack force large enough to destroy the GLA base,
DIALOGEVENT:MisUSA01xEva03Subtitle,1,*Load your best units onto the train,
DIALOGEVENT:MisUSA01xEva04Subtitle,1,*The train will depart when it is completely full,
DIALOGEVENT:MisUSA01xEva05Subtitle,1,"*Good work, General the train is full",
DIALOGEVENT:MisUSA01xEva06Subtitle,1,*Get that Dragon Tank up there to clear out those buildings,
DIALOGEVENT:MisUSA01xEva07Subtitle,1,*Build more units. We don't want to fail in our surprise attack,
DIALOGEVENT:MisUSA01xEva08Subtitle,1,*General! Get your men out of the pit! We've got MOABS on the way that are gonna blow this place to bits,
DIALOGEVENT:MisUSA01xEva09Subtitle,1,*We need to finish destroying this base!,
DIALOGEVENT:MisUSA01xEva10Subtitle,1,*The MOABs will be here any minute!,
DIALOGEVENT:MisUSA01xEva11Subtitle,1,*Alpha Wing! Area is clear. You may proceed,
DIALOGEVENT:MisUSA01xEva12Subtitle,1,"*Good work, General. It looks like the GLA threat has finally been removed. It's time to put all this behind us and get looking for those WMDs",
DIALOGEVENT:MisUSA02Comanche101Subtitle,1,"*Thanks for getting me out, sir! Things were getting a little dicey for me",
DIALOGEVENT:MisUSA02Comanche204Subtitle,1,"*They're swarming us, sir!",
DIALOGEVENT:MisUSA02xBrf01Subtitle,1,"*The docks have been cleared, General. Our first task will be to hold them while the supply trucks are brought in. Until the Dozers arrive, we will have to defend this position with our troops as they filter in",
DIALOGEVENT:MisUSA02xBrf02Subtitle,1,*Most of our fleet survived the GLA Baikonur Attack. Our Aircraft Carrier and Battleship escorts are at your disposal to aid with this operation,
DIALOGEVENT:MisUSA02xChat01Subtitle,1,*Air-strike Launched,
DIALOGEVENT:MisUSA02xChat02Subtitle,1,*Battleship commencing bombardment,
DIALOGEVENT:MisUSA02xChat03Subtitle,1,*Docks are all clear. No GLA in sight,
DIALOGEVENT:MisUSA02xChat04Subtitle,1,*Roger that,
DIALOGEVENT:MisUSA02xChat05Subtitle,1,*Commencing Attack,
DIALOGEVENT:MisUSA02xChat06Subtitle,1,*Launching Air-strike,
DIALOGEVENT:MisUSA02xChat07Subtitle,1,*Guns a blazing,
DIALOGEVENT:MisUSA02xChat08Subtitle,1,*We'll give them some red glare alright,
DIALOGEVENT:MisUSA02xCin01Subtitle,1,"*Carrier Command to fleet. Keep up the fire, boys. The GLA are bringing in reinforcements",
DIALOGEVENT:MisUSA02xCin02Subtitle,1,"*Roger that, Carrier command. Maintaining suppression fire on the docks",
DIALOGEVENT:MisUSA02xCin03Subtitle,1,"*Be careful what you hit. We just want to clear it out, not destroy it",
DIALOGEVENT:MisUSA02xEva01Subtitle,1,"*Good work, sir! Our next objective is to provide safe passage for the supply trucks as they travel through the city. The trucks must reach the city's supply warehouse. We must also retain control of the docks. Good luck, sir",
DIALOGEVENT:MisUSA02xEva02Subtitle,1,"*Supply Trucks are beginning to move, General. We must provide protection as they make their way to the drop off point",
DIALOGEVENT:MisUSA02xEva03Subtitle,1,*I'm sending you some new prototype sentry drones. The enemy can't detect them if they stay still. The drones are also capable of spotting stealthed units as well as GLA demo traps. They should prove to be very useful,
DIALOGEVENT:MisUSA02xEva04Subtitle,1,*Our dozer has arrived sir! Begin building up your base. The GLA are preparing a new wave of attacks against us!,
DIALOGEVENT:MisUSA02xEva05Subtitle,1,"*Great job, sir! The people of this city have expressed their gratitude for the relief supplies. Our final objective is to drive the GLA from the area. Destroy their main base overlooking the city and the area will be secured",
DIALOGEVENT:MisUSA02xEva06Subtitle,1,"*Reinforcements incoming, General",
DIALOGEVENT:MisUSA02xEva07Subtitle,1,"*General, our Sentry Drones can help spot GLA Demo Traps",
DIALOGEVENT:MisUSA02xEva08Subtitle,1,"*Sir, there are still GLA near the warehouse. We need to clear them out immediately",
DIALOGEVENT:MisUSA02xEva09Subtitle,1,*Supply Trucks are under attack!,
DIALOGEVENT:MisUSA02xEva10Subtitle,1,"*Good job, all trucks are safely to the docks, now lets get them to the city",
DIALOGEVENT:MisUSA02xEva11Subtitle,1,*Try to minimize civilian casualties,
DIALOGEVENT:MisUSA02xEva12Subtitle,1,"*You've discovered a GLA training camp, sir. Intelligence believes that members of this camp were partially responsible for the Baikonur Launch. We have been ordered to take it out",
DIALOGEVENT:MisUSA02xEva13Subtitle,1,*Secure the warehouse so the supply trucks can proceed safely,
DIALOGEVENT:MisUSA02xEva14Subtitle,1,*Once the warehouse is secure the supply trucks will proceed,
DIALOGEVENT:MisUSA02xEva15Subtitle,1,*Dozers have arrived general. You are cleared to eliminate the GLA at your discretion,
DIALOGEVENT:MisUSA02xEva16Subtitle,1,*Get the food to the city before the GLA can steal or destroy it,
DIALOGEVENT:MisUSA02xEva17Subtitle,1,"*General, we've done it. The city is free from the GLA tyranny. It looks like they've got some Intel that will lead us straight to those hidden WMDs",
DIALOGEVENT:MisUSA02xEva18Subtitle,1,*Full naval support is available for this operation,
DIALOGEVENT:MisUSA02xEva19Subtitle,1,*Use the battleships and aircraft carrier at your discretion,
DIALOGEVENT:MisUSA02xEva20Subtitle,1,"*The battleships are in range and awaiting targets, General",
DIALOGEVENT:MisUSA02xEva21Subtitle,1,*The CVN Daedalus is standing by with aircraft at the ready,
DIALOGEVENT:MisUSA02xEva22Subtitle,1,"*The warehouse needs to be secured, but the safety of the docks must not be compromised",
DIALOGEVENT:MisUSA02xEva23Subtitle,1,*Our forces are limited in this area. You will receive reinforcements as they become available,
DIALOGEVENT:MisUSA02xEva24Subtitle,1,*Secure the warehouse without compromising the safety of the docks,
DIALOGEVENT:MisUSA02xEva25Subtitle,1,*The convoy has resupplied the warehouse,
DIALOGEVENT:MisUSA02xEva26Subtitle,1,"*The GLA Base is the next objective, General",
DIALOGEVENT:MisUSA02xSupply01Subtitle,1,"*As soon as that warehouse is safe, we will roll out",
DIALOGEVENT:MisUSA02xSupply02Subtitle,1,"*Thanks for the cover fire, General! All trucks loaded and ready to move out. Just clear out that city for us, sir!",
DIALOGEVENT:MisUSA02xSupply03Subtitle,1,"*The streets are lined with Demo Traps, sir! We'll need them swept clear!",
DIALOGEVENT:MisUSA02xSupply04Subtitle,1,"*We've reached the warehouse, General. Thanks for the escort!",
DIALOGEVENT:MisUSA02xSupply05Subtitle,1,"*Convoy's arrived safely, sir. Thanks for the cover",
DIALOGEVENT:MisUSA02xVillager01Subtitle,1,*Oh thank you,
DIALOGEVENT:MisUSA02xVillager02Subtitle,1,*Bless You,
DIALOGEVENT:MisUSA02xVillager03Subtitle,1,*I haven't eaten in so long,
DIALOGEVENT:MisUSA02xVillager04Subtitle,1,*Will there be any more?,
DIALOGEVENT:MisUSA03Comanche102Subtitle,1,"*Quad Cannons are picking us apart, sir",
DIALOGEVENT:MisUSA03Crusader105Subtitle,1,*We need more support! They're chewing us up!,
DIALOGEVENT:MisUSA03Crusader108Subtitle,1,*Someone get those buggies off us!,
DIALOGEVENT:MisUSA03Crusader304Subtitle,1,*Enemy contacts confirmed! They're moving in fast!,
DIALOGEVENT:MisUSA03Crusader307Subtitle,1,*All units! Keep up the fire!,
DIALOGEVENT:MisUSA03xBrf01Subtitle,1,"*General, Col Burton and Black Lotus are in position and ready for your orders",
DIALOGEVENT:MisUSA03xBrf02Subtitle,1,*Their primary objective is this secret laboratory. It's location was revealed by the documents captured during your last mission,
DIALOGEVENT:MisUSA03xBrf03Subtitle,1,*The GLA are working on a new weapon of mass destruction. Black Lotus must download this data so we know how far along their research has come,
DIALOGEVENT:MisUSA03xBrf04Subtitle,1,"*Once she has completed her download, Col Burton must bring the mountainside down on the lab and bury it forever",
DIALOGEVENT:MisUSA03xBurton01Subtitle,1,"*We're at the bridge. Lotus, take care of that Scorpion, I'll deal with the other guards",
DIALOGEVENT:MisUSA03xBurton02Subtitle,1,"*That wasn't part of the plan, Lotus",
DIALOGEVENT:MisUSA03xBurton03Subtitle,1,"*You'll wait for me? All right, Lotus, let's race",
DIALOGEVENT:MisUSA03xBurton04Subtitle,1,*I'm on my way,
DIALOGEVENT:MisUSA03xBurton05Subtitle,1,"*All right, I see the POW camplooks like they have a Tunnel Network that passes under the river",
DIALOGEVENT:MisUSA03xBurton06Subtitle,1,"*Nice work, LotusTunnels down herejust take care of a couple guards and I'll have everyone freed",
DIALOGEVENT:MisUSA03xBurton07Subtitle,1,"*Those vehicles would come in handy if the intel about the defenses around the mountains are correct. General, we ought to rescue them, too",
DIALOGEVENT:MisUSA03xBurton08Subtitle,1,"*General, I'm in position near the second POW Campthere's a Tunnel Network and guards out front. I could slip past them into the compound if I climbed down the cliffs on the south end of the camp",
DIALOGEVENT:MisUSA03xBurton09Subtitle,1,"*Don't get cocky, Lotus, you haven't won this race yet",
DIALOGEVENT:MisUSA03xBurton10Subtitle,1,*That's the last of themsecond POW Camp is securedsomeone should tell Lotus to hurry upI don't want to be kept waiting at the Lab,
DIALOGEVENT:MisUSA03xBurton11Subtitle,1,"*That's some new toy. General, if you focus it at those Tunnel Networks and Stinger Sites guarding the mountain, I'll slip right by them",
DIALOGEVENT:MisUSA03xBurton12Subtitle,1,*Looks like a whole GLA base. Intel never said anything about this being here,
DIALOGEVENT:MisUSA03xBurton13Subtitle,1,"*Doesn't look like they were expecting mea little C4 here and there and I'll make short work of this placejust say the word, General",
DIALOGEVENT:MisUSA03xBurton14Subtitle,1,*I should be safe moving through the villagejust need to watch out for any Radar Vans monitoring the area. Wish I had a couple Flash Bangs,
DIALOGEVENT:MisUSA03xBurton15Subtitle,1,"*This is it! I'm moving into position above the Labdon't keep me waiting Lotus, its cold up here",
DIALOGEVENT:MisUSA03xBurton16Subtitle,1,"*Charges setsay when, Lotus",
DIALOGEVENT:MisUSA03xBurton17Subtitle,1,"*Well, Lotus, you're fastI'll give you that. I'll be there as soon as I can",
DIALOGEVENT:MisUSA03xBurton18Subtitle,1,"*AlrightI'm at the mountainTell me when your download finishes, Lotus, and I'll bury that lab where no one will ever find it again",
DIALOGEVENT:MisUSA03xChat01Subtitle,1,*Garrisoneat Flash Bang,
DIALOGEVENT:MisUSA03xChat02Subtitle,1,"*There they areremember, short controlled bursts",
DIALOGEVENT:MisUSA03xChat03Subtitle,1,*Infantry? No problem,
DIALOGEVENT:MisUSA03xChat04Subtitle,1,*We're taking firewe need some support here!,
DIALOGEVENT:MisUSA03xCin01Subtitle,1,"*This is Spirit, I am rolling in over the target area",
DIALOGEVENT:MisUSA03xCin02Subtitle,1,"*Roger, Spirit, mission is go. You ready to do this?",
DIALOGEVENT:MisUSA03xCin03Subtitle,1,"*Yes, Colonel, let us begin",
DIALOGEVENT:MisUSA03xCin04Subtitle,1,"*This is Spirit, bomb bay doors open bombs are away",
DIALOGEVENT:MisUSA03xCin05Subtitle,1,"*Spirit to Infiltrator, your LZ is clearGood Luck",
DIALOGEVENT:MisUSA03xCin06Subtitle,1,"*Roger, Spirit, nice shooting",
DIALOGEVENT:MisUSA03xCin07Subtitle,1,*On stationeverybody out who's staying,
DIALOGEVENT:MisUSA03xCin08Subtitle,1,*Thanks for the lift boyssee you soon,
DIALOGEVENT:MisUSA03xCin09Subtitle,1,*Your small Chinooks are efficientbut I prefer the strength of our Helixes...,
DIALOGEVENT:MisUSA03xDrvr01Subtitle,1,*We're free! Everyone to your vehicles!,
DIALOGEVENT:MisUSA03xDrvr02Subtitle,1,"*Thanks, General. We're at your command",
DIALOGEVENT:MisUSA03xEva01Subtitle,1,"*General, your first objective is the destruction of this bridge. Its destruction will cut off GLA reinforcements from the other side of the river",
DIALOGEVENT:MisUSA03xEva02Subtitle,1,"*General, GLA reinforcements have been sighted crossing the bridge",
DIALOGEVENT:MisUSA03xEva03Subtitle,1,"*Another GLA squad has entered the area, General. Perhaps we should take care of that bridge now?",
DIALOGEVENT:MisUSA03xEva04Subtitle,1,"*General, it appears that there are several GLA Radar Vans in the area, if your forces get to close, they will be detected",
DIALOGEVENT:MisUSA03xEva05Subtitle,1,"*Excellent job, General. Now you only need to worry about GLA forces on this side of the river",
DIALOGEVENT:MisUSA03xEva06Subtitle,1,"*The GLA have a POW camp along the route Col Burton must take to the GLA Lab. If you free the men held there, Col Burton will have an easier time getting to the Lab",
DIALOGEVENT:MisUSA03xEva07Subtitle,1,"*General, intel suggests you free the men at the POW camp before you send Col Burton too far away",
DIALOGEVENT:MisUSA03xEva08Subtitle,1,"*Congratulations, General, I'm sure the families of those men will be happy to hear they've been rescued",
DIALOGEVENT:MisUSA03xEva09Subtitle,1,"*General, the GLA's Lab is directly north of your current position. There are a number of GLA defenses still along your routebe careful",
DIALOGEVENT:MisUSA03xEva10Subtitle,1,*It appears that those Oil Derricks are the only source of income for the GLA base. If you can destroy them you will cripple the GLA here,
DIALOGEVENT:MisUSA03xEva11Subtitle,1,"*General, I'm patching through Black Lotus",
DIALOGEVENT:MisUSA03xEva12Subtitle,1,"*General, the men you just rescued are driving our newest vehicle, the Microwave Tank",
DIALOGEVENT:MisUSA03xEva13Subtitle,1,*This vehicle has two modes: The first generates a continuous microwave field in front of the vehicle - very lethal to all infantry. The second allows it to disrupt the functions of any targeted building,
DIALOGEVENT:MisUSA03xEva14Subtitle,1,"*General, the GLA know we are here and appear to be on heightened alert. Be careful when moving Col Burton into position above their Secret Lab",
DIALOGEVENT:MisUSA03xEva15Subtitle,1,"*General, the GLA have upgraded their tank shells to contain poisons. Be careful.",
DIALOGEVENT:MisUSA03xEva16Subtitle,1,"*I'm showing a GLA patrol in that village, Generalas well as a number of enemy forces garrisoned throughout the village",
DIALOGEVENT:MisUSA03xEva17Subtitle,1,*Maybe Black Lotus can find out more Intel about who is behind the GLA WMD program,
DIALOGEVENT:MisUSA03xEva18Subtitle,1,"*That was incredible General. Looks like the GLA won't be using that facility anymoreand it seems Black Lotus downloaded some vital info about the source of this lab. For now, let's regroup and see what she was able to find out. Great work",
DIALOGEVENT:MisUSA03xLotus01Subtitle,1,*The scorpion is disabledI will take care of matters across the river. Wait until I am across and then destroy the bridge,
DIALOGEVENT:MisUSA03xLotus02Subtitle,1,"*It is now. Don't worry, I'll wait for you at the labdo hurry",
DIALOGEVENT:MisUSA03xLotus03Subtitle,1,"*General, I am in a position to help free your forces held prisoner. Perhaps Col. Burton would like to help?",
DIALOGEVENT:MisUSA03xLotus04Subtitle,1,"*General, could you ask Col Burton to please hurry to the POW campI'm tired of waiting on him",
DIALOGEVENT:MisUSA03xLotus05Subtitle,1,*I will draw the camp guards attention to this side of the river. That should let you and your pet robots handle the Tunnel and free your captured men,
DIALOGEVENT:MisUSA03xLotus06Subtitle,1,*Generalmy forces are moving on the final GLA positions this side of the river. Please inform Col Burton that he should hurryI would prefer not to wait too long for him to catch up,
DIALOGEVENT:MisUSA03xLotus07Subtitle,1,*Please inform Col Burton that I shall be waiting for HIM at the Lab,
DIALOGEVENT:MisUSA03xLotus08Subtitle,1,"*I'm here, Colonelyou win. The GLA put up a stronger fight than I had anticipated. Beginning download",
DIALOGEVENT:MisUSA03xLotus09Subtitle,1,"*I have the data! Now, Colonel!",
DIALOGEVENT:MisUSA03xLotus10Subtitle,1,*General. I am ready and waiting at the Labwhenever the Colonel would like to arrive and finish this mission,
DIALOGEVENT:MisUSA03xLotus11Subtitle,1,*It is cold out here. You are coming aren't you Burton?,
DIALOGEVENT:MisUSA03xLotus12Subtitle,1,*Downloading the information now,
DIALOGEVENT:MisUSA03xRngr01Subtitle,1,"*Thanks for the rescue, Sir",
DIALOGEVENT:MisUSA03xRngr02Subtitle,1,*A couple of our men broke off to check out the village east of here before we were captured. They may still be over there,
DIALOGEVENT:MisUSA03xRngr03Subtitle,1,"*Good to see you, General, we thought we were going to end up captured",
DIALOGEVENT:MisUSA03xRngr04Subtitle,1,"*The rest of our team was captured just after we got to the village. General, we'd like to volunteer to rescue them",
DIALOGEVENT:MisUSA03xRngr05Subtitle,1,"*General, a squad of vehicles was captured just after we were taken. The GLA are holding them in a camp just north of here",
DIALOGEVENT:MisUSA04Eva02Subtitle,1,*Reinforcements arrived,
DIALOGEVENT:MisUSA04Eva07Subtitle,1,*We need to clear out these Stinger Sites before we can bring in our bombers to clear the GLA from the area,
DIALOGEVENT:MisUSA04Eva08Subtitle,1,*Construction crews have arrived sir. You'll need to get our base setup before we're overrun by the GLA,
DIALOGEVENT:MisUSA04Eva09Subtitle,1,"*Our final objective is this GLA base here, in the hills. Take it out, and the operation is complete",
DIALOGEVENT:MisUSA04Officer03Subtitle,1,*Terrorists detected. All units be on the alert,
DIALOGEVENT:MisUSA04Ranger01Subtitle,1,*Calling in GLA bunker location at grid square Beta Charlie 6-8-9er-4-4,
DIALOGEVENT:MisUSA04Transport01Subtitle,1,*Transport teams 1 and 2 approaching the landing zone,
DIALOGEVENT:MisUSA04Transport03Subtitle,1,*Transport Team 1 reporting! Mission completed! I'm pulling out!,
DIALOGEVENT:MisUSA04xBrf01Subtitle,1,"*General, intelligence reports that the rogue forces behind this GLA splinter cell are commanded by Dr. Thrax",
DIALOGEVENT:MisUSA04xBrf02Subtitle,1,*Dr. Thrax is a wanted criminalresponsible for notorious terror crimes against the US military. He must be brought to justice,
DIALOGEVENT:MisUSA04xBrf03Subtitle,1,*Dr. Thrax was developing a brand new toxin at his secret mountain lab. Thank goodness Lotus and Burton were there to stop him,
DIALOGEVENT:MisUSA04xBrf04Subtitle,1,*Dr. Thrax is receiving his funding from his oil fields. We must cut off his flow of oil,
DIALOGEVENT:MisUSA04xBrf05Subtitle,1,"*The Intel we retrieved from the Secret Lab proves the GLA have seized these oil fields to help fund the nefarious Dr. Thrax. They may destroy them, rather then let you recapture them. Beware General, the GLA have started using Booby Trapsuse Dozers to remove BOOBY TRAPS safely",
DIALOGEVENT:MisUSA04xChat01Subtitle,1,*Sir! Toxin Tractors are eating us up! Send help!,
DIALOGEVENT:MisUSA04xChat02Subtitle,1,*Toxin Tractors! Pull your infantry back!,
DIALOGEVENT:MisUSA04xChat03Subtitle,1,*Quad Cannons spotted sir!,
DIALOGEVENT:MisUSA04xChat04Subtitle,1,"*We're losing units to Quad Cannons, sir! Send armor!",
DIALOGEVENT:MisUSA04xChat05Subtitle,1,"* NO! Bravo Three was killed by a Quad Cannon, Sir!",
DIALOGEVENT:MisUSA04xChat06Subtitle,1,"*The enemy has started sending tanks, sir! Send Missile defenders!",
DIALOGEVENT:MisUSA04xChat07Subtitle,1,*Ha! GLA tanks are no match for us!,
DIALOGEVENT:MisUSA04xChat08Subtitle,1,"*Sir, we're losing units to enemy Tanks!",
DIALOGEVENT:MisUSA04xChat09Subtitle,1,*What's the enemy doing with those radar vans?,
DIALOGEVENT:MisUSA04xChat10Subtitle,1,*Was that a car bomb?,
DIALOGEVENT:MisUSA04xChat11Subtitle,1,*Where are those car bombs coming from?,
DIALOGEVENT:MisUSA04xChat12Subtitle,1,"*Sir, we need more defenses out here! Car Bombs are tearing us up!",
DIALOGEVENT:MisUSA04xChat13Subtitle,1,*Bomb trucks?! That's not fair!,
DIALOGEVENT:MisUSA04xChat14Subtitle,1,"*Sir, we need better defenses against these Bomb Trucks!",
DIALOGEVENT:MisUSA04xChat15Subtitle,1,"*Sir, we've engaged angry mobs! Send anti-personnel units!",
DIALOGEVENT:MisUSA04xChat16Subtitle,1,*Angry mobs are destroying us! Send some snipers out here!,
DIALOGEVENT:MisUSA04xChat17Subtitle,1,"*Sir, we need to do something about these ANGRY MOBS!",
DIALOGEVENT:MisUSA04xChat18Subtitle,1,"*Sir, we're losing units to Terrorists, can we get a sniper out here?",
DIALOGEVENT:MisUSA04xChat19Subtitle,1,"*Sir, these Terrorists are chewing us up! Send support!",
DIALOGEVENT:MisUSA04xChat20Subtitle,1,*Geez! What's with all these demo traps!,
DIALOGEVENT:MisUSA04xChat21Subtitle,1,"*Sir, this field is littered with Demo Traps! We need to clear them out!",
DIALOGEVENT:MisUSA04xChat22Subtitle,1,*What?! We've lost a structure to a CAR BOMBER!,
DIALOGEVENT:MisUSA04xChat23Subtitle,1,*Car Bombers are attacking us! The appear to be coming from the local town,
DIALOGEVENT:MisUSA04xChat24Subtitle,1,*Whoa! Those bomb trucks pack a punch!,
DIALOGEVENT:MisUSA04xChat25Subtitle,1,*Ouch! That one hurt!,
DIALOGEVENT:MisUSA04xChat26Subtitle,1,"*Sir, build more defenses to protect against the BOMB TRUCKS!",
DIALOGEVENT:MisUSA04xChat27Subtitle,1,*Whoa! Those mobs are ANGRY!,
DIALOGEVENT:MisUSA04xChat28Subtitle,1,"*Sir, we need a Pathfinder to deal with those ANGRY MOBS!",
DIALOGEVENT:MisUSA04xChat29Subtitle,1,"*Sir, we need anti-personnel out here NOW! These angry mobs are chewing us up!",
DIALOGEVENT:MisUSA04xChat30Subtitle,1,"*Sir, we've lost a building to a car bomb",
DIALOGEVENT:MisUSA04xChat31Subtitle,1,*Terrorists are destroying our buildings! Call in snipers!,
DIALOGEVENT:MisUSA04xChat32Subtitle,1,*Sir! Their Bomb Trucks are destroying our base!,
DIALOGEVENT:MisUSA04xCIA01Subtitle,1,*Good to see some friendlies! Let's rock!,
DIALOGEVENT:MisUSA04xCIA02Subtitle,1,"*Following your lead, General",
DIALOGEVENT:MisUSA04xCIA03Subtitle,1,"*Here I am, lead on",
DIALOGEVENT:MisUSA04xCin01Subtitle,1,"*Satcom, this is Charlie 5. Approaching TARGET, no hostiles sightedwaitTARGET is in sight, Satcomover",
DIALOGEVENT:MisUSA04xCin02Subtitle,1,"*Roger that 5You are a go, over",
DIALOGEVENT:MisUSA04xCin03Subtitle,1,*Roger Satcompayload is awayleaving hotzone! Over,
DIALOGEVENT:MisUSA04xCin04Subtitle,1,"*Roger that 5, out. Victor 3 you are go for IMMEDIATE dropover",
DIALOGEVENT:MisUSA04xCin05Subtitle,1,*Roger Satcomapproaching target area,
DIALOGEVENT:MisUSA04xCin06Subtitle,1,*Lock and Load!,
DIALOGEVENT:MisUSA04xCin07Subtitle,1,*Jump! Jump!,
DIALOGEVENT:MisUSA04xCin08Subtitle,1,"*Careful not to get slimed, boyschem weapons sighted",
DIALOGEVENT:MisUSA04xCin09Subtitle,1,"*This is no MILK RUN, boys! Keep your heads!",
DIALOGEVENT:MisUSA04xCin10Subtitle,1,*Stay in formation!! No Cowboys!,
DIALOGEVENT:MisUSA04xCin11Subtitle,1,*Goats are away. Retuning to barn. Out,
DIALOGEVENT:MisUSA04xCin12Subtitle,1,"*Bravo team, your primary objective is the small airstrip to your South. Secure it for incoming reinforcements. Out",
DIALOGEVENT:MisUSA04xCin13Subtitle,1,"*Roger Satcom, moving out. Listen up kids! This is a FREE FIRE ZONE! Watch for ROACHES! If it moves kill it",
DIALOGEVENT:MisUSA04xCin14Subtitle,1,"*Airstrip secured, GeneralReinforcements en route",
DIALOGEVENT:MisUSA04xEva01Subtitle,1,*The GLA has started using BOOBY-TRAPS on structures in this area. They will explode if you try to capture or garrison them. Use Dozers to remove them,
DIALOGEVENT:MisUSA04xEva02Subtitle,1,*The GLA has seized the nearby oil fields. Protect the derricks and destroy the GLA base,
DIALOGEVENT:MisUSA04xEva03Subtitle,1,"*BE CAREFUL, General; the enemy may have set up traps in the oil field",
DIALOGEVENT:MisUSA04xEva04Subtitle,1,"*Good news, General. Colonel Burton knows several covert operatives in this area. Lead Burton to the ops to solicit their help",
DIALOGEVENT:MisUSA04xEva05Subtitle,1,"*Good news, General. There are several covert operatives in this area. Find them to solicit their help",
DIALOGEVENT:MisUSA04xEva06Subtitle,1,"*Well done General, this region is now free of GLA troublemakers",
DIALOGEVENT:MisUSA04xEva07Subtitle,1,"*Well done, General. This area has been secured",
DIALOGEVENT:MisUSA04xEva08Subtitle,1,"*General, Your ultimate objective is to destroy the GLA base in this area. Your main source of funding will be the oil derricks. You must secure and protect them!",
DIALOGEVENT:MisUSA04xEva09Subtitle,1,"*Well done, General. Your mission is a success",
DIALOGEVENT:MisUSA04xEva10Subtitle,1,"*General, the local town is being poisoned by GLA propaganda and are launching attacks against us. Destroy the GLA radio station to quell the uprising",
DIALOGEVENT:MisUSA04xEva11Subtitle,1,*Destroy the GLA radio-station in the city to quell the uprising,
DIALOGEVENT:MisUSA04xEva12Subtitle,1,"*Well done, General. The GLA propaganda machine has been destroyed",
DIALOGEVENT:MisUSA04xEva13Subtitle,1,*Destroy the GLA RADIO STATION in the city to stop the car-bomb attacks,
DIALOGEVENT:MisUSA04xEva14Subtitle,1,*Destroy the GLA RADIO STATION in the city to stop the bomb-truck attacks,
DIALOGEVENT:MisUSA04xEva15Subtitle,1,*Destroy the GLA RADIO STATION in the city to stop the suicide attacks,
DIALOGEVENT:MisUSA04xEva16Subtitle,1,"*General, there are several ARTILLERY PLATFORMS in the area. Capture them for suppression fire",
DIALOGEVENT:MisUSA04xEva17Subtitle,1,"*General, There is a REPAIR PAD in the area. Capture it to help heal our vehicles",
DIALOGEVENT:MisUSA04xEva18Subtitle,1,"*Sir, please build more defenses to protect against the car bombers",
DIALOGEVENT:MisUSA04xEva19Subtitle,1,"*Sir, the enemy has started deploying Radar Vans, they can spot our pathfinders!",
DIALOGEVENT:MisUSA04xEva20Subtitle,1,"*Sir, the enemy's Radar Vans are sweeping for our pathfindersbe careful",
DIALOGEVENT:MisUSA04xEva21Subtitle,1,"*Sir, we should build Patriots to counter the bomb trucks",
DIALOGEVENT:MisUSA04xEva22Subtitle,1,"*Sir, Enemy Terrorists are proving highly effective. I suggest you send Pathfinders",
DIALOGEVENT:MisUSA04xEva23Subtitle,1,"*Sir! We're losing units to Demo Traps, please be more careful!",
DIALOGEVENT:MisUSA04xEva24Subtitle,1,"*General, There is an OIL REFINERY in the area. Capture it to reduce vehicle cost",
DIALOGEVENT:MisUSA04xEva25Subtitle,1,"*Sir, the enemy has begun attacking the OIL FIELDS",
DIALOGEVENT:MisUSA04xEva26Subtitle,1,"*WARNING: OIL derrick DESTROYED! 
 Only 1 derrick remains!",
DIALOGEVENT:MisUSA04xEva27Subtitle,1,"*WARNING: OIL derrick DESTROYED! 
 Only 5 derricks remain",
DIALOGEVENT:MisUSA04xEva28Subtitle,1,"*WARNING: OIL derrick DESTROYED! 
 Only 10 derricks remain",
DIALOGEVENT:MisUSA04xEva29Subtitle,1,"*WARNING: OIL derrick DESTROYED! 
 15 derricks remain",
DIALOGEVENT:MisUSA04xEva30Subtitle,1,"*General, our cash reserves are running low -- capture oil derricks for needed cash",
DIALOGEVENT:MisUSA04xEva31Subtitle,1,*WARNING: SCUDSTORM DETECTED!,
DIALOGEVENT:MisUSA04xEva32Subtitle,1,*General! Colonel Burton is down!,
DIALOGEVENT:MisUSA04xEva33Subtitle,1,*All the oil derricks have been DESTROYED! Your mission is a failure,
DIALOGEVENT:MisUSA04xEva34Subtitle,1,*Your base has been destroyed! Your mission is a failure,
DIALOGEVENT:MisUSA04xEva35Subtitle,1,"*Good luck, sir",
DIALOGEVENT:MisUSA05xChat01Subtitle,1,*Our base is being attacked sir. They built a tunnel network inside our base without us knowing,
DIALOGEVENT:MisUSA05xChat02Subtitle,1,*Those buses are loaded with hostiles sir! Watch out!,
DIALOGEVENT:MisUSA05xChat03Subtitle,1,*Our base is being attacked sir. They built a tunnel network inside our base without us knowing,
DIALOGEVENT:MisUSA05xChat04Subtitle,1,*We offer you our assistance to rid us of this Toxin Monger. His obsession will kill us all and that we cannot allow,
DIALOGEVENT:MisUSA05xChat05Subtitle,1,*Death to the Devil of Disease!,
DIALOGEVENT:MisUSA05xChat06Subtitle,1,"*Help! Over here, please release me",
DIALOGEVENT:MisUSA05xChat07Subtitle,1,*Thank you for releasing me. Transport me to my base in the East and I can help you,
DIALOGEVENT:MisUSA05xCin01Subtitle,1,*Sat-Com A4 has confirmation on base location. Visuals are uploading now,
DIALOGEVENT:MisUSA05xCin02Subtitle,1,"*Field, please verify status of Toxin Production facilities",
DIALOGEVENT:MisUSA05xCin03Subtitle,1,*Then we have a go upon presentation of final clearance code,
DIALOGEVENT:MisUSA05xCin04Subtitle,1,"*Roger that, Alpha Whiskey Echo, the birds are in the air",
DIALOGEVENT:MisUSA05xCin05Subtitle,1,*Toxin Production Facilities confirmed sir,
DIALOGEVENT:MisUSA05xCin06Subtitle,1,"*Clearance code is Sierra, Hotel, Oscar, Charlie Kilo",
DIALOGEVENT:MisUSA05xEva01Subtitle,1,*Phase one of our operation has been completed General. Our Tomahawk Missile strike was successful in destroying all of GLA's Toxin production facilities. Only their main base and Toxin Missile silo's remain to be eliminated,
DIALOGEVENT:MisUSA05xEva02Subtitle,1,"*General, we've tracked Dr. Thrax to this remote location. He is in possession of chemical tipped missiles, and has them prepped for launch. Destroying his toxin storage tanks has slowed him down, but we must move in and secure those missiles before they can be launched",
DIALOGEVENT:MisUSA05xEva03Subtitle,1,"*General, Dr. Thrax was able to develop small quantities of his new toxin. Make sure your forces are on high alert",
DIALOGEVENT:MisUSA05xEva04Subtitle,1,"*General, due to the civilian presence in this location you will need to use ground forces to assault the final base and capture the 4 toxin missile sites in the area. Our successful liberation of the oil sites in Amisbad has provided us with additional resources for this operation",
DIALOGEVENT:MisUSA05xEva05Subtitle,1,"*Dr. Thrax must be defeated so he can't inflict further terror on the world. General, you must stop him",
DIALOGEVENT:MisUSA05xEva06Subtitle,1,*Our Intel indicates that this is the best area to build your base. Local unrest may be in your favor. Good luck,
DIALOGEVENT:MisUSA05xEva07Subtitle,1,"*General, the local GLA have responded to your rescue and have given us control of their base. You may now use their forces in your attack",
DIALOGEVENT:MisUSA05xEva08Subtitle,1,"*General, your main objective is to capture the 4 Toxin Missile Silo's targeted on US major metropolitan areas before they launch",
DIALOGEVENT:MisUSA05xEva09Subtitle,1,"*General, infrared scans of the area indicate that they are preparing to launch the Toxin Missiles",
DIALOGEVENT:MisUSA05xEva10Subtitle,1,*Missile launch in 5 minutes Your final offensive should commence now,
DIALOGEVENT:MisUSA05xEva11Subtitle,1,*Missile launch in 4 minutes,
DIALOGEVENT:MisUSA05xEva12Subtitle,1,*Missile launch in 3 minutes,
DIALOGEVENT:MisUSA05xEva13Subtitle,1,*Missile launch in 2 minutes,
DIALOGEVENT:MisUSA05xEva14Subtitle,1,*Missile launch in 1 minute We must move in now!,
DIALOGEVENT:MisUSA05xEva15Subtitle,1,*30 seconds until missile launch It's almost too late General!,
DIALOGEVENT:MisUSA05xEva16Subtitle,1,*10 seconds until missile launch,
DIALOGEVENT:MisUSA05xEva17Subtitle,1,*5 4 3 2 1 (gasp) Toxin Missile Launch detected General,
DIALOGEVENT:MisUSA05xEva18Subtitle,1,"*Toxin Missile Impact has been detected and Hot Zone is now confirmed. The casualties are incalculable General, we have failed",
DIALOGEVENT:MisUSA05xEva19Subtitle,1,*The first Missile Silo has been captured and the HazMat decontamination team is en-route. One to go Commander,
DIALOGEVENT:MisUSA05xEva20Subtitle,1,"*Good job, sir. The second Missile Silo has been captured. Two to go",
DIALOGEVENT:MisUSA05xEva21Subtitle,1,"*Good job, sir. The third Missile Silo has been captured. One to go",
DIALOGEVENT:MisUSA05xEva22Subtitle,1,"*Great work, General. We now have control of all 4 Toxin Missile silo's. The operation is a success",
DIALOGEVENT:MisUSA05xEva23Subtitle,1,"*Toxin breach, you have 2 minutes to guide the Bio-engineer to the hot zone to neutralize the threat",
DIALOGEVENT:MisUSA05xEva24Subtitle,1,*We have a green light for the operation. Launch the attack on GLA's perimeter base,
DIALOGEVENT:MisUSA05xEva25Subtitle,1,*Intel says that the Missile Sites we are looking for are in this region. Use caution and make sure those toxins aren't released,
DIALOGEVENT:MisUSA05xEva26Subtitle,1,"*Infantry won't work well here, General. Our enemy is using toxins in almost every weapon that they throw at us",
DIALOGEVENT:MisUSA05xEva27Subtitle,1,"*General, your objective is to capture this structure, not destroy it! If those toxins are released then the region will be contaminated for 100 square miles!",
DIALOGEVENT:MisUSA05xEva28Subtitle,1,"*General, our intel indicates that if we can leak the napalm in those tanks into those nearby tunnels exits we can flood their whole system",
DIALOGEVENT:MisUSA05xEva29Subtitle,1,*Congratulations General. Dr. Thrax won't be poisoning the world with his creations any longer,
DIALOGEVENT:MisUSA05xEva30Subtitle,1,"*Now that Dr. Thrax is defeated we can finally bring our boys home. Good work, General",
DIALOGEVENT:MisUSA05xEva31Subtitle,1,*We have a green light on Operation: Eagle's Strike. Launch the attack on Toxin Production facilities,
DIALOGEVENT:MisUSA05xEva32Subtitle,1,"*General, your orders are to build a base to attack the Toxin General. As your forces are ready then capture the enemies 4 Toxin Missile sites before they can launch",
DIALOGEVENT:MisUSA05xEva33Subtitle,1,"*General, the GLA base to the east has decided to Rebel against the Toxin General and his mass use of toxins. They wish to aid us in our attack against the General by giving us use of their base",
DIALOGEVENT:MisUSA05xEva34Subtitle,1,"*General, the enemy has detected our presence in their main base and have begun launch preparations for the Toxin Missiles. The should have launch capability in approximately 30 minutes. Intel has located and revealed the 4 missile sites on your radar screen",
DIALOGEVENT:MisUSA05xEva35Subtitle,1,"*General, Intel puts some of the Missiles in this region. Take care not to release the toxin!",
DIALOGEVENT:MisUSA05xThrax01Subtitle,1,"*You are too late infidel, the launch is commencing to cleanse your lands in pestilence. Hahahaha",
DIALOGEVENT:MisUSA05xThrax02Subtitle,1,*Your betrayal has not gone unnoticed. You will burn with the infidels you now assist. May your sons camels swell with virulence!,
DIALOGEVENT:MisUSA05xThrax03Subtitle,1,"*My reach is long and now you will feel my wrath! Die infidel dogs, die!",
DIALOGEVENT:MisUSA06Crusader101Subtitle,1,*Enemy sighted!,
DIALOGEVENT:MisUSA06Crusader102Subtitle,1,*More GLA. Lock and load,
DIALOGEVENT:MisUSA06Crusader202Subtitle,1,*They're too well dug in! We need reinforcements!,
DIALOGEVENT:MisUSA06Crusader206Subtitle,1,*Stop those Tractors!,
DIALOGEVENT:MisUSA06Officer05Subtitle,1,"*Concentrate your fire, men!",
DIALOGEVENT:MisUSA07Crusader204Subtitle,1,*We've broken through to the north! Send reinforcements,
DIALOGEVENT:MisUSA07Crusader205Subtitle,1,*They're everywhere!,
DIALOGEVENT:MisUSA07Crusader301Subtitle,1,"*Be advised, car bombs in the area",
DIALOGEVENT:MisUSA07Crusader303Subtitle,1,*We've crossed the bridge. Sweep and clear,
DIALOGEVENT:MisUSA07Crusader306Subtitle,1,*Heeelp!,
DIALOGEVENT:MisUSA07Officer01Subtitle,1,*We've got to clear the area! Destroy everything!,
DIALOGEVENT:MisUSA07Officer02Subtitle,1,*Destroy everything not American. Leave nothing behind!,
DIALOGEVENT:MisUSA07Officer03Subtitle,1,*Copy that Delta two. Your orders are to fall back. Over,
DIALOGEVENT:MisUSA08Chatter06Subtitle,1,*This is Echo one rolling into hot zone. Everyone keep your eyes open,
DIALOGEVENT:MisUSA08Chatter10Subtitle,1,*Car Bomb! Car Bomb!,
DIALOGEVENT:MisUSA08Chatter12Subtitle,1,*Car bomb! Open fire!,
DIALOGEVENT:MisUSA08Chatter14Subtitle,1,*Alright boyslet's go!,
DIALOGEVENT:MisUSA08Cin03Subtitle,1,*Looks like the whole GLA is lining up for us today,
DIALOGEVENT:MisUSAChatter01Subtitle,1,"*Get in formation, right now!",
DIALOGEVENT:Taunts_BossChi001Subtitle,1,"*So, I see you have decided to stay and stand against me. You will regret that decision, General. Prepare to meet your end!",
DIALOGEVENT:Taunts_BossChi002Subtitle,1,"*The tiger stands poised to strike, General",
DIALOGEVENT:Taunts_BossChi003Subtitle,1,*For China! Charge!,
DIALOGEVENT:Taunts_BossChi004Subtitle,1,"*My forces are ready to engage your defenses, General",
DIALOGEVENT:Taunts_BossChi005Subtitle,1,*Feel the stomping feet of my iron dragon!,
DIALOGEVENT:Taunts_BossChi006Subtitle,1,*Your defenses are worthless against my forces,
DIALOGEVENT:Taunts_BossChi007Subtitle,1,"*Now we meet in the field of honor, General",
DIALOGEVENT:Taunts_BossChi008Subtitle,1,*This we do for the good of China,
DIALOGEVENT:Taunts_BossChi009Subtitle,1,"*It is time to test your steel, General",
DIALOGEVENT:Taunts_BossChi010Subtitle,1,"*You have attacked me for the last time, General. This wave will break your defenses and crush your pitiful army to dust!",
DIALOGEVENT:Taunts_BossChi011Subtitle,1,*The might of China falls upon you,
DIALOGEVENT:Taunts_BossChi012Subtitle,1,*Your inferior forces will provide no challenge for my warriors,
DIALOGEVENT:Taunts_BossChi013Subtitle,1,"*You began this fight, General. No I will finish it",
DIALOGEVENT:Taunts_BossChi014Subtitle,1,*Attack the fool! Take no prisoners!,
DIALOGEVENT:Taunts_BossChi015Subtitle,1,"*Two warriors meet on the battlefield. Who is to say who will win? I do, that's who. Me. You will fall, General",
DIALOGEVENT:Taunts_BossChi016Subtitle,1,"*A fight that cannot be won is not worth fighting. So why are you here, General?",
DIALOGEVENT:Taunts_BossChi017Subtitle,1,"*Rage will only get you so far, General. Now, rage and a column of tanks...that will get you somewhere",
DIALOGEVENT:Taunts_BossChi018Subtitle,1,"*You find yourself at the end of your rope, General. And only now have you discovered that the end of that rope is on fire",
DIALOGEVENT:Taunts_BossChi019Subtitle,1,*The dance of battle is strange and briefand this battle with you has been strangely brief,
DIALOGEVENT:Taunts_BossChi020Subtitle,1,*I see you haven't thought your strategy through. Pity,
DIALOGEVENT:Taunts_BossChi021Subtitle,1,"*That is a losing strategy, General",
DIALOGEVENT:Taunts_BossChi022Subtitle,1,"*You are not acting for the good of you people, General",
DIALOGEVENT:Taunts_BossChi023Subtitle,1,*I will give you a moments pause to consider your next move,
DIALOGEVENT:Taunts_BossChi024Subtitle,1,*A wise man knows when to retreat. Obviously you are not such a man,
DIALOGEVENT:Taunts_BossChi025Subtitle,1,"*In the end, all fall before me",
DIALOGEVENT:Taunts_BossChi026Subtitle,1,*You cannot stand against my might,
DIALOGEVENT:Taunts_BossChi027Subtitle,1,*China cannot be defeated by one man,
DIALOGEVENT:Taunts_BossChi028Subtitle,1,*We shall mediate and consider our next move,
DIALOGEVENT:Taunts_BossChi029Subtitle,1,*Do not commit to a tactic you cannot support,
DIALOGEVENT:Taunts_BossChi030Subtitle,1,"*Suicide is not a tactic, General",
DIALOGEVENT:Taunts_BossChi031Subtitle,1,*We sweep away your buildings like bamboo before a hurricane,
DIALOGEVENT:Taunts_BossChi032Subtitle,1,*Your men ran from the Barracks as we knocked it to the ground,
DIALOGEVENT:Taunts_BossChi033Subtitle,1,"*A factory cannot produce war, General--and now your War Factory produces nothing",
DIALOGEVENT:Taunts_BossChi034Subtitle,1,"*Your Air Field has been grounded, General",
DIALOGEVENT:Taunts_BossChi035Subtitle,1,*Your base defenses fall before us like blades of grass,
DIALOGEVENT:Taunts_BossChi036Subtitle,1,"*We've destroyed your Command Center, so where are you hiding now, General?",
DIALOGEVENT:Taunts_BossChi037Subtitle,1,*So many of your buildings have fallen that I would have expected you to surrender by now,
DIALOGEVENT:Taunts_BossChi038Subtitle,1,"*Don't think you can destroy my Barracks without feeling my wraith, General",
DIALOGEVENT:Taunts_BossChi039Subtitle,1,*I'll have to rebuild that War Factory now. You would be wise to exploit my momentary weaknessit won't last,
DIALOGEVENT:Taunts_BossChi040Subtitle,1,*Dozers: Rebuild the Air Field before our MiGs return!,
DIALOGEVENT:Taunts_BossChi041Subtitle,1,*Our defenses are cracking! Repel the invaders!,
DIALOGEVENT:Taunts_BossChi042Subtitle,1,"*That is quite enough destruction, General. Now it is my turn",
DIALOGEVENT:Taunts_BossChi043Subtitle,1,"*You can claim my Command Center, but this battle isn't over, General",
DIALOGEVENT:Taunts_BossChi044Subtitle,1,"*We will avenge all those MiGs you've destroyed, General",
DIALOGEVENT:Taunts_BossChi045Subtitle,1,"*The price of this war is too high, General. Now it is time for you to pay",
DIALOGEVENT:Taunts_BossChi046Subtitle,1,"*China's infantry is plentiful, but too many have been sacrificed. Now I will return your cruelty ten-fold",
DIALOGEVENT:Taunts_BossChi047Subtitle,1,*Capture all the oil you wish--you will not have time to reap the rewards,
DIALOGEVENT:Taunts_BossChi048Subtitle,1,"*That Artillery Platform can easily be avoided, General",
DIALOGEVENT:Taunts_BossChi049Subtitle,1,"*Seeking to increase your efficiency with that Oil Refinery, General? A solid strategy would have served you better",
DIALOGEVENT:Taunts_BossChi050Subtitle,1,*Something stirs at the edge of my base,
DIALOGEVENT:Taunts_BossChi051Subtitle,1,"*I see you approaching my base, General",
DIALOGEVENT:Taunts_BossChi052Subtitle,1,"*You will not live to regret entering my base, General",
DIALOGEVENT:Taunts_BossChi053Subtitle,1,"*You forces may enter my base, but they will never leave again",
DIALOGEVENT:Taunts_BossChi054Subtitle,1,"*Those resources are under my protection, General",
DIALOGEVENT:Taunts_BossChi055Subtitle,1,*Why do you insist on attacking from the flanks?,
DIALOGEVENT:Taunts_BossChi056Subtitle,1,"*Interesting attack, General, but it will not succeed against me",
DIALOGEVENT:Taunts_BossChi057Subtitle,1,"*A brave attack, General, but bravery alone will not defeat me",
DIALOGEVENT:Taunts_BossChi058Subtitle,1,"*That is a fools tactic, General",
DIALOGEVENT:Taunts_BossChi059Subtitle,1,*Leave this place before you anger me,
DIALOGEVENT:Taunts_BossChi060Subtitle,1,"*I can see what you are doing, General. I will not allow it",
DIALOGEVENT:Taunts_BossChi061Subtitle,1,"*Run away from here, General, before I unleash the horde on you",
DIALOGEVENT:Taunts_BossChi062Subtitle,1,"*We are approaching your base, General. What is your defense?",
DIALOGEVENT:Taunts_BossChi063Subtitle,1,"*Are you prepared for our attack, General? We shall see",
DIALOGEVENT:Taunts_BossChi064Subtitle,1,"*Your defenses are inadequate, General",
DIALOGEVENT:Taunts_BossChi065Subtitle,1,"*Now we will begin leveling your base, General",
DIALOGEVENT:Taunts_BossChi066Subtitle,1,*Your resources will soon be mine,
DIALOGEVENT:Taunts_BossChi067Subtitle,1,*I claim this Oil Derrick for China,
DIALOGEVENT:Taunts_BossChi068Subtitle,1,"*Your flanks are exposed, General. Fatal mistake",
DIALOGEVENT:Taunts_BossChi069Subtitle,1,*You have allowed my forces to subvert your defenses. Now we will finish you,
DIALOGEVENT:Taunts_BossChi070Subtitle,1,"*You have allowed your power to drop, General. Pray that isn't a fatal mistake",
DIALOGEVENT:Taunts_BossChi071Subtitle,1,"*Without power you won't be able to defend your base, General",
DIALOGEVENT:Taunts_BossChi072Subtitle,1,"*You have exhausted your resources, General. It is time to admit defeat",
DIALOGEVENT:Taunts_BossChi073Subtitle,1,"*You have taxed my resources, General. Now I will come and take yours",
DIALOGEVENT:Taunts_BossChi074Subtitle,1,"*The Scud Strom is a cowardly weapon, General. I thought more of you",
DIALOGEVENT:Taunts_BossChi075Subtitle,1,"*You are forcing me to answer with a Nuclear Silo of my own, General",
DIALOGEVENT:Taunts_BossChi076Subtitle,1,"*That Particle Cannon is a formidable weapon, but it cannot stop China",
DIALOGEVENT:Taunts_BossChi077Subtitle,1,*So many defensesI see you have proper respect for your enemy,
DIALOGEVENT:Taunts_BossChi078Subtitle,1,"*You cannot build more tanks than China, General",
DIALOGEVENT:Taunts_BossChi079Subtitle,1,"*We will match you planes in the air, General. Your superiority will be only in your mind",
DIALOGEVENT:Taunts_BossChi080Subtitle,1,"*Your men are outnumbered, General. Do not try to make a greater horde than China",
DIALOGEVENT:Taunts_BossChi081Subtitle,1,"*Your base grows large, Generalripe for a nuclear strike",
DIALOGEVENT:Taunts_BossChi082Subtitle,1,"*Red Guard, scatter! Scud missiles inbound!",
DIALOGEVENT:Taunts_BossChi083Subtitle,1,"*We are immune to your nuclear missiles, General",
DIALOGEVENT:Taunts_BossChi084Subtitle,1,"*No! Your particle beam will only injure us--we will not forget this, General",
DIALOGEVENT:Taunts_BossChi085Subtitle,1,"*Hide in those buildings, General. Perhaps a Dragon Tank will come to visit you",
DIALOGEVENT:Taunts_BossChi086Subtitle,1,"*Colonel Burton's exploits are legendary, but he is only one man, General",
DIALOGEVENT:Taunts_BossChi087Subtitle,1,"*I see you have corrupted one of our Black Lotus agents. Her training will not turn the battle to your favor, General",
DIALOGEVENT:Taunts_BossChi088Subtitle,1,"*The sniper Kell enters our battle. Do not count on his stealth to save you, General",
DIALOGEVENT:Taunts_BossChi089Subtitle,1,"*You are foolish to build an Air Field, General. Only tanks can save you from me",
DIALOGEVENT:Taunts_BossChi090Subtitle,1,"*You are wise to build a War Factory, General",
DIALOGEVENT:Taunts_BossChi091Subtitle,1,"*That Barracks is only the beginning of what you will need to defeat me, General",
DIALOGEVENT:Taunts_BossChi092Subtitle,1,"*If you are going to sell your buildings, why do you bother constructing them?",
DIALOGEVENT:Taunts_BossChi093Subtitle,1,"*You will not defeat me this easily, General",
DIALOGEVENT:Taunts_BossChi094Subtitle,1,*Your advantage will not hold,
DIALOGEVENT:Taunts_BossChi095Subtitle,1,"*I will not be beaten by the likes of you, General",
DIALOGEVENT:Taunts_BossChi096Subtitle,1,"*This is not the end, General. I will recover from this",
DIALOGEVENT:Taunts_BossChi097Subtitle,1,"*I must acknowledge this defeat. You have shown superior tactics, General",
DIALOGEVENT:Taunts_BossChi098Subtitle,1,"*My superior tactics are leading to your defeat, General",
DIALOGEVENT:Taunts_BossChi099Subtitle,1,"*You are losing this battle, General. Better to accept defeat honorably than to fight on",
DIALOGEVENT:Taunts_BossChi100Subtitle,1,"*The end is drawing near for you, General",
DIALOGEVENT:Taunts_BossChi101Subtitle,1,"*Why do you resist the inevitable, General?",
DIALOGEVENT:Taunts_BossChi102Subtitle,1,"*The shadow of the dragon signals the beginning of your defeat, General",
DIALOGEVENT:Taunts_BossChi103Subtitle,1,"*It is time to accept your defeat, General",
DIALOGEVENT:Taunts_BossChi104Subtitle,1,*It is time for the dragon to rise again,
DIALOGEVENT:Taunts_BossChi105Subtitle,1,*There is no shame in accepting your weakness,
DIALOGEVENT:Taunts_BossChi106Subtitle,1,*You are not ready to face me. Return when your training is complete,
DIALOGEVENT:Taunts_BossChi107Subtitle,1,*Why do you run towards your own demise?,
DIALOGEVENT:Taunts_BossChi108Subtitle,1,*This has been an interesting contest. Perhaps you will challenge me again,
DIALOGEVENT:Taunts_BossChi109Subtitle,1,*Improve your skills and challenge me again,
DIALOGEVENT:Taunts_BossChi110Subtitle,1,"*Welcome, General. I hope you are prepared to face me",
DIALOGEVENT:Taunts_BossChi111Subtitle,1,"*Your victories speak well of your ability, but my generals did not have my cunning or experience",
DIALOGEVENT:Taunts_BossChi112Subtitle,1,*Soon you will see what it is to face the dragon,
DIALOGEVENT:Taunts_BossGLA001Subtitle,1,*Most enemies would have flee from the sight of my armies. Perhaps this will be worthwhile after all,
DIALOGEVENT:Taunts_BossGLA002Subtitle,1,"*My forces descend on you like the wind, General",
DIALOGEVENT:Taunts_BossGLA003Subtitle,1,*Your men are like sheep before my warriors,
DIALOGEVENT:Taunts_BossGLA004Subtitle,1,"*Look at all the wonderful toys you have brought to me. I broke all my toys as a child, General, and now I will break yours",
DIALOGEVENT:Taunts_BossGLA005Subtitle,1,*Your forces fall like wheat before my sword,
DIALOGEVENT:Taunts_BossGLA006Subtitle,1,"*You have done well against my Generals, but I have all of their power combined. What will you do against that, General?",
DIALOGEVENT:Taunts_BossGLA007Subtitle,1,"*You will never even see my forces, Generaluntil it is too late",
DIALOGEVENT:Taunts_BossGLA008Subtitle,1,"*We will sweep you from our lands, General",
DIALOGEVENT:Taunts_BossGLA009Subtitle,1,"*Now you will see what your useless invasion has brought you, General",
DIALOGEVENT:Taunts_BossGLA010Subtitle,1,*You have dared to challenge me--now you will reap the terrible reward,
DIALOGEVENT:Taunts_BossGLA011Subtitle,1,"*How do you feel, General, as the horsemen ride to your doorstep?",
DIALOGEVENT:Taunts_BossGLA012Subtitle,1,"*You've had your chance to retreat, now we will annihilate you",
DIALOGEVENT:Taunts_BossGLA013Subtitle,1,"*Bear witness to the power of my will, General",
DIALOGEVENT:Taunts_BossGLA014Subtitle,1,*My rage will tear your war-machine to dust,
DIALOGEVENT:Taunts_BossGLA015Subtitle,1,"*ToxinexplosivesstealthAny one of these you have defeated, but all three? All is lost, General. You should surrenderfor the good of your men",
DIALOGEVENT:Taunts_BossGLA016Subtitle,1,"*Your world has made you soft, General. Mine has made me strong",
DIALOGEVENT:Taunts_BossGLA017Subtitle,1,"*You will learn to respect my power, General",
DIALOGEVENT:Taunts_BossGLA018Subtitle,1,"*You will pause while I build my next attack, then the battle will resume",
DIALOGEVENT:Taunts_BossGLA019Subtitle,1,"*Have you grown tired dying against my defenses, General?",
DIALOGEVENT:Taunts_BossGLA020Subtitle,1,"*The battlefield is quiet, General. Are you waiting for me to finish this?",
DIALOGEVENT:Taunts_BossGLA021Subtitle,1,*We await your next pathetic attack with great anticipation,
DIALOGEVENT:Taunts_BossGLA022Subtitle,1,"*Has this been the extent of your power, General? Truly pathetic",
DIALOGEVENT:Taunts_BossGLA023Subtitle,1,*Your attacks have been like pathetic screams amidst the howl of a raging storm,
DIALOGEVENT:Taunts_BossGLA024Subtitle,1,"*This battle is beginning to bore me, General",
DIALOGEVENT:Taunts_BossGLA025Subtitle,1,"*How much longer should I let you live, General?",
DIALOGEVENT:Taunts_BossGLA026Subtitle,1,"*General, my subject require my attentionhow much longer do you intend to dance around like a clown?",
DIALOGEVENT:Taunts_BossGLA027Subtitle,1,"*General, your tactics remind me of a child learning to play chess",
DIALOGEVENT:Taunts_BossGLA028Subtitle,1,"*Are you done, General? Have you exhausted your pathetic resources?",
DIALOGEVENT:Taunts_BossGLA029Subtitle,1,"*General, I was bored minutes ago--now I'm beginning to fall asleep",
DIALOGEVENT:Taunts_BossGLA030Subtitle,1,*How does it feel to challenge a true military genius?,
DIALOGEVENT:Taunts_BossGLA031Subtitle,1,*Anything you gain I will destroy,
DIALOGEVENT:Taunts_BossGLA032Subtitle,1,*Now your Barracks falls--soon all shall fall,
DIALOGEVENT:Taunts_BossGLA033Subtitle,1,*Your War Factory is lost--rebuild it and I'll destroy it again,
DIALOGEVENT:Taunts_BossGLA034Subtitle,1,"*I have relieved you of your Air Field, General",
DIALOGEVENT:Taunts_BossGLA035Subtitle,1,"*Your base defenses cannot stop my forces, General",
DIALOGEVENT:Taunts_BossGLA036Subtitle,1,"* General, if you cannot even hold on to your Command Center, how do you hope to defeat me?",
DIALOGEVENT:Taunts_BossGLA037Subtitle,1,"*So many of your structures have fallen, General--why not retreat the field and spare yourself any further embarrassment?",
DIALOGEVENT:Taunts_BossGLA038Subtitle,1,"*Do not test my patience further by destroying any more of my Oil Derricks, General",
DIALOGEVENT:Taunts_BossGLA039Subtitle,1,"*You dare to destroy my Barracks, General?!",
DIALOGEVENT:Taunts_BossGLA040Subtitle,1,"*General, I require an Arms Dealer to do my business. Do not destroy another one",
DIALOGEVENT:Taunts_BossGLA041Subtitle,1,"*You think to crush my defenses, General? More will rise in their place",
DIALOGEVENT:Taunts_BossGLA042Subtitle,1,"*That is the last building you will destroy, General. My patience has limits",
DIALOGEVENT:Taunts_BossGLA043Subtitle,1,"*My Command Center! You have forced me to retreat underground, but this isn't over yet, General",
DIALOGEVENT:Taunts_BossGLA044Subtitle,1,"*You have destroyed many of my machine, General. Perhaps I underestimated you",
DIALOGEVENT:Taunts_BossGLA045Subtitle,1,"*My men are not targets for your practice, General. Their blood is on your hands",
DIALOGEVENT:Taunts_BossGLA046Subtitle,1,*Release my Oil Derrick or I will burn it down,
DIALOGEVENT:Taunts_BossGLA047Subtitle,1,*I see you've captured that derelict Artillery Platform. Best of luck making it work,
DIALOGEVENT:Taunts_BossGLA048Subtitle,1,"*That Oil Refinery will not turn the tide to your favor, General",
DIALOGEVENT:Taunts_BossGLA049Subtitle,1,*Impudent fool! You have invaded into my home far enough,
DIALOGEVENT:Taunts_BossGLA050Subtitle,1,"*You are like a stinging insect, General, and it is time to squash your annoying presence",
DIALOGEVENT:Taunts_BossGLA051Subtitle,1,*The enemy is in our presence! Destroy him! Destroy them all!,
DIALOGEVENT:Taunts_BossGLA052Subtitle,1,*Fool! You have crossed the line! Your forces are forfeit!,
DIALOGEVENT:Taunts_BossGLA053Subtitle,1,"*Ah, a flanking attackcrude, but at least it is a strategy",
DIALOGEVENT:Taunts_BossGLA054Subtitle,1,"*Attempting to attack my back-door, General?",
DIALOGEVENT:Taunts_BossGLA055Subtitle,1,*A frontal attack? You should have brought more forces,
DIALOGEVENT:Taunts_BossGLA056Subtitle,1,"*I see you've found my extra suppliesand I stress, my extra supplies. Leave them now",
DIALOGEVENT:Taunts_BossGLA057Subtitle,1,*Approaching my base from that path will only lead you to death,
DIALOGEVENT:Taunts_BossGLA058Subtitle,1,"*Stay out of that village, General. I protect those under my care",
DIALOGEVENT:Taunts_BossGLA059Subtitle,1,"*Those resources are for my people, General. They are not your for the taking",
DIALOGEVENT:Taunts_BossGLA060Subtitle,1,"*Those buildings were not placed here for your use, General. Do not disrupt my infrastructure",
DIALOGEVENT:Taunts_BossGLA061Subtitle,1,"*It seems you appetite has overstretched your resources, General. I hope you get your power back up before we reach your base",
DIALOGEVENT:Taunts_BossGLA062Subtitle,1,*Our land is without powertoo bad your base cannot run without its dependence,
DIALOGEVENT:Taunts_BossGLA063Subtitle,1,"*Out of funds, General?",
DIALOGEVENT:Taunts_BossGLA064Subtitle,1,"*General, you are taxing my resources. Your little war will cause my people to go hungry",
DIALOGEVENT:Taunts_BossGLA065Subtitle,1,"*A Scud Storm?! You have stolen our technology! You will pay for this, General",
DIALOGEVENT:Taunts_BossGLA066Subtitle,1,"*Building nuclear weapons, General? I figured you would resort to such cowardice",
DIALOGEVENT:Taunts_BossGLA067Subtitle,1,*Particle Cannon? Your beams from space cannot reach us beneath the earth,
DIALOGEVENT:Taunts_BossGLA068Subtitle,1,"*So many base defenses. You must truly fear my power, General",
DIALOGEVENT:Taunts_BossGLA069Subtitle,1,"*How many tanks do you require, General?",
DIALOGEVENT:Taunts_BossGLA070Subtitle,1,*You fill the air with those annoying gnats. Now we will swat them down,
DIALOGEVENT:Taunts_BossGLA071Subtitle,1,"*Train all the men you wish, General, but the loss of life will only grow greater by the minute",
DIALOGEVENT:Taunts_BossGLA072Subtitle,1,"*Your base has grown large, Generalperhaps too large",
DIALOGEVENT:Taunts_BossGLA073Subtitle,1,"*Launch your toxins at us, General; we have prepared for much worse",
DIALOGEVENT:Taunts_BossGLA074Subtitle,1,"*Everyone, underground! Their nuclear missiles approach",
DIALOGEVENT:Taunts_BossGLA075Subtitle,1,"*Yes, use your particle beam--show the world your cowardice",
DIALOGEVENT:Taunts_BossGLA076Subtitle,1,"*Garrison the building, General--hide like rats in a wall",
DIALOGEVENT:Taunts_BossGLA077Subtitle,1,"*Colonel Burton will not save you, General. You'll have to fight this war yourself",
DIALOGEVENT:Taunts_BossGLA078Subtitle,1,"*Ah, the beautiful Black Lotus. Join me, Lotus, and you could like as a queen",
DIALOGEVENT:Taunts_BossGLA079Subtitle,1,*Jarmen Kell? He dares to stand against me?! My vengeance will be mostunpleasant,
DIALOGEVENT:Taunts_BossGLA080Subtitle,1,"*Your Air Field will not stand against my assault, General",
DIALOGEVENT:Taunts_BossGLA081Subtitle,1,"*Finally built a War Factory, eh General? What took you so long?",
DIALOGEVENT:Taunts_BossGLA082Subtitle,1,"*Your pathetic Barracks will be of no use to you, General",
DIALOGEVENT:Taunts_BossGLA083Subtitle,1,"*Selling off your buildings to fund your army? Hardly seems logical, does it, General",
DIALOGEVENT:Taunts_BossGLA084Subtitle,1,*This is impossible! You cannot defeat me!,
DIALOGEVENT:Taunts_BossGLA085Subtitle,1,"*You may think you have the upper-hand, but this battle will turn like the wind",
DIALOGEVENT:Taunts_BossGLA086Subtitle,1,"*Your soldiers may outnumber mine now, but battles are won by more than numbers, General",
DIALOGEVENT:Taunts_BossGLA087Subtitle,1,*I can't believe that I'm being beaten by such a weak-minded fool. The shame will mark me forever,
DIALOGEVENT:Taunts_BossGLA088Subtitle,1,*Defeated by a foolthe humiliation is too great to bearplease leave me to my torment,
DIALOGEVENT:Taunts_BossGLA089Subtitle,1,"*General, I smell the stench of fear and desperation coming from you base",
DIALOGEVENT:Taunts_BossGLA090Subtitle,1,"* I sense the time of your demise growing near, General",
DIALOGEVENT:Taunts_BossGLA091Subtitle,1,"*Your forces are beginning to be overrun, General. Soon they will be my prisoners",
DIALOGEVENT:Taunts_BossGLA092Subtitle,1,"*We are kicking you like a wounded goat, General. Admit defeat to spare your agony",
DIALOGEVENT:Taunts_BossGLA093Subtitle,1,"*You are defeated. This is what happens to all who stand against me , General",
DIALOGEVENT:Taunts_BossGLA094Subtitle,1,"*You are a fool to challenge me, General",
DIALOGEVENT:Taunts_BossGLA095Subtitle,1,*All the powers of the GLA are at my disposal,
DIALOGEVENT:Taunts_BossGLA096Subtitle,1,*I am more dangerous than all my three Generals combined,
DIALOGEVENT:Taunts_BossGLA097Subtitle,1,"*You have won, General. Why do you continue to torture me by examining these statistics?",
DIALOGEVENT:Taunts_BossGLA098Subtitle,1,"*Yes, you can now see why you have lostthe numbers speak for themselves",
DIALOGEVENT:Taunts_BossGLA099Subtitle,1,*You have traveled far and faced many opponents to reach me General,
DIALOGEVENT:Taunts_BossGLA100Subtitle,1,"*I commend your efforts, but they have wholly unprepared you for what you are about to face",
DIALOGEVENT:Taunts_BossGLA101Subtitle,1,"*You have faced Dr. Thrax's toxic warriors; Kassad's stealth legions and Juhziz's demolitions, but I taught them all in the art of war",
DIALOGEVENT:Taunts_BossGLA102Subtitle,1,"*This will be your final battle, General. May whatever gods you pray to have mercy on youbecause I will not",
DIALOGEVENT:Taunts_BossGLA103Subtitle,1,"*This will be your final battle, General. Make your peace and prepare for the end",
DIALOGEVENT:Taunts_BossUSA001Subtitle,1,"*Well, there you are. Too late to run now, Boy",
DIALOGEVENT:Taunts_BossUSA002Subtitle,1,"*I hope you're ready, cause we're coming for ya",
DIALOGEVENT:Taunts_BossUSA003Subtitle,1,"*Set the table, Kid, cause we're coming for dinner",
DIALOGEVENT:Taunts_BossUSA004Subtitle,1,"*I've got three things to teach you, Kid: How to lose; how to cry; and how to die",
DIALOGEVENT:Taunts_BossUSA005Subtitle,1,"*We're coming to attack soon, so get out all your white flags",
DIALOGEVENT:Taunts_BossUSA006Subtitle,1,"*Here we come, Kidtry not to wet yourself, okay?",
DIALOGEVENT:Taunts_BossUSA007Subtitle,1,"*What part of ""die"" didn't you understand?",
DIALOGEVENT:Taunts_BossUSA008Subtitle,1,"*Ooh, you're going to get it now, Kid",
DIALOGEVENT:Taunts_BossUSA009Subtitle,1,*You ready? Cause here comes a tactic you may have learned in school. You ready to go back to school?,
DIALOGEVENT:Taunts_BossUSA010Subtitle,1,*It's time for me to teach you a thing or two about the back of my hand,
DIALOGEVENT:Taunts_BossUSA011Subtitle,1,*You should have run when you had the chance. Now I'm going to teach you the meaning of respect,
DIALOGEVENT:Taunts_BossUSA012Subtitle,1,"*So, about your funeralopen casket or closed?",
DIALOGEVENT:Taunts_BossUSA013Subtitle,1,"*I'm gonna march into your base and plant my foot in your butt, <sarcastic> ""General.""",
DIALOGEVENT:Taunts_BossUSA014Subtitle,1,"*Here we come, Punk--step aside or get stepped on",
DIALOGEVENT:Taunts_BossUSA015Subtitle,1,"*You call yourself a ""General""? I call you a pain in the butt, is what I call you",
DIALOGEVENT:Taunts_BossUSA016Subtitle,1,"*This is your idea of strategy? Of tactics? ""Tank blob"" is the best you can come up with? Patheticjust pathetic",
DIALOGEVENT:Taunts_BossUSA017Subtitle,1,"*Yeah, I've read Sun Tzu too, Sport: ""Greater enemy--retreat. Smaller enemy--attack."" Is that all you got for me?",
DIALOGEVENT:Taunts_BossUSA018Subtitle,1,"*So, where's your army, Boy? Or did you just want to bare-knuckle it? Cause I'll slap you down with my bare hands if you want. You want a piece of that, Boy?",
DIALOGEVENT:Taunts_BossUSA019Subtitle,1,*You got me out of bed for this? I aught to take you over my knee right now,
DIALOGEVENT:Taunts_BossUSA020Subtitle,1,"*I got more medals than you've got teeth, Boywhich won't be saying much after I get done knocking them out for you",
DIALOGEVENT:Taunts_BossUSA021Subtitle,1,"*Are you putting all of your defenses at the front of your base? You don't think we can go around that? Well, do you?",
DIALOGEVENT:Taunts_BossUSA022Subtitle,1,"*Boy, you think I'm playing with you? You better think again",
DIALOGEVENT:Taunts_BossUSA023Subtitle,1,"*Better check your flanks there, Partner; I think some of my troops just snuck into your base",
DIALOGEVENT:Taunts_BossUSA024Subtitle,1,"*Do you think this is a game? Well do you? Wait, don't answer that",
DIALOGEVENT:Taunts_BossUSA025Subtitle,1,"*Kid, who taught you military tactics? Huh? Cause you should go slap him square in the mouth, I tell you",
DIALOGEVENT:Taunts_BossUSA026Subtitle,1,"*I have the whole United States military behind me, Son, and I've just decided that we don't like you",
DIALOGEVENT:Taunts_BossUSA027Subtitle,1,*Is this tactic of yours supposed to be some kind of joke I'm not aware of?,
DIALOGEVENT:Taunts_BossUSA028Subtitle,1,"*So, you're not a real general, are you? You're like the Surgeon General or something like that, right?",
DIALOGEVENT:Taunts_BossUSA029Subtitle,1,*Does your mommy know you're out by yourself?,
DIALOGEVENT:Taunts_BossUSA030Subtitle,1,*You can tell me.. We're just Generals here Do your men know you're incompetent?,
DIALOGEVENT:Taunts_BossUSA031Subtitle,1,"*Did you know you just lost a Tech Building, Sport?",
DIALOGEVENT:Taunts_BossUSA032Subtitle,1,"*Just blew-up your Barracks, Skippy. What you gonna do about it?",
DIALOGEVENT:Taunts_BossUSA033Subtitle,1,"*There goes your War Factory. You mad yet, Boy?",
DIALOGEVENT:Taunts_BossUSA034Subtitle,1,*I don't know why you bothered to build that Air Field if you aren't going to protect it,
DIALOGEVENT:Taunts_BossUSA035Subtitle,1,*Who put these base defenses down like this? They can't defend anything like that,
DIALOGEVENT:Taunts_BossUSA036Subtitle,1,*I should let you build another Command Center just so I could knock it down again,
DIALOGEVENT:Taunts_BossUSA037Subtitle,1,"*I feel like I'm kicking over sand castles. How many of your buildings you gonna let me destroy there, Sport?",
DIALOGEVENT:Taunts_BossUSA038Subtitle,1,"*I let you have that Tech Building, Boy. I don't need it to beat you",
DIALOGEVENT:Taunts_BossUSA039Subtitle,1,"*Kid, that Barracks was not a military target. Do that again and this will get ugly",
DIALOGEVENT:Taunts_BossUSA040Subtitle,1,"*You better stand down, Son--I'm not going to stand for you blowing-up my War Factories, you hear?",
DIALOGEVENT:Taunts_BossUSA041Subtitle,1,*Do you know how much those jets cost? I coulda fed the whole world with what you just destroyed,
DIALOGEVENT:Taunts_BossUSA042Subtitle,1,"*Cracking my defenses, huh? Well, go on--it should be me just enough time to overrun your base",
DIALOGEVENT:Taunts_BossUSA043Subtitle,1,"*That's enough buildings, Son. Why don't you try attacking my forces now",
DIALOGEVENT:Taunts_BossUSA044Subtitle,1,*My Command Center?! You think I'm just going to sit here and take that?,
DIALOGEVENT:Taunts_BossUSA045Subtitle,1,"*You had best leave my pilots alone, Boy. Planes are one thing, but you let my pilots return safe, you hear?",
DIALOGEVENT:Taunts_BossUSA046Subtitle,1,"*You're a sneaky little 'cuss, aren't you? But I think that's enough of my vehicles destroyed, don't you?",
DIALOGEVENT:Taunts_BossUSA047Subtitle,1,*Let's get armor and air support out there--our grunts are getting torn apart!,
DIALOGEVENT:Taunts_BossUSA048Subtitle,1,"*Let that Oil Derrick go, Boy. This war ain't about the price of gas you know",
DIALOGEVENT:Taunts_BossUSA049Subtitle,1,"*Think you know how to use that Artillery Platform, Son?",
DIALOGEVENT:Taunts_BossUSA050Subtitle,1,"*That Oil Refinery is not a viable target, Son. And it don't belong to you, so we're coming to get it back",
DIALOGEVENT:Taunts_BossUSA051Subtitle,1,"*Well, you managed to get to my side of the map. Didn't think you had it in ya",
DIALOGEVENT:Taunts_BossUSA052Subtitle,1,"*You planning to attack, or you just going to stand out there all day?",
DIALOGEVENT:Taunts_BossUSA053Subtitle,1,"*You'll get out of my base if you know what's good for you, Boy",
DIALOGEVENT:Taunts_BossUSA054Subtitle,1,*Enemy's in our perimeter--all forces repel the invaders,
DIALOGEVENT:Taunts_BossUSA055Subtitle,1,"*Those ain't your supplies, Sport. Best to step-off now, before you get hurt",
DIALOGEVENT:Taunts_BossUSA056Subtitle,1,"*A flanking attack?! Don't make me laugh, Boy",
DIALOGEVENT:Taunts_BossUSA057Subtitle,1,*Trying to attack from my back-door? Good luck with that,
DIALOGEVENT:Taunts_BossUSA058Subtitle,1,"*You coming to attack me, Boy? Nice to see you have some guts",
DIALOGEVENT:Taunts_BossUSA059Subtitle,1,"*Get away from my Tech buildings, if you know what's good for you",
DIALOGEVENT:Taunts_BossUSA060Subtitle,1,"*My forces have your base in sight, Kid. What you gonna do now?",
DIALOGEVENT:Taunts_BossUSA061Subtitle,1,"*Here comes the hammer, Punk, and you don't want to be the nail",
DIALOGEVENT:Taunts_BossUSA062Subtitle,1,"*Knock-knock, we're coming in!",
DIALOGEVENT:Taunts_BossUSA063Subtitle,1,"*Things are about to get real bad for you, Sport. Don't say I didn't warn you",
DIALOGEVENT:Taunts_BossUSA064Subtitle,1,"*So, here's where you're hiding your resources. Mind if I take a few?",
DIALOGEVENT:Taunts_BossUSA065Subtitle,1,"*You're flank's wide open, Sport",
DIALOGEVENT:Taunts_BossUSA066Subtitle,1,*Maybe we'll come in your back-door. Whadda you think about that?,
DIALOGEVENT:Taunts_BossUSA067Subtitle,1,"*Look out, we're coming through the front-door!",
DIALOGEVENT:Taunts_BossUSA068Subtitle,1,*What do we have here?,
DIALOGEVENT:Taunts_BossUSA069Subtitle,1,"*Well, look at this",
DIALOGEVENT:Taunts_BossUSA070Subtitle,1,*What did you plan to do without power? I can't wait to see this strategy,
DIALOGEVENT:Taunts_BossUSA071Subtitle,1,*You better pay you power bill or we're going to have to postpone this fight,
DIALOGEVENT:Taunts_BossUSA072Subtitle,1,"*You're out of resources? Boy, you don't start the dance if you can't pay the bill",
DIALOGEVENT:Taunts_BossUSA073Subtitle,1,"*Uh-oh, looks like we're going to have to do some deficit spending",
DIALOGEVENT:Taunts_BossUSA074Subtitle,1,"*Built yourself a Scud Storm there? You can't hit the side of a barn with a scud, don't you know that?",
DIALOGEVENT:Taunts_BossUSA075Subtitle,1,"*Bringing out your nukes, huh? If Washington hadn't tied my hands, I'd show you some nukes, I tell you",
DIALOGEVENT:Taunts_BossUSA076Subtitle,1,"*How'd you get a Particle Cannon, Son? That's supposed to me top-secret",
DIALOGEVENT:Taunts_BossUSA077Subtitle,1,"*So many base defenses. I can just smell the fear coming off you, Boy",
DIALOGEVENT:Taunts_BossUSA078Subtitle,1,"*Oh, look at thishere comes the tank blob. Not gonna work against me, Son",
DIALOGEVENT:Taunts_BossUSA079Subtitle,1,"*That's a lot of expensive planes you're putting in the air, Kid. Sure you wanna spend that money?",
DIALOGEVENT:Taunts_BossUSA080Subtitle,1,*Hope all those grunts know what you're getting them into,
DIALOGEVENT:Taunts_BossUSA081Subtitle,1,"*That's a lot of buildings, Son. You know that buildings can't fight for you, right?",
DIALOGEVENT:Taunts_BossUSA082Subtitle,1,"*Bring the scuds, Punk--I'll show you the storm",
DIALOGEVENT:Taunts_BossUSA083Subtitle,1,"*You're going to regret nuking me, Kid. I don't take kindly to that",
DIALOGEVENT:Taunts_BossUSA084Subtitle,1,"*Using a particle beam, eh? You better put me away with that cause you won't like my counter-attack",
DIALOGEVENT:Taunts_BossUSA085Subtitle,1,"*You know, only a coward fights from inside buildings. You know that, right?",
DIALOGEVENT:Taunts_BossUSA086Subtitle,1,"*Welcome, Colonel Burton. Sorry you had to get tied up in this thing. No hard feelings",
DIALOGEVENT:Taunts_BossUSA087Subtitle,1,"*Black Lotus ain't your salvation, Boy. She ain't gonna get anywhere near my base",
DIALOGEVENT:Taunts_BossUSA088Subtitle,1,"*Jarmen Kell's just another sniper, Punk. I've got dozens of snipers",
DIALOGEVENT:Taunts_BossUSA089Subtitle,1,"*Yeah, build your Air Field--get some birds in the air. May be your only shot a stopping me",
DIALOGEVENT:Taunts_BossUSA090Subtitle,1,"*Only one War Factory? It's gonna take at least half-a-dozen to stop me, Kid",
DIALOGEVENT:Taunts_BossUSA091Subtitle,1,"*Is that Barracks a little close to the front-lines, Kid? Hard to sleep with bullets in your barracks",
DIALOGEVENT:Taunts_BossUSA092Subtitle,1,"*Don't just sell one building, Boy--sell them all and hope that I don't come for you anyway",
DIALOGEVENT:Taunts_BossUSA093Subtitle,1,"*Don't get cocky, Boy--this ain't over yet",
DIALOGEVENT:Taunts_BossUSA094Subtitle,1,"*You may think you have the upper-hand, but I've got a few tricks left in me. You'll see",
DIALOGEVENT:Taunts_BossUSA095Subtitle,1,"*I've dug myself outta worse holes than this, Punk. You ain't gonna win that easily",
DIALOGEVENT:Taunts_BossUSA096Subtitle,1,*You think you're beating me? You best think again,
DIALOGEVENT:Taunts_BossUSA097Subtitle,1,"*HuhI guess it's over. Nice work, Kid. I guess you took me down a peg or two",
DIALOGEVENT:Taunts_BossUSA098Subtitle,1,"*Can you feel my fist starting to close around your neck, Punk?",
DIALOGEVENT:Taunts_BossUSA099Subtitle,1,"*Don't take losing to me so hard--everyone loses to me, Kid",
DIALOGEVENT:Taunts_BossUSA100Subtitle,1,*Give me a sec to get some tanks together and I'll end this little skirmish,
DIALOGEVENT:Taunts_BossUSA101Subtitle,1,"*Why don't you just give up now, <sarcastic> ""General.""",
DIALOGEVENT:Taunts_BossUSA102Subtitle,1,"*Boy, I beat you like an old drum. Who gave you a command? Cause I've got some word for them",
DIALOGEVENT:Taunts_BossUSA103Subtitle,1,"*Don't click that button unless you're serious, Boy",
DIALOGEVENT:Taunts_BossUSA104Subtitle,1,"*You wanna tangle with me? I think you better think again, Kid",
DIALOGEVENT:Taunts_BossUSA105Subtitle,1,"*Don't bring that attitude in here unless you can back it up, Punk",
DIALOGEVENT:Taunts_BossUSA106Subtitle,1,*Show me what you got,
DIALOGEVENT:Taunts_BossUSA107Subtitle,1,"*Maybe you could make a few extra bucks polishing my boots, cause you sure ain't no general",
DIALOGEVENT:Taunts_BossUSA108Subtitle,1,"*Good work, General. I salute you",
DIALOGEVENT:Taunts_BossUSA109Subtitle,1,"*I ain't gonna give no speeches, so let's just get this on",
DIALOGEVENT:Taunts_Demo001Subtitle,1,"*I have some surprises for you, General. Why don't you come out and play?",
DIALOGEVENT:Taunts_Demo002Subtitle,1,"*Now that the field is covered with explosives, I suppose we'll attack",
DIALOGEVENT:Taunts_Demo003Subtitle,1,"*General, I have a delivery for yousign for it, won't you?",
DIALOGEVENT:Taunts_Demo004Subtitle,1,"*Careful, who knows when Jarmen Kell will sneak into your base",
DIALOGEVENT:Taunts_Demo005Subtitle,1,*Did your building just blow up? HmmI wonder how that happened?,
DIALOGEVENT:Taunts_Demo006Subtitle,1,"*All of my forces are packed with explosives, General. I wouldn't shoot at them if I were you",
DIALOGEVENT:Taunts_Demo007Subtitle,1,"*My Terrorists have learned to disguise themselves asoops, have I said too much?",
DIALOGEVENT:Taunts_Demo008Subtitle,1,*You might notice that my explosives pack a bit more punchI hope you appreciate our attention to quality,
DIALOGEVENT:Taunts_Demo009Subtitle,1,"*Look how quickly the Scud Launcher destroys a building nowjust wait, it's amazing",
DIALOGEVENT:Taunts_Demo010Subtitle,1,"*First, all is silencethen ""boom!""ahhdon't you just love it, General?",
DIALOGEVENT:Taunts_Demo011Subtitle,1,"*I rarely attack, you should feel honored",
DIALOGEVENT:Taunts_Demo012Subtitle,1,"*Here comes another attack, General",
DIALOGEVENT:Taunts_Demo013Subtitle,1,*My troops are coming to assault your basemake them feel welcome,
DIALOGEVENT:Taunts_Demo014Subtitle,1,"*Please ignore my workers, General; they're just burying someummgarbage for me",
DIALOGEVENT:Taunts_Demo015Subtitle,1,"*Oh, General, you must see thisit's the bomb. <childish laugh>",
DIALOGEVENT:Taunts_Demo016Subtitle,1,"*We're going out for more explosives, General. Be right back",
DIALOGEVENT:Taunts_Demo017Subtitle,1,"*It's quiet out there, General. You know what quiet means, right? BOOM!!!",
DIALOGEVENT:Taunts_Demo018Subtitle,1,"*I am the master of explosives, General. You have no defense against me",
DIALOGEVENT:Taunts_Demo019Subtitle,1,*Your base has been targeted for demolition,
DIALOGEVENT:Taunts_Demo020Subtitle,1,"*Do you fear my next attack, General? You should",
DIALOGEVENT:Taunts_Demo021Subtitle,1,*As we speak my agents are sneaking into your base and planting explosives,
DIALOGEVENT:Taunts_Demo022Subtitle,1,*Your building could be wired to explode right now. You'll never know until it's too late,
DIALOGEVENT:Taunts_Demo023Subtitle,1,*There are few units that can detect my demolitionsdo you know which ones they are?,
DIALOGEVENT:Taunts_Demo024Subtitle,1,"*Demo Traps are difficult to construct, General. To appreciate their beauty you have to see one up close",
DIALOGEVENT:Taunts_Demo025Subtitle,1,*How are you enjoying my tricks and traps so far?,
DIALOGEVENT:Taunts_Demo026Subtitle,1,*Awwyour Tech Building went boom,
DIALOGEVENT:Taunts_Demo027Subtitle,1,*We've destroyed your BarracksI hope no one was in there,
DIALOGEVENT:Taunts_Demo028Subtitle,1,"*Your War Factory has fallen, General. Build another one so we can knock it down again",
DIALOGEVENT:Taunts_Demo029Subtitle,1,*Air Fields are so fragile--it's hardly even fun to destroy them,
DIALOGEVENT:Taunts_Demo030Subtitle,1,"*Your base defenses cannot take my explosives, General",
DIALOGEVENT:Taunts_Demo031Subtitle,1,"*Ah, there's nothing quite like destroying a Command Center",
DIALOGEVENT:Taunts_Demo032Subtitle,1,"*We've destroyed so many of your buildings, GeneralI appreciate you building more for our ammusement",
DIALOGEVENT:Taunts_Demo033Subtitle,1,*You've destroyed our Oil Derrick. Now you're getting into the spirit of things,
DIALOGEVENT:Taunts_Demo034Subtitle,1,"*My Barracks! Many of my demolitions were in there, General. I'll make you pay for this",
DIALOGEVENT:Taunts_Demo035Subtitle,1,"*Not my War Factory! General, this annoy habit you've developed cannot continue",
DIALOGEVENT:Taunts_Demo036Subtitle,1,"*Not to worry, my base defenses are only an early-warning signal. Now you must walk through my true defenses",
DIALOGEVENT:Taunts_Demo037Subtitle,1,"*Too many! You've destroy too many of my structures, General. Now the fighting gets dirty",
DIALOGEVENT:Taunts_Demo038Subtitle,1,"*We will rebuild that Command Center, General, and you will play for this transgression",
DIALOGEVENT:Taunts_Demo039Subtitle,1,"*General, how do you expect me to defeat you if you keep destroying my vehicles?",
DIALOGEVENT:Taunts_Demo040Subtitle,1,"*You're cutting my men down before they can place their demolitionsthat doesn't seem right, does it, General?",
DIALOGEVENT:Taunts_Demo041Subtitle,1,"*Ah yes, capture that Oil Derrick, General. Then we'll have more to destroy",
DIALOGEVENT:Taunts_Demo042Subtitle,1,"*General, why do you want that Artillery Platform?",
DIALOGEVENT:Taunts_Demo043Subtitle,1,"*Good, General, capture the Oil Refinerythey blow-up so dramatically",
DIALOGEVENT:Taunts_Demo044Subtitle,1,"*Be careful, General--your men have just enter the danger zone around my base. Even I don't remember where all the traps are set out there",
DIALOGEVENT:Taunts_Demo045Subtitle,1,"*General, your men are coming dangerously close to my base. I'd turn back if I were you",
DIALOGEVENT:Taunts_Demo046Subtitle,1,"*Get out of my base, General. This whole area is wired with explosives, and I'm not afraid to use them",
DIALOGEVENT:Taunts_Demo047Subtitle,1,*You fool! Do you know how many explosives are surrounding your men right now?,
DIALOGEVENT:Taunts_Demo048Subtitle,1,"*Attacking from the flank, General? There might be few defenses there, but what about traps?",
DIALOGEVENT:Taunts_Demo049Subtitle,1,"*The back of my base is particularly nasty, General. I wouldn't recommend an assault from there",
DIALOGEVENT:Taunts_Demo050Subtitle,1,"*A frontal assault?! You are more of a fool than I thought, General",
DIALOGEVENT:Taunts_Demo051Subtitle,1,*There is nothing in this valley for you except death,
DIALOGEVENT:Taunts_Demo052Subtitle,1,"*Careful, General; this looks like a good place for an ambushoops, too late",
DIALOGEVENT:Taunts_Demo053Subtitle,1,"*You think I didn't prepare for you coming here, General? Fool",
DIALOGEVENT:Taunts_Demo054Subtitle,1,"*Those are my resources, General. Go find your own",
DIALOGEVENT:Taunts_Demo055Subtitle,1,"*General, you've entered my demolitions storage facility. One false move and we all die",
DIALOGEVENT:Taunts_Demo056Subtitle,1,"*Ah, I see we hit one of your power lines. I hope your power isn't out for too long",
DIALOGEVENT:Taunts_Demo057Subtitle,1,"*Your dependency on electricity will be you undoing, General",
DIALOGEVENT:Taunts_Demo058Subtitle,1,"*Your resources are exhausted, General. My forces are circling for the kill",
DIALOGEVENT:Taunts_Demo059Subtitle,1,"*My resources are low, General. Mind if we come take some of yours?",
DIALOGEVENT:Taunts_Demo060Subtitle,1,"*A Scud StormI seeWell, perhaps it is time to build one of my own",
DIALOGEVENT:Taunts_Demo061Subtitle,1,*I wonder how many explosives it will take to destroy that Nuclear Silo?,
DIALOGEVENT:Taunts_Demo062Subtitle,1,"*Now why do you want to build a Particle Cannon? We were just beginning to have fun, General",
DIALOGEVENT:Taunts_Demo063Subtitle,1,"*So many base defenses, General. How do you expect my bombers to enter your base now?",
DIALOGEVENT:Taunts_Demo064Subtitle,1,"*Tanksso many tanks. I'll enjoy watching your tanks hit my traps, General",
DIALOGEVENT:Taunts_Demo065Subtitle,1,"*Stop building planes, Generalyou'll miss the genius of my traps",
DIALOGEVENT:Taunts_Demo066Subtitle,1,"*With that many infantry you're sure to set-off my Demo Traps. I'd tell them to spread out when crossing the field, Generalor not",
DIALOGEVENT:Taunts_Demo067Subtitle,1,"*So many buildings Your base is a perfect target for my explosives, General. Thank you",
DIALOGEVENT:Taunts_Demo068Subtitle,1,"*Foolish move, General. Your Scud Storm won't stop me",
DIALOGEVENT:Taunts_Demo069Subtitle,1,"*Nuclear missile! You will pay for this, General",
DIALOGEVENT:Taunts_Demo070Subtitle,1,*No! That particle beam will set off my explosives!,
DIALOGEVENT:Taunts_Demo071Subtitle,1,"*Yes, garrison that building, General--it probably doesn't have explosives attached to it",
DIALOGEVENT:Taunts_Demo072Subtitle,1,"*Hello, Colonel Burton. Try not to step on any traps",
DIALOGEVENT:Taunts_Demo073Subtitle,1,*Black Lotusjust because you can detect my traps do not think I am now vulnerable,
DIALOGEVENT:Taunts_Demo074Subtitle,1,"*Why would you send Jarmen Kell against me, General?",
DIALOGEVENT:Taunts_Demo075Subtitle,1,"*Do not build any more Air Fields, GeneralI don't like them",
DIALOGEVENT:Taunts_Demo076Subtitle,1,*The War Factory builds vehiclesvehicles that will set-off my Demo Traps,
DIALOGEVENT:Taunts_Demo077Subtitle,1,"*Do you think it is wise to build a Barracks, General?",
DIALOGEVENT:Taunts_Demo078Subtitle,1,"*Please, General, don't sell-off what I could destroy for you",
DIALOGEVENT:Taunts_Demo079Subtitle,1,"*General, you're not playing fair. Now go step on some traps",
DIALOGEVENT:Taunts_Demo080Subtitle,1,"*You're exceptionally lucky, General, but you can't avoid my Demo Traps forever",
DIALOGEVENT:Taunts_Demo081Subtitle,1,"*No one has beaten my traps, General, and you won't be the firstyou'll see",
DIALOGEVENT:Taunts_Demo082Subtitle,1,"*Do you think you're beating me, General? This could change in an instant--I don't fight fair",
DIALOGEVENT:Taunts_Demo083Subtitle,1,"*You may have defeated me, General, but Deathstrike will avenge me",
DIALOGEVENT:Taunts_Demo084Subtitle,1,"*Ha ha! Your troops are falling to my traps, General. Soon they'll all be gone",
DIALOGEVENT:Taunts_Demo085Subtitle,1,"*You're losing, General. My tactics elude you",
DIALOGEVENT:Taunts_Demo086Subtitle,1,"*You'll never defeat me, General. You should leave before you get hurt",
DIALOGEVENT:Taunts_Demo087Subtitle,1,*I have so many explosives leftmore explosives than you have forces I'm afraid,
DIALOGEVENT:Taunts_Demo088Subtitle,1,"*You lose, General. Too bad",
DIALOGEVENT:Taunts_Demo089Subtitle,1,*I have just the thing. Let's go make war,
DIALOGEVENT:Taunts_Demo090Subtitle,1,*Demolitions expert: How can I help you?,
DIALOGEVENT:Taunts_Demo091Subtitle,1,*I wonder if I could wire that button to explode?,
DIALOGEVENT:Taunts_Demo092Subtitle,1,"*Please, General--enter my battlefieldbut watch where to step",
DIALOGEVENT:Taunts_Demo093Subtitle,1,"*You were lucky this time, General. You could never beat me again",
DIALOGEVENT:Taunts_Demo094Subtitle,1,"*You were not prepared for this kind of war. Try again, if you dare",
DIALOGEVENT:Taunts_Demo095Subtitle,1,*Here we see the battlefield--openuntouched by battlea blank slate for our little...,
DIALOGEVENT:Taunts_Demo096Subtitle,1,*Now where did those Demo Traps come from?,
DIALOGEVENT:Taunts_Demo097Subtitle,1,"*Perhaps I have a few cards hidden up my sleeve, but did you except any less from me, General?",
DIALOGEVENT:Taunts_Grainger001Subtitle,1,"*Hey, General, you ever seen a Raptor up close?",
DIALOGEVENT:Taunts_Grainger002Subtitle,1,"*Hey, General, did you see that Stealth Fighter?",
DIALOGEVENT:Taunts_Grainger003Subtitle,1,*Birds' away! Let's go hunt some dozers!,
DIALOGEVENT:Taunts_Grainger004Subtitle,1,"*I'm done playing with you, General. (Announcing to his own forces) Everyone attack!",
DIALOGEVENT:Taunts_Grainger005Subtitle,1,*Will you look at thatUS military spending at its best,
DIALOGEVENT:Taunts_Grainger006Subtitle,1,"*(Singingbadly)and the rockets' red glare, the bombs bursting in air",
DIALOGEVENT:Taunts_Grainger007Subtitle,1,"*Here comes the rain of terror, General",
DIALOGEVENT:Taunts_Grainger008Subtitle,1,"*How are you enjoying the Shock-and-Awe, General?",
DIALOGEVENT:Taunts_Grainger009Subtitle,1,*Death from above!,
DIALOGEVENT:Taunts_Grainger010Subtitle,1,"*It doesn't seem fair, does it, General",
DIALOGEVENT:Taunts_Grainger011Subtitle,1,*It's time to pull the goalies. Everyone attack!,
DIALOGEVENT:Taunts_Grainger012Subtitle,1,*Bombs away!,
DIALOGEVENT:Taunts_Grainger013Subtitle,1,"*It's awfully quiet out thereyou didn't leave did you, General?",
DIALOGEVENT:Taunts_Grainger014Subtitle,1,"*Don't worry, General, this is just the quiet before the storm",
DIALOGEVENT:Taunts_Grainger015Subtitle,1,"*I'd take this break to rebuild your defenses, General",
DIALOGEVENT:Taunts_Grainger016Subtitle,1,"*Shhdid you hear that? I wouldn't worry, it's probably nothing",
DIALOGEVENT:Taunts_Grainger017Subtitle,1,"*Sorry, General, we're just taking a lunch-break-be with you in a minute",
DIALOGEVENT:Taunts_Grainger018Subtitle,1,*You've forced me to use tanksI hate using tanks,
DIALOGEVENT:Taunts_Grainger019Subtitle,1,"*Having trouble crossing the river, General? Wanna lift?",
DIALOGEVENT:Taunts_Grainger020Subtitle,1,*Cowards! Stop hiding and fight!,
DIALOGEVENT:Taunts_Grainger021Subtitle,1,"*Stealth won't save you, General; we'll find you",
DIALOGEVENT:Taunts_Grainger022Subtitle,1,"*Ouch, that must have been expensive",
DIALOGEVENT:Taunts_Grainger023Subtitle,1,"*Huh, where are you going to train your troops now?",
DIALOGEVENT:Taunts_Grainger024Subtitle,1,"*Having trouble keeping up those defenses, General?",
DIALOGEVENT:Taunts_Grainger025Subtitle,1,"*You've lost a lot of buildings, General; were you planning on using harsh language now?",
DIALOGEVENT:Taunts_Grainger026Subtitle,1,"*Dozers, start repairing our buildings!",
DIALOGEVENT:Taunts_Grainger027Subtitle,1,"*I'll get you for this, General",
DIALOGEVENT:Taunts_Grainger028Subtitle,1,"*You'll regret destroying that airfield, General",
DIALOGEVENT:Taunts_Grainger029Subtitle,1,"*Dozers, rebuild our defenses!",
DIALOGEVENT:Taunts_Grainger030Subtitle,1,*This is General Granger to Aircraft Carrier Olympia: Send reinforcementsrepeat: send reinforcements,
DIALOGEVENT:Taunts_Grainger031Subtitle,1,"*They're attacking the Command Center! All forces, regroup!",
DIALOGEVENT:Taunts_Grainger032Subtitle,1,"*I don't appreciate you shooting down my planes, General",
DIALOGEVENT:Taunts_Grainger033Subtitle,1,"*They're taking over our Oil Derricks! Rangers, get out there and take them back!",
DIALOGEVENT:Taunts_Grainger034Subtitle,1,*Get out of our base!,
DIALOGEVENT:Taunts_Grainger035Subtitle,1,"*Get out of my airspace, General!",
DIALOGEVENT:Taunts_Grainger036Subtitle,1,*The enemy's in our perimeter! All planes return to base!,
DIALOGEVENT:Taunts_Grainger037Subtitle,1,"*Ground forces, defend the airfields!",
DIALOGEVENT:Taunts_Grainger038Subtitle,1,"*You're not stealing my supplies, are you, General?",
DIALOGEVENT:Taunts_Grainger039Subtitle,1,*They're coming in the back-door!,
DIALOGEVENT:Taunts_Grainger040Subtitle,1,"*Hiding in the village, huh. That's a coward's tactic, General",
DIALOGEVENT:Taunts_Grainger041Subtitle,1,"*Stop hiding, General. Don't make me come and get you",
DIALOGEVENT:Taunts_Grainger042Subtitle,1,*They're at the East gate!,
DIALOGEVENT:Taunts_Grainger043Subtitle,1,*Defend the East side!,
DIALOGEVENT:Taunts_Grainger044Subtitle,1,*Enemy forces approaching the West gate!,
DIALOGEVENT:Taunts_Grainger045Subtitle,1,*All forces to the West gate!,
DIALOGEVENT:Taunts_Grainger046Subtitle,1,"*Having trouble keeping your power up, General?",
DIALOGEVENT:Taunts_Grainger047Subtitle,1,"*Oops, your power's down - here come the bombs!",
DIALOGEVENT:Taunts_Grainger048Subtitle,1,"*Out of resources, General? Want to borrow some?",
DIALOGEVENT:Taunts_Grainger049Subtitle,1,"*Hey, General, how 'bout we call this one a draw?",
DIALOGEVENT:Taunts_Grainger050Subtitle,1,"*You may have won the battle, General, but the war is far from over",
DIALOGEVENT:Taunts_Grainger051Subtitle,1,"*So, you built a Scud Storm. Think you can defend it?",
DIALOGEVENT:Taunts_Grainger052Subtitle,1,"*Hmm, that's a lot of anti-air, General Think it will be enough to calm the fear?",
DIALOGEVENT:Taunts_Grainger053Subtitle,1,"*Your tanks are no match for my planes, General",
DIALOGEVENT:Taunts_Grainger054Subtitle,1,*Anthrax! Everyone find cover!,
DIALOGEVENT:Taunts_Grainger055Subtitle,1,"*Garrison all the buildings you want, General-it won't help",
DIALOGEVENT:Taunts_Grainger056Subtitle,1,"*How much more of this can you take, General?",
DIALOGEVENT:Taunts_Grainger057Subtitle,1,*Ready to surrender yet?,
DIALOGEVENT:Taunts_Grainger058Subtitle,1,"*Haven't you lost enough troops, General?",
DIALOGEVENT:Taunts_Grainger059Subtitle,1,"*This battle is over, General-surrender or prepare to die!",
DIALOGEVENT:Taunts_Grainger060Subtitle,1,"*Not going to surrender, huh? Too bad",
DIALOGEVENT:Taunts_Grainger061Subtitle,1,"*Bombs away, punk",
DIALOGEVENT:Taunts_Grainger062Subtitle,1,"*Come on, General--I'll show you the meaning of ""Death from Above.""",
DIALOGEVENT:Taunts_Grainger063Subtitle,1,"*Sonic-boom, baby. Let's do this thing",
DIALOGEVENT:Taunts_Grainger064Subtitle,1,*I guess it's time for me to go find a good airline job,
DIALOGEVENT:Taunts_Grainger065Subtitle,1,*I win--you lose. What more is there to say?,
DIALOGEVENT:Taunts_Grainger066Subtitle,1,*Be advised: This area is under the control of Air Force General Malcolm Granger. Withdraw now or prepare to be bombed back to the stone-age,
DIALOGEVENT:Taunts_Grainger067Subtitle,1,"*General, you're no match for me--I own the skies!",
DIALOGEVENT:Taunts_Grainger068Subtitle,1,"*Watch the skies, General; we're going to put on an air-show",
DIALOGEVENT:Taunts_Grainger069Subtitle,1,*Wanna see it again?,
DIALOGEVENT:Taunts_Grainger070Subtitle,1,"*Ready-or-not, here I come!",
DIALOGEVENT:Taunts_Grainger071Subtitle,1,"*You don't mind if we drop-in, do ya General?",
DIALOGEVENT:Taunts_Grainger072Subtitle,1,"*That's two of my airfields you've hit, General. I'm starting to get annoyed",
DIALOGEVENT:Taunts_Grainger073Subtitle,1,"*Curse you, General. If you hit another airfield I'll come for you personally",
DIALOGEVENT:Taunts_Grainger074Subtitle,1,"*That's the last airfield you destroy today. (Announcing to his own troops) Forces, target their Command Center",
DIALOGEVENT:Taunts_Grainger075Subtitle,1,"*I can't believe you beat me, General. I salute your superior tactics",
DIALOGEVENT:Taunts_Grainger076Subtitle,1,"*It looks like you defeated me this time, General, but we'll meet again someday and I won't be so merciful because-",
DIALOGEVENT:Taunts_Grainger077Subtitle,1,*I thought he'd never shut up,
DIALOGEVENT:Taunts_Grainger078Subtitle,1,"*You don't think I'm going to let you keep that Scud Storm, do you?",
DIALOGEVENT:Taunts_Grainger079Subtitle,1,*Another Scud Storm? I guess it's time to take the up a notch,
DIALOGEVENT:Taunts_Grainger080Subtitle,1,"*Pilots, watch-out for those Stinger Sites",
DIALOGEVENT:Taunts_Grainger081Subtitle,1,*So many Rangers-so few buildings to capture,
DIALOGEVENT:Taunts_Grainger082Subtitle,1,"*General, do ya know how a Fuel-Air Bomb works? How 'bout a demonstration?",
DIALOGEVENT:Taunts_Grainger083Subtitle,1,"*Welcome to the party, Colonel Burton. You're in for it now, General",
DIALOGEVENT:Taunts_Grainger084Subtitle,1,"*Do you know how to stop an A-10, General? Me neither",
DIALOGEVENT:Taunts_Grainger085Subtitle,1,"*Hey, wanna see our new Bunker Buster?",
DIALOGEVENT:Taunts_Grainger086Subtitle,1,*Artillery! You think you can attack me with artillery?,
DIALOGEVENT:Taunts_Grainger087Subtitle,1,"*You know that Scud Launcher is never going to make it to my base, right?",
DIALOGEVENT:Taunts_Grainger088Subtitle,1,"*Wait, that's a Bomb Truck! Everyone look out!",
DIALOGEVENT:Taunts_Grainger089Subtitle,1,*You've forced me to use tanksI hate using tanks,
DIALOGEVENT:Taunts_Grainger090Subtitle,1,"*Having trouble crossing the river, General? Wanna lift?",
DIALOGEVENT:Taunts_Grainger091Subtitle,1,*Cowards! Stop hiding and fight!,
DIALOGEVENT:Taunts_Grainger092Subtitle,1,"*Stealth won't save you, General; we'll find you",
DIALOGEVENT:Taunts_Grainger093Subtitle,1,"*Hmm, that's a lot of anti-air, General",
DIALOGEVENT:Taunts_Infantry001Subtitle,1,"*So, this is where you're hiding, General",
DIALOGEVENT:Taunts_Infantry002Subtitle,1,*<sarcastic>Feeling overwhelmed General?,
DIALOGEVENT:Taunts_Infantry003Subtitle,1,*(Chinese infantry troops die) <angry voice> 1 billion more where that came from,
DIALOGEVENT:Taunts_Infantry004Subtitle,1,*(Paradrop)Like a swarm of locusts they descend from the sky to devour all those who stand against China,
DIALOGEVENT:Taunts_Infantry005Subtitle,1,*Ever been hacked General?,
DIALOGEVENT:Taunts_Infantry006Subtitle,1,*<shouting>March!,
DIALOGEVENT:Taunts_Infantry007Subtitle,1,*They make good shields too,
DIALOGEVENT:Taunts_Infantry008Subtitle,1,"*Here's a tip General, Surrender!",
DIALOGEVENT:Taunts_Infantry009Subtitle,1,"*Don't worry General, we don't take prisoners",
DIALOGEVENT:Taunts_Infantry010Subtitle,1,*Unleash Horde!,
DIALOGEVENT:Taunts_Infantry011Subtitle,1,"*It's ok General, we've brought our own flag for your base",
DIALOGEVENT:Taunts_Infantry012Subtitle,1,*Soon all your men will see are boots marching over them,
DIALOGEVENT:Taunts_Infantry013Subtitle,1,*Charge!,
DIALOGEVENT:Taunts_Infantry014Subtitle,1,*Death to all who oppose us!,
DIALOGEVENT:Taunts_Infantry015Subtitle,1,"*Do you know how hard it is to feed a horde, General?",
DIALOGEVENT:Taunts_Infantry016Subtitle,1,*I have enough men to hold a parade. Can we have it in your base?,
DIALOGEVENT:Taunts_Infantry017Subtitle,1,"*Are you still here, General?",
DIALOGEVENT:Taunts_Infantry018Subtitle,1,*Are you just going to sit there and wait to be overrun?,
DIALOGEVENT:Taunts_Infantry019Subtitle,1,"*Are your resources getting low, General?",
DIALOGEVENT:Taunts_Infantry020Subtitle,1,*How long does it take for you to build your little tank force?,
DIALOGEVENT:Taunts_Infantry021Subtitle,1,"*<sarcastic> What tactic will you amaze me with now, General?",
DIALOGEVENT:Taunts_Infantry022Subtitle,1,"*This can't be the best you can do, General",
DIALOGEVENT:Taunts_Infantry023Subtitle,1,"*So far I'm not impressed, General",
DIALOGEVENT:Taunts_Infantry024Subtitle,1,"*You were not prepared for this challenge, were you, General?",
DIALOGEVENT:Taunts_Infantry025Subtitle,1,*I have enough men to crush you without firing a shot,
DIALOGEVENT:Taunts_Infantry026Subtitle,1,"*We are coming for you, General",
DIALOGEVENT:Taunts_Infantry027Subtitle,1,*Awwwe've knocked over your little Tech Building. Boo-hoo,
DIALOGEVENT:Taunts_Infantry028Subtitle,1,*Now your Barracks is gone. How will you fight without men?,
DIALOGEVENT:Taunts_Infantry029Subtitle,1,"*Without a War Factory you'll have to fight me man-to-man, General",
DIALOGEVENT:Taunts_Infantry030Subtitle,1,*No more planes for you. Get on the ground and fight like a man,
DIALOGEVENT:Taunts_Infantry031Subtitle,1,"*My men are marching right through you base defenses, General",
DIALOGEVENT:Taunts_Infantry032Subtitle,1,"*There is only empty ground where your Command Center once stood, General",
DIALOGEVENT:Taunts_Infantry033Subtitle,1,"*I have lost many men, General, but the cost to your buildings has been worth it",
DIALOGEVENT:Taunts_Infantry034Subtitle,1,"*Leave my Tech Buildings alone, General!",
DIALOGEVENT:Taunts_Infantry035Subtitle,1,"*NO! Not my Barracks! We will build another, Generalthen you will pay",
DIALOGEVENT:Taunts_Infantry036Subtitle,1,"*My War Factory is not essential to my victory, but do not destroy another",
DIALOGEVENT:Taunts_Infantry037Subtitle,1,"*You have destroyed my Air Field! This is getting annoying, General",
DIALOGEVENT:Taunts_Infantry038Subtitle,1,*Destroy all the base defenses you want--they're only there to slow you down anyway,
DIALOGEVENT:Taunts_Infantry039Subtitle,1,"*You have cost me many buildings, General. My men are coming to collect repayment",
DIALOGEVENT:Taunts_Infantry040Subtitle,1,*Nooo! They destroyed my Command Center! Go get them! Keep them away from me!,
DIALOGEVENT:Taunts_Infantry041Subtitle,1,"*Swat all the planes you like, General--we'll make more",
DIALOGEVENT:Taunts_Infantry042Subtitle,1,"*My vehicles are not for your target practice, General",
DIALOGEVENT:Taunts_Infantry043Subtitle,1,"*There are many more in my army ready to sacrifice for China, General. You won't stop us",
DIALOGEVENT:Taunts_Infantry044Subtitle,1,"*I see you've captured my Oil Derrick, General. We are coming to take back China's oil now",
DIALOGEVENT:Taunts_Infantry045Subtitle,1,"*That old Artillery Platform is destroyed, General; you'll never get it to work",
DIALOGEVENT:Taunts_Infantry046Subtitle,1,*Do you think that Oil Refinery is just there for anyone to use? Return the refinery to me now,
DIALOGEVENT:Taunts_Infantry047Subtitle,1,*Get any closer to my base and I'll set the horde out on you,
DIALOGEVENT:Taunts_Infantry048Subtitle,1,"*I warn you, General, get away from my base. Do you know what a hundred men can do to a tank?",
DIALOGEVENT:Taunts_Infantry049Subtitle,1,*They're in our base! Kill them! Get them out of here!,
DIALOGEVENT:Taunts_Infantry050Subtitle,1,*They're getting too close! Protect me!,
DIALOGEVENT:Taunts_Infantry051Subtitle,1,"*General, get away from my resources--my men need those",
DIALOGEVENT:Taunts_Infantry052Subtitle,1,"*General, do not try to flank my base",
DIALOGEVENT:Taunts_Infantry053Subtitle,1,"*A back-door attack will not help you, General",
DIALOGEVENT:Taunts_Infantry054Subtitle,1,"*Attacking the front of my base is foolish, General",
DIALOGEVENT:Taunts_Infantry055Subtitle,1,"*Those are my Tech Buildings, General. Stay away",
DIALOGEVENT:Taunts_Infantry056Subtitle,1,"*Get out of my buildings, General!",
DIALOGEVENT:Taunts_Infantry057Subtitle,1,"*Crossing that bridge is a mistake, General",
DIALOGEVENT:Taunts_Infantry058Subtitle,1,"*You've run out of power, General--your defenses are down and my men will invade soon",
DIALOGEVENT:Taunts_Infantry059Subtitle,1,"*Without power you'll never stop my horde, General",
DIALOGEVENT:Taunts_Infantry060Subtitle,1,*You've wasted all your resources fighting my menbut I still have more men,
DIALOGEVENT:Taunts_Infantry061Subtitle,1,*We are out of resources! How did this happen?,
DIALOGEVENT:Taunts_Infantry062Subtitle,1,*Build your Scud Storm--it will only hit a few of my menthe rest will destroy you,
DIALOGEVENT:Taunts_Infantry063Subtitle,1,"*I thought nuclear missile were not allowed! This is hardly fair, General",
DIALOGEVENT:Taunts_Infantry064Subtitle,1,*That Particle Cannon is useless against my horde!,
DIALOGEVENT:Taunts_Infantry065Subtitle,1,"*Yes, you should build more base defenses--at least then you can stop the first wave of the charging horde",
DIALOGEVENT:Taunts_Infantry066Subtitle,1,"*Coward! You know that your tanks cannot crush my men, don't you?",
DIALOGEVENT:Taunts_Infantry067Subtitle,1,"*So many planesno matter, my horde and bring down your planes too",
DIALOGEVENT:Taunts_Infantry068Subtitle,1,"*You're mobilizing a horde of your own?! You will need many more men to match my strength, General",
DIALOGEVENT:Taunts_Infantry069Subtitle,1,"*You base has grown too large, General. It is time for my men to drop in and capture a few for China",
DIALOGEVENT:Taunts_Infantry070Subtitle,1,*Scud Storm! Scatter!,
DIALOGEVENT:Taunts_Infantry071Subtitle,1,*Nuclear missile approaching! Flee! Get me out of here!,
DIALOGEVENT:Taunts_Infantry072Subtitle,1,"*Ooh, look at the pretty light show. What do you hope to accomplish with that petty weapon, General?",
DIALOGEVENT:Taunts_Infantry073Subtitle,1,"*Get out of that building, General. We have ways of bringing you out by force if necessary",
DIALOGEVENT:Taunts_Infantry074Subtitle,1,"*You've brought Colonel Burton to our little war, General. Even he will fall when faced with the horde",
DIALOGEVENT:Taunts_Infantry075Subtitle,1,"*Black Lotus? How will she help you survive my horde, General?",
DIALOGEVENT:Taunts_Infantry076Subtitle,1,*All forces beware: Jarmen Kell is hiding in the field,
DIALOGEVENT:Taunts_Infantry077Subtitle,1,"*I see that Air Field, General. Run to the air! Fear my horde!",
DIALOGEVENT:Taunts_Infantry078Subtitle,1,"*My men will tear your tanks apart as fast as you can make them, General",
DIALOGEVENT:Taunts_Infantry079Subtitle,1,*My men are trained in groups of threehow fast can you train your men?,
DIALOGEVENT:Taunts_Infantry080Subtitle,1,*Selling your buildings? Foolish! What will you buy with the money to stop my horde?,
DIALOGEVENT:Taunts_Infantry081Subtitle,1,"*I have so many forces, how can you be winning this battle?",
DIALOGEVENT:Taunts_Infantry082Subtitle,1,"*I have underestimated your tactics, General",
DIALOGEVENT:Taunts_Infantry083Subtitle,1,"*You've caught me off guard, General, but now I am ready for you",
DIALOGEVENT:Taunts_Infantry084Subtitle,1,"*You will not defeat my horde, General! Your current advantage will soon be lost",
DIALOGEVENT:Taunts_Infantry085Subtitle,1,"*I do not accept this defeat, General. My men will cover my escape and we will fight another day",
DIALOGEVENT:Taunts_Infantry086Subtitle,1,"*My men outnumber you now, General. I would be wise to surrender",
DIALOGEVENT:Taunts_Infantry087Subtitle,1,"*This looks like the end for you, General",
DIALOGEVENT:Taunts_Infantry088Subtitle,1,*If you do not retreat now I will unleash the horde to scrape you from our land,
DIALOGEVENT:Taunts_Infantry089Subtitle,1,"*Do you feel the end drawing near, General?",
DIALOGEVENT:Taunts_Infantry090Subtitle,1,*Haha! I have defeated you. Now you must choose to join my horde or die,
DIALOGEVENT:Taunts_Infantry091Subtitle,1,*It is time to unleash the horde!,
DIALOGEVENT:Taunts_Infantry092Subtitle,1,*Face me and fall like the rest,
DIALOGEVENT:Taunts_Infantry093Subtitle,1,*My men will crush you,
DIALOGEVENT:Taunts_Infantry094Subtitle,1,*We will tear through you like locusts,
DIALOGEVENT:Taunts_Infantry095Subtitle,1,*Men? Where are my men? You wouldn't consider letting me go would you? Please don't hurt me,
DIALOGEVENT:Taunts_Infantry096Subtitle,1,*We have nice uniforms in the hordeit won't be so badyou might even like it. But I doubt it,
DIALOGEVENT:Taunts_Infantry097Subtitle,1,"*Are you ready to face my horde, General?",
DIALOGEVENT:Taunts_Infantry098Subtitle,1,"*And think, this is just the first wave",
DIALOGEVENT:Taunts_Laser001Subtitle,1,"*I have you in my sights now, General",
DIALOGEVENT:Taunts_Laser002Subtitle,1,*Precision attack commencing,
DIALOGEVENT:Taunts_Laser003Subtitle,1,"* (player units destroyed) Interesting choice of tactics, they didn't help my last opponent either",
DIALOGEVENT:Taunts_Laser004Subtitle,1,"*I'm about to attack, I thought you could use the warning",
DIALOGEVENT:Taunts_Laser005Subtitle,1,"*Maybe you should re-evaluate your strategies, they obviously don't work",
DIALOGEVENT:Taunts_Laser006Subtitle,1,*How do you like my new toys General?,
DIALOGEVENT:Taunts_Laser007Subtitle,1,"*Prepare yourself General, you're about to be taught a lesson in war",
DIALOGEVENT:Taunts_Laser008Subtitle,1,"*Easy come, easy go",
DIALOGEVENT:Taunts_Laser009Subtitle,1,"*Maybe you're not cut out for this, try painting",
DIALOGEVENT:Taunts_Laser010Subtitle,1,*Beautiful aren't they General,
DIALOGEVENT:Taunts_Laser011Subtitle,1,*My lasers will cut through your defenses like a hot knife through butter,
DIALOGEVENT:Taunts_Laser012Subtitle,1,*Checkmate,
DIALOGEVENT:Taunts_Laser013Subtitle,1,"*It's a whole new age of warfare, General, and it's coming to your doorstep",
DIALOGEVENT:Taunts_Laser014Subtitle,1,*Target is painted--all forces begin attack run,
DIALOGEVENT:Taunts_Laser015Subtitle,1,"*Originally all my weapons also had laser targeting, but my enemies got confused",
DIALOGEVENT:Taunts_Laser016Subtitle,1,*Don't look directly at the laser--you could burn-out the back of your head,
DIALOGEVENT:Taunts_Laser017Subtitle,1,"*Charging lasersplease wait, General",
DIALOGEVENT:Taunts_Laser018Subtitle,1,*Lasers must be calibrated precisely for maximum effect,
DIALOGEVENT:Taunts_Laser019Subtitle,1,"*Dozers, build more Reactors--lasers take a lot of power",
DIALOGEVENT:Taunts_Laser020Subtitle,1,"*Can you match fifty million mega-joules of lasing power, General?",
DIALOGEVENT:Taunts_Laser021Subtitle,1,"*Looks like a big space battle, doesn't it",
DIALOGEVENT:Taunts_Laser022Subtitle,1,*My lasers are going to turn your armor to vapor,
DIALOGEVENT:Taunts_Laser023Subtitle,1,"*General, you should really try to coordinate your attacks--this has been all to easy for me",
DIALOGEVENT:Taunts_Laser024Subtitle,1,"*Don't get distracted by the pretty lights, General",
DIALOGEVENT:Taunts_Laser025Subtitle,1,"*Would you like me to ""beam you up,"" General?",
DIALOGEVENT:Taunts_Laser026Subtitle,1,"*Your weapons can't match my pinpoint accuracy, General. Why not just surrender?",
DIALOGEVENT:Taunts_Laser027Subtitle,1,"*Why don't you build another Barracks, General? I'll enjoy destroying that one too",
DIALOGEVENT:Taunts_Laser028Subtitle,1,"*If you can't protect your War Factory, how safe could your Command Center be?",
DIALOGEVENT:Taunts_Laser029Subtitle,1,"*Your planes are not safe from my lasers, especially without your Air Field",
DIALOGEVENT:Taunts_Laser030Subtitle,1,*Your base defenses are worthless against me,
DIALOGEVENT:Taunts_Laser031Subtitle,1,"*Ah, the Command Center--queen of this chessboard. This match is all but over now, General",
DIALOGEVENT:Taunts_Laser032Subtitle,1,*My lasers have destroyed so many of your buildingshow do you keep fighting?,
DIALOGEVENT:Taunts_Laser033Subtitle,1,"*General, don't destroy my Tech Buildings, I need those",
DIALOGEVENT:Taunts_Laser034Subtitle,1,*Get away from my Barracks!,
DIALOGEVENT:Taunts_Laser035Subtitle,1,*My War Factory! Noooo!,
DIALOGEVENT:Taunts_Laser036Subtitle,1,*How dare you destroy my Air Field!,
DIALOGEVENT:Taunts_Laser037Subtitle,1,*They're destroying our defenses! All forces: defend the base!,
DIALOGEVENT:Taunts_Laser038Subtitle,1,"*General, these losses are unacceptable. I'll repay you for destroying my buildings",
DIALOGEVENT:Taunts_Laser039Subtitle,1,"*No! Quickly, Dozers rebuild the Command Center!",
DIALOGEVENT:Taunts_Laser040Subtitle,1,"*General, if you bring down any more of my planes I'll use all my Super Weapons to destroy you!",
DIALOGEVENT:Taunts_Laser041Subtitle,1,"*Leave my vehicles alone, General!",
DIALOGEVENT:Taunts_Laser042Subtitle,1,"*You're hunting my men on purpose, aren't you, General",
DIALOGEVENT:Taunts_Laser043Subtitle,1,*Reap the rewards from that Oil Derrick while you can; we'll be there to take it soon,
DIALOGEVENT:Taunts_Laser044Subtitle,1,*That Artillery Platform is no match for my airborne lasers,
DIALOGEVENT:Taunts_Laser045Subtitle,1,"*Did you know that that Oil Refinery will let you build vehicles faster and more efficiently? Oops, I probably shouldn't have told you that",
DIALOGEVENT:Taunts_Laser046Subtitle,1,"*You've tripped our outer perimeter warning lasers, General. We know you're there now",
DIALOGEVENT:Taunts_Laser047Subtitle,1,"*I see you approaching my base, General. I wouldn't advise coming any closer",
DIALOGEVENT:Taunts_Laser048Subtitle,1,*The enemy is in our base! All forces return and deploy lasers!,
DIALOGEVENT:Taunts_Laser049Subtitle,1,"*Get away from my Reactors, General!",
DIALOGEVENT:Taunts_Laser050Subtitle,1,"*General, those resources are for me--stay away from them",
DIALOGEVENT:Taunts_Laser051Subtitle,1,"*Attacking from the flanks, eh? It will take more than tactical tricks to beat me",
DIALOGEVENT:Taunts_Laser052Subtitle,1,"*Flanking attacks?! You are devious, General",
DIALOGEVENT:Taunts_Laser053Subtitle,1,"*Yes, come straight through my front-door, Generalif you dare",
DIALOGEVENT:Taunts_Laser054Subtitle,1,"*Be careful, General--the back-door of my base isn't so undefended as it seems",
DIALOGEVENT:Taunts_Laser055Subtitle,1,"*You are foolish to come here, General",
DIALOGEVENT:Taunts_Laser056Subtitle,1,"*These resources are not enough to save your failed strategy, General",
DIALOGEVENT:Taunts_Laser057Subtitle,1,*No! Stay away! I need those reactors to power my lasers!,
DIALOGEVENT:Taunts_Laser058Subtitle,1,*Out of power?! How could you let your base run out of power?,
DIALOGEVENT:Taunts_Laser059Subtitle,1,"*Running out of power is a fatal mistake, General",
DIALOGEVENT:Taunts_Laser060Subtitle,1,"*You're out of resources, General. You'll never recover before we overrun you",
DIALOGEVENT:Taunts_Laser061Subtitle,1,"*Out of resources?! This is unacceptable! Chinooks, gather faster!",
DIALOGEVENT:Taunts_Laser062Subtitle,1,"*Sell that Scud Storm, General, or I'll destroy it for you",
DIALOGEVENT:Taunts_Laser063Subtitle,1,"*That Nuke Silo won't stop me, General",
DIALOGEVENT:Taunts_Laser064Subtitle,1,*If you build a Particle Cannon and I destroy it with a Particle Beamis that irony?,
DIALOGEVENT:Taunts_Laser065Subtitle,1,"*That excessive amount of base defenses will only slow down my laser, General",
DIALOGEVENT:Taunts_Laser066Subtitle,1,"*Your conventional tanks are no match for my laser based weapons platforms, General",
DIALOGEVENT:Taunts_Laser067Subtitle,1,"*That's quite a lot of planes, General. Are you putting on an air show?",
DIALOGEVENT:Taunts_Laser068Subtitle,1,"*Quite a few infantry you've trained there, General. I can't wait to see this crazy plan",
DIALOGEVENT:Taunts_Laser069Subtitle,1,"*Your base is starting to look like a housing tract, General. Maybe I should play some connect-the-dots with the Particle Cannon to thin your numbers a bit",
DIALOGEVENT:Taunts_Laser070Subtitle,1,"*I will shoot those scud missiles down, General. Then you will pay",
DIALOGEVENT:Taunts_Laser071Subtitle,1,"*My lasers will bring that nuke down, General. The fallout will be on your hands",
DIALOGEVENT:Taunts_Laser072Subtitle,1,*Particle Cannon?! I wonder what would happen if we crossed the beams,
DIALOGEVENT:Taunts_Laser073Subtitle,1,"*General, don't garrison that building; come out and play",
DIALOGEVENT:Taunts_Laser074Subtitle,1,"*General, Colonel Burton is a bumbling fool",
DIALOGEVENT:Taunts_Laser075Subtitle,1,"*Black Lotus is not invisible to my lasers, General",
DIALOGEVENT:Taunts_Laser076Subtitle,1,*I hope Jarmen Kell isn't using a laser scope on his rifleit wouldn't work against me,
DIALOGEVENT:Taunts_Laser077Subtitle,1,"*Building an Air Field only provides airborne targets for my lasers, General",
DIALOGEVENT:Taunts_Laser078Subtitle,1,"*You're going to need a lot of tanks to get to me, General. Good luck",
DIALOGEVENT:Taunts_Laser079Subtitle,1,"*Building a Barracks will only get your men hurt, General",
DIALOGEVENT:Taunts_Laser080Subtitle,1,*Selling off your structures eh? That the first mistake of a desperate general,
DIALOGEVENT:Taunts_Laser081Subtitle,1,*What?! You can't be beating me! Your lack of precision alone should ensure my victory,
DIALOGEVENT:Taunts_Laser082Subtitle,1,*I can't lose to you--you're a bumbling buffoon!,
DIALOGEVENT:Taunts_Laser083Subtitle,1,*How can you be winning? This isn't how it played out in the simulation,
DIALOGEVENT:Taunts_Laser084Subtitle,1,"*I've calculated every variable, yet you're winninghow is this possible?",
DIALOGEVENT:Taunts_Laser085Subtitle,1,*No! This can't be the end! What trickery did you use to beat me?!,
DIALOGEVENT:Taunts_Laser086Subtitle,1,*My planning a preparation is leading me to a clear victory,
DIALOGEVENT:Taunts_Laser087Subtitle,1,"*Precision will always defeat brute force, General",
DIALOGEVENT:Taunts_Laser088Subtitle,1,"*This must be like a nightmare for you, General",
DIALOGEVENT:Taunts_Laser089Subtitle,1,"*Have you decided how you are going to accept this defeat, General?",
DIALOGEVENT:Taunts_Laser090Subtitle,1,"*You are defeated, General. But then that was never really in question, was it?",
DIALOGEVENT:Taunts_Laser091Subtitle,1,*Lasers charged--tracking targets now,
DIALOGEVENT:Taunts_Laser092Subtitle,1,"*You're not in my class, General--try an easier opponent",
DIALOGEVENT:Taunts_Laser093Subtitle,1,"*I calculate that you will lose this battle, General",
DIALOGEVENT:Taunts_Laser094Subtitle,1,*Lasers make superior weapons,
DIALOGEVENT:Taunts_Laser095Subtitle,1,"*You defeated me, General, but I will scan your tactics and devise a superior strategy",
DIALOGEVENT:Taunts_Laser096Subtitle,1,*Your weaknesses became obvious when I scanned your tactics,
DIALOGEVENT:Taunts_Laser097Subtitle,1,"*There you go, General--I've drawn the line in the sand",
DIALOGEVENT:Taunts_Laser098Subtitle,1,"*Now I dare you to cross it. Come and get me, General",
DIALOGEVENT:Taunts_Nuke001Subtitle,1,"*At least it's a dry heat, General",
DIALOGEVENT:Taunts_Nuke002Subtitle,1,*Soon your base will glow like the sun,
DIALOGEVENT:Taunts_Nuke003Subtitle,1,"*How do you expect to fight this, General?",
DIALOGEVENT:Taunts_Nuke004Subtitle,1,*Your weapons are no match for my power!,
DIALOGEVENT:Taunts_Nuke005Subtitle,1,*Melt! Everything must melt!,
DIALOGEVENT:Taunts_Nuke006Subtitle,1,"* The glow! The wonderful glow! Can't you see it, General?",
DIALOGEVENT:Taunts_Nuke007Subtitle,1,"*It looks like a nuclear winter this year, General",
DIALOGEVENT:Taunts_Nuke008Subtitle,1,"*The end is near, General",
DIALOGEVENT:Taunts_Nuke009Subtitle,1,"*This is only the beginning, General. The beginning of the end",
DIALOGEVENT:Taunts_Nuke010Subtitle,1,"*Don't worry, General, the warheads are on their way",
DIALOGEVENT:Taunts_Nuke011Subtitle,1,"*Sorry for the delay, General; just gathering my forces",
DIALOGEVENT:Taunts_Nuke012Subtitle,1,"*Is the heat getting to you, General?",
DIALOGEVENT:Taunts_Nuke013Subtitle,1,"*Having a meltdown, General?",
DIALOGEVENT:Taunts_Nuke014Subtitle,1,"*All forces, prepare for the next assault",
DIALOGEVENT:Taunts_Nuke015Subtitle,1,*Now where did I put those launch codes?,
DIALOGEVENT:Taunts_Nuke016Subtitle,1,"*Are you ready for more, General?",
DIALOGEVENT:Taunts_Nuke017Subtitle,1,"*I think this is your half-life, General",
DIALOGEVENT:Taunts_Nuke018Subtitle,1,"*I hope your radar isn't down, General; I'd hate for you to miss what's coming next",
DIALOGEVENT:Taunts_Nuke019Subtitle,1,"*I know your weaknesses now, General. The next attack will be unstoppable",
DIALOGEVENT:Taunts_Nuke020Subtitle,1,*Soon you will know the glory of my nuclear arsenal,
DIALOGEVENT:Taunts_Nuke021Subtitle,1,"*I'd stock up on sun-block if I were you, General",
DIALOGEVENT:Taunts_Nuke022Subtitle,1,*,Ne
DIALOGEVENT:Taunts_Nuke023Subtitle,1,"*Eventually someone must win the arms race, or what's the point of racing?",
DIALOGEVENT:Taunts_Nuke024Subtitle,1,*Time to put on the lead underwear,
DIALOGEVENT:Taunts_Nuke025Subtitle,1,"*Remember: Don't look directly at the blast, General",
DIALOGEVENT:Taunts_Nuke026Subtitle,1,"*It appears you have only trained your men to die, General",
DIALOGEVENT:Taunts_Nuke027Subtitle,1,*Now your War Factory is a glow crater. Wonderful,
DIALOGEVENT:Taunts_Nuke028Subtitle,1,"*Your defenses crack like so many eggshells, General",
DIALOGEVENT:Taunts_Nuke029Subtitle,1,"*Oh, you weren't in that Command Center, were you, General?",
DIALOGEVENT:Taunts_Nuke030Subtitle,1,"*Why do you destroy my barracks, General? It isn't my men you should fear",
DIALOGEVENT:Taunts_Nuke031Subtitle,1,*My War Factory! What have you done?! My precious tanksgone...,
DIALOGEVENT:Taunts_Nuke032Subtitle,1,*Leave me alone! What have I ever done to you?,
DIALOGEVENT:Taunts_Nuke033Subtitle,1,*My Command Center! No!!! I won't lose command! I won't!,
DIALOGEVENT:Taunts_Nuke034Subtitle,1,*I can't believe you are beating me! Perhaps you would give me a moment to rebuild?,
DIALOGEVENT:Taunts_Nuke035Subtitle,1,"*We have suffered great loses at your hands, General, but this isn't over yet",
DIALOGEVENT:Taunts_Nuke036Subtitle,1,"*General, you can have that oil derrick, but it won't help you stop me",
DIALOGEVENT:Taunts_Nuke037Subtitle,1,"*Get out of my base, General! I won't ask twice",
DIALOGEVENT:Taunts_Nuke038Subtitle,1,"*How long were you planning on stay in my base, General? Should I prepare a bunk for you?",
DIALOGEVENT:Taunts_Nuke039Subtitle,1,"*Leave my base, General, or I will be forced detonate my warheads",
DIALOGEVENT:Taunts_Nuke040Subtitle,1,"*Do you like my village, General? Please, make yourself at home",
DIALOGEVENT:Taunts_Nuke041Subtitle,1,"*Coming to inspect the nukes, General? You can look, but don't touch",
DIALOGEVENT:Taunts_Nuke042Subtitle,1,"*I'd be careful, General; these nuclear depots tend to leak",
DIALOGEVENT:Taunts_Nuke043Subtitle,1,"*Get away from my supplies, General!",
DIALOGEVENT:Taunts_Nuke044Subtitle,1,"*General, I wouldn't capture that oil derrick if I were you--I'll only destroy it",
DIALOGEVENT:Taunts_Nuke045Subtitle,1,"*Get away from my silos, General!",
DIALOGEVENT:Taunts_Nuke046Subtitle,1,"*I see your power is down, General. Should I send you some nuclear energy?",
DIALOGEVENT:Taunts_Nuke047Subtitle,1,"*Out of funds already? Don't you know war is expensive, General?",
DIALOGEVENT:Taunts_Nuke048Subtitle,1,"*Please, build more tanks, General; even they will melteventually",
DIALOGEVENT:Taunts_Nuke049Subtitle,1,*Keep those planes away from my silos!,
DIALOGEVENT:Taunts_Nuke050Subtitle,1,"*So many soldiers, General. Do they have their radiation suits on?",
DIALOGEVENT:Taunts_Nuke051Subtitle,1,"*How many nukes do you think it will take me to destroy that new weapon, General?",
DIALOGEVENT:Taunts_Nuke052Subtitle,1,"*How many nukes do you think it will take me to destroy that new weapon, General?",
DIALOGEVENT:Taunts_Nuke053Subtitle,1,"*Selling off buildings? General, if you wanted to clear that area I could have done it for you",
DIALOGEVENT:Taunts_Nuke054Subtitle,1,"*You cannot stand against my might, General",
DIALOGEVENT:Taunts_Nuke055Subtitle,1,*Surrender! Or do you want the bombing will continue?,
DIALOGEVENT:Taunts_Nuke056Subtitle,1,"*You are losing this war, General. A few more bombs and your base will fall!",
DIALOGEVENT:Taunts_Nuke057Subtitle,1,"*Might makes right. Wouldn't you agree, General",
DIALOGEVENT:Taunts_Nuke058Subtitle,1,"*And now for my final attack. Hold on, General, you're going to like thiswait, no you won't",
DIALOGEVENT:Taunts_Nuke059Subtitle,1,*None will stand against our nuclear arsenal,
DIALOGEVENT:Taunts_Nuke060Subtitle,1,*Challenge me and your base will glow like the sun,
DIALOGEVENT:Taunts_Nuke061Subtitle,1,*Soon you'll be nothing more than nuclear waste,
DIALOGEVENT:Taunts_Nuke062Subtitle,1,*Another moment and I would have reduced you to dust,
DIALOGEVENT:Taunts_Nuke063Subtitle,1,*You are lucky to have survived this battle intact. Challenge me again if you dare,
DIALOGEVENT:Taunts_Nuke064Subtitle,1,"*Welcome to the party, General. Please excuse the mess",
DIALOGEVENT:Taunts_Nuke065Subtitle,1,"*Now, General, I think you understand why I am known as Mao the Nuke",
DIALOGEVENT:Taunts_Nuke066Subtitle,1,"*We've been waiting for you, General. Please accept our gifts",
DIALOGEVENT:Taunts_Nuke067Subtitle,1,"*More gifts, General. Our generosity is limitless",
DIALOGEVENT:Taunts_Nuke068Subtitle,1,"*Now the battle begins in earnest. Prepare yourself, General",
DIALOGEVENT:Taunts_Nuke069Subtitle,1,"*Cold fusion is no way to create power, General",
DIALOGEVENT:Taunts_Nuke070Subtitle,1,"*It pains me to destroy your reactors, General",
DIALOGEVENT:Taunts_Nuke071Subtitle,1,"*You call that a ""super weapon"", General? It breaks like a toy",
DIALOGEVENT:Taunts_Nuke072Subtitle,1,"*No! My warheads! My beautiful warheads! You will pay, General",
DIALOGEVENT:Taunts_Nuke073Subtitle,1,"*That's okay, General, I have more nukes for you",
DIALOGEVENT:Taunts_Nuke074Subtitle,1,"*Hey, do you know how much that nuke silo costs?",
DIALOGEVENT:Taunts_Nuke075Subtitle,1,"*Okay, General, that's enough--I'm running out of nukes!",
DIALOGEVENT:Taunts_Nuke076Subtitle,1,"*Why do you want to blow-up my nukes anyway, General?",
DIALOGEVENT:Taunts_Nuke077Subtitle,1,"*No! That was my last nuclear silo! Why, General..why?",
DIALOGEVENT:Taunts_Nuke078Subtitle,1,"*(enemy lost all silo) You have destroyed all of my siloswhy, General? Why?!",
DIALOGEVENT:Taunts_Nuke079Subtitle,1,"*(enemy caps player barracks) I've captured your barracks, General. Perhaps I will sell it",
DIALOGEVENT:Taunts_Nuke080Subtitle,1,*(enemy caps player war factory) My men have captured your War Factory. You really should have guarded it better,
DIALOGEVENT:Taunts_Nuke081Subtitle,1,"*(player base) Your defenses are weak, General; we have entered you base",
DIALOGEVENT:Taunts_Nuke082Subtitle,1,"*(combat zone) My forces are in the field, General. Soon they will roll into your base",
DIALOGEVENT:Taunts_Nuke083Subtitle,1,"*(supply dock area) Ah, we've found some supplies. Soon we will control all of the resources!",
DIALOGEVENT:Taunts_Nuke084Subtitle,1,"*(second supply dock area) More supplies for us. How are you funding your troops, General?",
DIALOGEVENT:Taunts_Nuke085Subtitle,1,*(oil derrick area) Red Guard--capture that oil derrick!,
DIALOGEVENT:Taunts_Nuke086Subtitle,1,"*It appears we have used all the supplies in the area. I hope you've made other arrangements, General",
DIALOGEVENT:Taunts_Nuke087Subtitle,1,*(enemy out of power) What?! I'm out of power? How can I be out of power? Someone get me more power! Now!,
DIALOGEVENT:Taunts_Nuke088Subtitle,1,*(ambulance) That ambulance will not save your men from the radiation,
DIALOGEVENT:Taunts_Nuke089Subtitle,1,*(strat center) A Strategy Center? What strategy could you possibly devise to fight me?,
DIALOGEVENT:Taunts_Nuke090Subtitle,1,"*(black market) The Black Market won't sell you anything powerful enough to stop me, General",
DIALOGEVENT:Taunts_Nuke091Subtitle,1,"*(propaganda center) Your propaganda will not turn anyone against my nuclear power, General",
DIALOGEVENT:Taunts_Nuke092Subtitle,1,"*Oh, look--I have a nuke ready for you",
DIALOGEVENT:Taunts_Nuke093Subtitle,1,"*Wow, two nukes! I am pleased",
DIALOGEVENT:Taunts_Nuke094Subtitle,1,*Three nukes?!? That's three times the fun!,
DIALOGEVENT:Taunts_Nuke095Subtitle,1,*Four nukes? Incredible!,
DIALOGEVENT:Taunts_Nuke096Subtitle,1,*Five nukes? Maybe you want me to send you a clean pair of shorts now?,
DIALOGEVENT:Taunts_Nuke097Subtitle,1,"*(player sells building) General, if you sell off any more buildings I'll win by default",
DIALOGEVENT:Taunts_Stealth001Subtitle,1,*Look at what I've found,
DIALOGEVENT:Taunts_Stealth002Subtitle,1,"*Here comes my next attacktry to be ready this time, General",
DIALOGEVENT:Taunts_Stealth003Subtitle,1,*You can't kill what you can't see,
DIALOGEVENT:Taunts_Stealth004Subtitle,1,*You didn't need those troops anyways,
DIALOGEVENT:Taunts_Stealth005Subtitle,1,*Sleeping on the job again?,
DIALOGEVENT:Taunts_Stealth006Subtitle,1,*hanks for the new units. They'll prove useful in destroying you,
DIALOGEVENT:Taunts_Stealth007Subtitle,1,"*Watch this! Oh wait, you can't",
DIALOGEVENT:Taunts_Stealth008Subtitle,1,*Did you bring your thermal goggles?,
DIALOGEVENT:Taunts_Stealth009Subtitle,1,*I think it's time to acquire a new base,
DIALOGEVENT:Taunts_Stealth010Subtitle,1,*It was never meant to be General. Good bye!,
DIALOGEVENT:Taunts_Stealth011Subtitle,1,*Closing your eyes will not make the pain of defeat any easier,
DIALOGEVENT:Taunts_Stealth012Subtitle,1,"*My stealth assassins will make short work of your forces, General",
DIALOGEVENT:Taunts_Stealth013Subtitle,1,*We will strike like the snake--quick and invisible,
DIALOGEVENT:Taunts_Stealth014Subtitle,1,"*You will not stand against this attack, General",
DIALOGEVENT:Taunts_Stealth015Subtitle,1,*Handsome Generals always win battles,
DIALOGEVENT:Taunts_Stealth016Subtitle,1,"*You'll never see me until it is too late , General",
DIALOGEVENT:Taunts_Stealth017Subtitle,1,"*General, perhaps you could introduce me to Black Lotus. I'm a great admirer of heruh, work",
DIALOGEVENT:Taunts_Stealth018Subtitle,1,*When it is quiet you should fear me the most,
DIALOGEVENT:Taunts_Stealth019Subtitle,1,"*I can't wait for your next attack, General. Can we expect it today?",
DIALOGEVENT:Taunts_Stealth020Subtitle,1,"*Don't let your senses grow dull, General--you can expect my attack any moment now",
DIALOGEVENT:Taunts_Stealth021Subtitle,1,"*You can't defeat me, General",
DIALOGEVENT:Taunts_Stealth022Subtitle,1,"*I will attack when you least expect it, General",
DIALOGEVENT:Taunts_Stealth023Subtitle,1,"*My men are all over the battlefield, General...hidden from viewready to strike",
DIALOGEVENT:Taunts_Stealth024Subtitle,1,*Stealth is my allyand your enemy,
DIALOGEVENT:Taunts_Stealth025Subtitle,1,"*You've lost your Tech Building, General. What shall you lose next?",
DIALOGEVENT:Taunts_Stealth026Subtitle,1,"*You could not stop me from destroying you Barracks, General. What do you value if not your men?",
DIALOGEVENT:Taunts_Stealth027Subtitle,1,*Destroying you War Factory was child's-play. Your Command Center can't be far behind,
DIALOGEVENT:Taunts_Stealth028Subtitle,1,"*Your planes have lost their Air Field, and you have lost your advantage, General",
DIALOGEVENT:Taunts_Stealth029Subtitle,1,"*There is a hole in your defenses now, General. Who can say how many of my men are in your base now",
DIALOGEVENT:Taunts_Stealth030Subtitle,1,"*Your Command Center is gone, General. My victory is all but assured",
DIALOGEVENT:Taunts_Stealth031Subtitle,1,"*I don't relish destroying your buildings, General, but you leave me no choice",
DIALOGEVENT:Taunts_Stealth032Subtitle,1,*You are targeting my Tech Buildings because you have no hope of reaching my base,
DIALOGEVENT:Taunts_Stealth033Subtitle,1,"*You have destroyed my Barracks, but we will rebuild and those men will be avenged",
DIALOGEVENT:Taunts_Stealth034Subtitle,1,"*My Arms Dealer will not be pleased that you destroyed his depot, General",
DIALOGEVENT:Taunts_Stealth035Subtitle,1,"*You have destroyed that base defense, General, but that just may have allowed my men time to out-flank you",
DIALOGEVENT:Taunts_Stealth036Subtitle,1,"*You've destroyed many of my buildings, but with even one factory left I am a dangerous opponent, General",
DIALOGEVENT:Taunts_Stealth037Subtitle,1,"*Nicely played, General; you've destroyed my Command Center. Now I will be forced to fight dirty",
DIALOGEVENT:Taunts_Stealth038Subtitle,1,"*You're quite adept at discovering my camouflaged vehicles, General. I'll consider a new tactic",
DIALOGEVENT:Taunts_Stealth039Subtitle,1,"*Your brutish tactics are costing me men, General. I'll reconsider my tactics now that I know you have none",
DIALOGEVENT:Taunts_Stealth040Subtitle,1,"*Now that I've captured this Oil Derrick, my forces will grow even faster",
DIALOGEVENT:Taunts_Stealth041Subtitle,1,"*Artillery Platforms are so brutish, but I can't let you have it, can I?",
DIALOGEVENT:Taunts_Stealth042Subtitle,1,"*This Oil Refinery is now mine, General",
DIALOGEVENT:Taunts_Stealth043Subtitle,1,"*General, you are coming dangerously close to my base",
DIALOGEVENT:Taunts_Stealth044Subtitle,1,"*I see forces approaching my base, General. You don't mean to invade do you?",
DIALOGEVENT:Taunts_Stealth045Subtitle,1,"*You are testing my patience, General. Remove you forces from my base",
DIALOGEVENT:Taunts_Stealth046Subtitle,1,"*If you do not remove your forces from my base, I'll remove them permanently",
DIALOGEVENT:Taunts_Stealth047Subtitle,1,*So you're trying to enter my base from the flank. We'll put a stop to that,
DIALOGEVENT:Taunts_Stealth048Subtitle,1,"*A back-door attack? I didn't realize you were so devious, General",
DIALOGEVENT:Taunts_Stealth049Subtitle,1,"*A frontal assault? That will prove a fatal mistake, General",
DIALOGEVENT:Taunts_Stealth050Subtitle,1,"*Those are my resources, General--go find your own",
DIALOGEVENT:Taunts_Stealth051Subtitle,1,"*Why do you insist on approaching my base that way, General?",
DIALOGEVENT:Taunts_Stealth052Subtitle,1,"*That route is not as unguarded as it seems, General",
DIALOGEVENT:Taunts_Stealth053Subtitle,1,"*The only thing you will find here is your own destruction, General",
DIALOGEVENT:Taunts_Stealth054Subtitle,1,"*What is your fascination with this area, General?",
DIALOGEVENT:Taunts_Stealth055Subtitle,1,"*We are nearing your base, General. There may be cross-hairs on your head right now",
DIALOGEVENT:Taunts_Stealth056Subtitle,1,"*Your outer defenses are weak, General. Let's hope you base is better protected",
DIALOGEVENT:Taunts_Stealth057Subtitle,1,"*We have entered you base, General. Ignore us at your own peril",
DIALOGEVENT:Taunts_Stealth058Subtitle,1,"*Your defenses are broken, General. How will you repel us now?",
DIALOGEVENT:Taunts_Stealth059Subtitle,1,"*You really should be defending these resources, General, or this battle will be very short",
DIALOGEVENT:Taunts_Stealth060Subtitle,1,"*I've found your Tech Buildings, General. What should I do with them?",
DIALOGEVENT:Taunts_Stealth061Subtitle,1,"*I've found the back-door to your base, General",
DIALOGEVENT:Taunts_Stealth062Subtitle,1,"*Can you defend against my flanking attack, General? Let's find out",
DIALOGEVENT:Taunts_Stealth063Subtitle,1,*Only a careless general would allow the power to fail,
DIALOGEVENT:Taunts_Stealth064Subtitle,1,"*Your power is down, General. You did not plan your infrastructure properly. Let's hope it isn't a fatal mistake",
DIALOGEVENT:Taunts_Stealth065Subtitle,1,"*General, you can't fight without resources. What will you do now?",
DIALOGEVENT:Taunts_Stealth066Subtitle,1,"*You have robbed me of my resources, General. Now I will return the favor",
DIALOGEVENT:Taunts_Stealth067Subtitle,1,"*So, you have built a Scud Storm. We will have to deal with this new threat",
DIALOGEVENT:Taunts_Stealth068Subtitle,1,"*Nuclear weapons have no place in this battle, General. Why do you insist on building them?",
DIALOGEVENT:Taunts_Stealth069Subtitle,1,"*You would strike at me from space with your cowardly Particle Cannon? I am disappointed, General",
DIALOGEVENT:Taunts_Stealth070Subtitle,1,"*So many base defenses, General. What are you afraid of?",
DIALOGEVENT:Taunts_Stealth071Subtitle,1,"*You're building tanks, are you. Well, a few more sniper should take care of that",
DIALOGEVENT:Taunts_Stealth072Subtitle,1,"*More planes? Why so many, General? Afraid to come down and face me?",
DIALOGEVENT:Taunts_Stealth073Subtitle,1,"*Let me give you some advice, General. That large group of infantry is no match for my snipers",
DIALOGEVENT:Taunts_Stealth074Subtitle,1,"*Your base has grown so large, General. Do you think you can defend all your buildings from capture?",
DIALOGEVENT:Taunts_Stealth075Subtitle,1,"*You've launched! You'll regret using that Scud Storm, General",
DIALOGEVENT:Taunts_Stealth076Subtitle,1,"*Nuclear missiles! I thought you were bluffing, General",
DIALOGEVENT:Taunts_Stealth077Subtitle,1,"*Yes, look at the cowardly particle beam. Enjoy this, General--my answer will be swift and brutal",
DIALOGEVENT:Taunts_Stealth078Subtitle,1,"*By all means, General, garrison that buildingmy snipers can possibly hit them in there",
DIALOGEVENT:Taunts_Stealth079Subtitle,1,"*Colonel Burton, General? Perhaps you should make him the general; you'll only lead him to an early grave",
DIALOGEVENT:Taunts_Stealth080Subtitle,1,"*Ah the beautiful Black Lotus. Perhaps after you're defeated, General, she'll agree to join me",
DIALOGEVENT:Taunts_Stealth081Subtitle,1,*Jarmen Kell?! All snipers beware: Jarmen Kell has entered the field,
DIALOGEVENT:Taunts_Stealth082Subtitle,1,"*Wise choice, building an Air Field, but planes alone will not be enough to defeat me, General",
DIALOGEVENT:Taunts_Stealth083Subtitle,1,"*My spies tell me you've finally built your War Factory, General. Are you ready to fight now?",
DIALOGEVENT:Taunts_Stealth084Subtitle,1,"*Train all the men you wish from that Barracks, General; they are no match for my snipers",
DIALOGEVENT:Taunts_Stealth085Subtitle,1,"*You've sold-off one of your buildings. Such tactics lead to defeat, General",
DIALOGEVENT:Taunts_Stealth086Subtitle,1,*How are you defeating my forces?! It's not possible!,
DIALOGEVENT:Taunts_Stealth087Subtitle,1,"*You may have the upper-hand now, but your desperate tactics will not endure, General",
DIALOGEVENT:Taunts_Stealth088Subtitle,1,"*My forces will rise up against your oppression and we will defeat you, General",
DIALOGEVENT:Taunts_Stealth089Subtitle,1,"*Enjoy your advantage for now, Generalyou'll make a mistake soon and I'll turn the tide of this battle",
DIALOGEVENT:Taunts_Stealth090Subtitle,1,"*So it endsyou've defeated me, General, but someday I'll have my revenge. Watch your back, General",
DIALOGEVENT:Taunts_Stealth091Subtitle,1,"*Your forces are weakening, General. Accept defeat and I'll go easy on you",
DIALOGEVENT:Taunts_Stealth092Subtitle,1,"*Your attacks are ineffective against me, General. Soon we'll sweep in and destroy you",
DIALOGEVENT:Taunts_Stealth093Subtitle,1,"*I'm enjoying this little game, General, but your pathetic attacks are beginning to bore me",
DIALOGEVENT:Taunts_Stealth094Subtitle,1,"*I thought you would provide more of a challenge, General. I guess I overestimated you",
DIALOGEVENT:Taunts_Stealth095Subtitle,1,"*You have fallen to Kassad, like all have before you",
DIALOGEVENT:Taunts_Stealth096Subtitle,1,*We will strike like the snake--unseen and deadly,
DIALOGEVENT:Taunts_Stealth097Subtitle,1,*Now you see me--now you're dead,
DIALOGEVENT:Taunts_Stealth098Subtitle,1,*I am Kassad,
DIALOGEVENT:Taunts_Stealth099Subtitle,1,"*This will not go well for you, General",
DIALOGEVENT:Taunts_Stealth100Subtitle,1,"*My men will not accept this defeat from their leader, General. You have signed my death warrant with your superior tactics",
DIALOGEVENT:Taunts_Stealth101Subtitle,1,"*Accept your bitter defeat and remove yourself from my sight, General",
DIALOGEVENT:Taunts_Stealth102Subtitle,1,*And another who stood against me falls,
DIALOGEVENT:Taunts_Stealth103Subtitle,1,"*And so it will be for you, General--no warning, no mercy",
DIALOGEVENT:Taunts_Stealth104Subtitle,1,"*You still have time to flee with your life, General. <evil laughter trailing off to silence>",
DIALOGEVENT:Taunts_Tank001Subtitle,1,"*I see you haven't run in fear, General. Soon you'll wish you had",
DIALOGEVENT:Taunts_Tank002Subtitle,1,"*My forces are at your door, General",
DIALOGEVENT:Taunts_Tank003Subtitle,1,*The iron dragon marches through your puny defenses,
DIALOGEVENT:Taunts_Tank004Subtitle,1,"*I fear this will end you, General",
DIALOGEVENT:Taunts_Tank005Subtitle,1,"*Mmmcan you feel the thunderous song of approaching armor, General?",
DIALOGEVENT:Taunts_Tank006Subtitle,1,"*Are you protecting your flanks, General? Why don't we have a look",
DIALOGEVENT:Taunts_Tank007Subtitle,1,"*Are you impressed with the modifications to my tanks, General?",
DIALOGEVENT:Taunts_Tank008Subtitle,1,*Armor...crush them,
DIALOGEVENT:Taunts_Tank009Subtitle,1,"*Soon, the field will fill with tanksmy tanks",
DIALOGEVENT:Taunts_Tank010Subtitle,1,*All units...attack,
DIALOGEVENT:Taunts_Tank011Subtitle,1,"*Nice base, Generalcare to surrender it?",
DIALOGEVENT:Taunts_Tank012Subtitle,1,"*This spells your doom, General",
DIALOGEVENT:Taunts_Tank013Subtitle,1,"*We're in your base, General; your defenses were inadequate",
DIALOGEVENT:Taunts_Tank014Subtitle,1,"*You dare attack my War Factory! All forces, remove this pest!",
DIALOGEVENT:Taunts_Tank015Subtitle,1,*Tanksbuild more tanks,
DIALOGEVENT:Taunts_Tank016Subtitle,1,"*Another battalion is on its way, General, please make them feel welcome",
DIALOGEVENT:Taunts_Tank017Subtitle,1,"*Ah, this is the part of the battle I enjoy the mostthe part just before I finish off my enemy",
DIALOGEVENT:Taunts_Tank018Subtitle,1,*Tanks: move fasterbefore our opponent considers an actual attack,
DIALOGEVENT:Taunts_Tank019Subtitle,1,"*It's quiet out there, General. There must be a lot of tanks rolling towards your base, don't you think?",
DIALOGEVENT:Taunts_Tank020Subtitle,1,"*I'm going to take this time to construct more defensesno, wait, I'll build more tanks instead",
DIALOGEVENT:Taunts_Tank021Subtitle,1,*This area was once fertile farm land. Soon your blood will make it fertile again,
DIALOGEVENT:Taunts_Tank022Subtitle,1,"*Your tactics amuse me, General",
DIALOGEVENT:Taunts_Tank023Subtitle,1,"*Enjoy the rest, General--soon the attacks will begin again",
DIALOGEVENT:Taunts_Tank024Subtitle,1,"*We're awaiting your assault, General, but I'm beginning to wonder if it will ever come",
DIALOGEVENT:Taunts_Tank025Subtitle,1,"*Our War Factories are working hard to make more tanks, just for you, General",
DIALOGEVENT:Taunts_Tank026Subtitle,1,"*How much longer can you survive such loses, General? Perhaps it is time to consider surrender",
DIALOGEVENT:Taunts_Tank027Subtitle,1,"*Tanks amass in our base, preparing for the final assault. Will your defenses hold this time?",
DIALOGEVENT:Taunts_Tank028Subtitle,1,*Soon we will remove you from our lands,
DIALOGEVENT:Taunts_Tank029Subtitle,1,"*This will be your last chance to prove yourself, General. Soon my tanks will end your pitiful army",
DIALOGEVENT:Taunts_Tank030Subtitle,1,"*You cannot believe your luck will hold out much longercan you, General?",
DIALOGEVENT:Taunts_Tank031Subtitle,1,"*You didn't want that Tech Building, did you?",
DIALOGEVENT:Taunts_Tank032Subtitle,1,"*Your Barracks has fallen to my tanks, General",
DIALOGEVENT:Taunts_Tank033Subtitle,1,"*There goes your factory, General. How will you match my armor now?",
DIALOGEVENT:Taunts_Tank034Subtitle,1,"*Without your airfield you've lost your only chance against me, General",
DIALOGEVENT:Taunts_Tank035Subtitle,1,*Your defenses fall like toys before my armor,
DIALOGEVENT:Taunts_Tank036Subtitle,1,"*You can't lost your Command Center and all hope to win against me, General. I await your surrender",
DIALOGEVENT:Taunts_Tank037Subtitle,1,"*You've lost a lot of buildings, Generalisn't it time to surrender?",
DIALOGEVENT:Taunts_Tank038Subtitle,1,"*That tech building was mine, General; you will regret destroying it",
DIALOGEVENT:Taunts_Tank039Subtitle,1,"*So, you've destroyed my Barracks--so be it. Now I will destroy yours",
DIALOGEVENT:Taunts_Tank040Subtitle,1,*We will rebuild that War Factory. Soon the tanks will again flow to your base like water,
DIALOGEVENT:Taunts_Tank041Subtitle,1,"*Destroying my Airfield will not stop me, General",
DIALOGEVENT:Taunts_Tank042Subtitle,1,"*Destroying my defenses only let's me know where you are, General",
DIALOGEVENT:Taunts_Tank043Subtitle,1,"*General, you are destroying an unacceptable number of my buildings. This must stop",
DIALOGEVENT:Taunts_Tank044Subtitle,1,"*You've destroyed my Command CenterI am impressed, General...few survive this long",
DIALOGEVENT:Taunts_Tank045Subtitle,1,"*You're shooting at my planes?! Do you think this is the best tactic against me, General?",
DIALOGEVENT:Taunts_Tank046Subtitle,1,"*Enough! Do not destroy any more of my tanks, General",
DIALOGEVENT:Taunts_Tank047Subtitle,1,"*Stop targeting my infantry, you coward!",
DIALOGEVENT:Taunts_Tank048Subtitle,1,"*General, I need that Oil Derrick for my tanks. Release it to me or pay",
DIALOGEVENT:Taunts_Tank049Subtitle,1,"*That Artillery Platform is no match for my armor, General",
DIALOGEVENT:Taunts_Tank050Subtitle,1,"*Ah, I see you captured an Oil Refinery. Perhaps I should take it from you",
DIALOGEVENT:Taunts_Tank051Subtitle,1,"*We are approaching you base, General. Prepare yourself",
DIALOGEVENT:Taunts_Tank052Subtitle,1,"*Ah, my tanks are almost in range of your base. This should be over soon",
DIALOGEVENT:Taunts_Tank053Subtitle,1,"*We've breached your defenses, General. Now your factories will begin to fall",
DIALOGEVENT:Taunts_Tank054Subtitle,1,"*Thank you for inviting us into your base, General",
DIALOGEVENT:Taunts_Tank055Subtitle,1,"*I see your flank is exposed, General. I expected as much",
DIALOGEVENT:Taunts_Tank056Subtitle,1,"*There are no guards at your backdoor--a fatal mistake on your part, General",
DIALOGEVENT:Taunts_Tank057Subtitle,1,"*I see you've built a second base, General. It will soon be removed",
DIALOGEVENT:Taunts_Tank058Subtitle,1,"*Ah, I've found your Tech Building. Now, should I destroy it or capture it?",
DIALOGEVENT:Taunts_Tank059Subtitle,1,*Your power is down--your forces are finished,
DIALOGEVENT:Taunts_Tank060Subtitle,1,"*I would suggest restoring your power, Generalbefore we turn it off permanently",
DIALOGEVENT:Taunts_Tank061Subtitle,1,*Your supply pile looks lownow nothing can stop us,
DIALOGEVENT:Taunts_Tank062Subtitle,1,*Supplies! I need more supplies!,
DIALOGEVENT:Taunts_Tank063Subtitle,1,"*And what you plan to do with that Scud Storm, General?",
DIALOGEVENT:Taunts_Tank064Subtitle,1,*And now this war has gone nuclearexcellent,
DIALOGEVENT:Taunts_Tank065Subtitle,1,*That Particle Cannon will never live to fire on me,
DIALOGEVENT:Taunts_Tank066Subtitle,1,"*So many base defenses, Generalall so useless",
DIALOGEVENT:Taunts_Tank067Subtitle,1,"*So, you're trying to match my tanks in the field. I question your tactics, General",
DIALOGEVENT:Taunts_Tank068Subtitle,1,"*I see many planes, General--like gnats waiting to be swatted out of the sky",
DIALOGEVENT:Taunts_Tank069Subtitle,1,"*You have trained too many men, General; they will all be crushed beneath my treads",
DIALOGEVENT:Taunts_Tank070Subtitle,1,"*Your base has grown too large, General--my tanks will enjoy the target practice",
DIALOGEVENT:Taunts_Tank071Subtitle,1,"*Your Scud Storm will harm us, but now you have made me angry, General",
DIALOGEVENT:Taunts_Tank072Subtitle,1,*Only a failed General would resort to nuclear missiles,
DIALOGEVENT:Taunts_Tank073Subtitle,1,"*This particle beam will not defeat us, General",
DIALOGEVENT:Taunts_Tank074Subtitle,1,"*Yes, garrison your buildings--you only delay the inevitable",
DIALOGEVENT:Taunts_Tank075Subtitle,1,"*No one soldier can turn the tide, not even Colonel Burton",
DIALOGEVENT:Taunts_Tank076Subtitle,1,"*Ah, Black Lotus, you grace us with your presence. Perhaps you would consider fighting for me",
DIALOGEVENT:Taunts_Tank077Subtitle,1,*All tanks beware: Jarmen Kell has entered the field,
DIALOGEVENT:Taunts_Tank078Subtitle,1,"*An Air Field is a wise choice against me, but it won't save you from defeat, General",
DIALOGEVENT:Taunts_Tank079Subtitle,1,"*Build your War Factories, General; they still will not produce tanks capable of stopping mine",
DIALOGEVENT:Taunts_Tank080Subtitle,1,"*I see you've built a Barracks, General. Please, try to keep your men out from under my tanks",
DIALOGEVENT:Taunts_Tank081Subtitle,1,"*Yes, sell all of your buildings and flee from the field, General. This battle is lost to you",
DIALOGEVENT:Taunts_Tank082Subtitle,1,"*You are losing, General. This battle is mine",
DIALOGEVENT:Taunts_Tank083Subtitle,1,"*All hope is gone now, General. Surrender or die",
DIALOGEVENT:Taunts_Tank084Subtitle,1,"*General, my forces outnumber yoursit is only a matter to time now",
DIALOGEVENT:Taunts_Tank085Subtitle,1,"*Your inferior strategy has lead you to this place, General. You can't win now",
DIALOGEVENT:Taunts_Tank086Subtitle,1,*My victory was assured from the beginning,
DIALOGEVENT:Taunts_Tank087Subtitle,1,"*Your tactics have given you a momentary advantage,General, but you won't maintain it",
DIALOGEVENT:Taunts_Tank088Subtitle,1,"*No! You will not win, General. We will build more tanks and defeat you",
DIALOGEVENT:Taunts_Tank089Subtitle,1,"*Your cowardly tactics may have gotten you this far, but this foolishness ends now",
DIALOGEVENT:Taunts_Tank090Subtitle,1,"*I think I've let you win long enough, General. Prepare for the end",
DIALOGEVENT:Taunts_Tank091Subtitle,1,*Arrrrrgh! This cannot be! How have you defeated my tanks?!,
DIALOGEVENT:Taunts_Tank092Subtitle,1,*Time to unleash the war machine,
DIALOGEVENT:Taunts_Tank093Subtitle,1,*Your tank rush is nothing compared to mine,
DIALOGEVENT:Taunts_Tank094Subtitle,1,"*Don't challenge my tanks, General--you will lose",
DIALOGEVENT:Taunts_Tank095Subtitle,1,*My armor will crush your pathetic forces,
DIALOGEVENT:Taunts_Tank096Subtitle,1,"*You may have defeated my tanks, General, but the Tigress will crush you like an insect",
DIALOGEVENT:Taunts_Tank097Subtitle,1,"*Tanks are the key to any victory, as you well know",
DIALOGEVENT:Taunts_Tank098Subtitle,1,"*I see you defeated my scouts, General. The next attack won't go so well for you, I think",
DIALOGEVENT:Taunts_Tank099Subtitle,1,"*Here we come, General, I hope your defenses are up",
DIALOGEVENT:Taunts_Tank100Subtitle,1,"*And these are just my Battlemasters, Generaljust wait until the Overlord join the battle",
DIALOGEVENT:Taunts_Tank101Subtitle,1,"*I'd be careful, General, sometimes the Red Guard like to take over buildings while you're busy with my tanks",
DIALOGEVENT:Taunts_Toxin001Subtitle,1,*I see you!,
DIALOGEVENT:Taunts_Toxin002Subtitle,1,"*One taste, and you'll never go back -- even if you wanted to!",
DIALOGEVENT:Taunts_Toxin003Subtitle,1,*Have a taste of my own medicine!,
DIALOGEVENT:Taunts_Toxin004Subtitle,1,*How long can you hold your breath?,
DIALOGEVENT:Taunts_Toxin005Subtitle,1,*Ready for another chemistry lesson?,
DIALOGEVENT:Taunts_Toxin006Subtitle,1,*It's not so bad. You should only feel a long and painful burning after this!,
DIALOGEVENT:Taunts_Toxin007Subtitle,1,"*Toxin troopers, attack!",
DIALOGEVENT:Taunts_Toxin008Subtitle,1,"*Here we come, General, like a chemical spill",
DIALOGEVENT:Taunts_Toxin009Subtitle,1,"*It's so hard to find a doctor that makes housecalls, but Dr. Thrax does",
DIALOGEVENT:Taunts_Toxin010Subtitle,1,*Spill on isle one!,
DIALOGEVENT:Taunts_Toxin011Subtitle,1,"*Like acid rain, we decend upon your base, General",
DIALOGEVENT:Taunts_Toxin012Subtitle,1,"*Go forth, my toxic warriors! Bring our message to the masses!",
DIALOGEVENT:Taunts_Toxin013Subtitle,1,"*Oh, you're going to like this, General. No, waitno you won't",
DIALOGEVENT:Taunts_Toxin014Subtitle,1,"*You've brought this on yourself, General. Now watch your men pay for your mistake",
DIALOGEVENT:Taunts_Toxin015Subtitle,1,*Silent but deadly,
DIALOGEVENT:Taunts_Toxin016Subtitle,1,*That's right -- sit back and relax! Give my toxins more time to work!,
DIALOGEVENT:Taunts_Toxin017Subtitle,1,*The suspense it's killing you!,
DIALOGEVENT:Taunts_Toxin018Subtitle,1,*Time to brew another batch!,
DIALOGEVENT:Taunts_Toxin019Subtitle,1,"*Every moment you delay, you die a little bit more!",
DIALOGEVENT:Taunts_Toxin020Subtitle,1,*You can tell they're just right when the flesh falls off the bone!,
DIALOGEVENT:Taunts_Toxin021Subtitle,1,*Anthrax it does a body bad,
DIALOGEVENT:Taunts_Toxin022Subtitle,1,*Smell that? No?,
DIALOGEVENT:Taunts_Toxin023Subtitle,1,*And breathe in out and again feel better?,
DIALOGEVENT:Taunts_Toxin024Subtitle,1,*Good to the last drop!,
DIALOGEVENT:Taunts_Toxin025Subtitle,1,"*I'll give you a ""breather"" before our next attack",
DIALOGEVENT:Taunts_Toxin026Subtitle,1,"*We have a clogged toxin nozzle, Generalgive me a second to fix it",
DIALOGEVENT:Taunts_Toxin027Subtitle,1,"*You'll come for the toxin, but you'll staybecause you're dead!",
DIALOGEVENT:Taunts_Toxin028Subtitle,1,"*You will regret intruding on my experiments, General",
DIALOGEVENT:Taunts_Toxin029Subtitle,1,"*Are you going to attack me, or are you afraid of what you might find at my base, General?",
DIALOGEVENT:Taunts_Toxin030Subtitle,1,"*Nothing can live beneath my toxic cloud, General",
DIALOGEVENT:Taunts_Toxin031Subtitle,1,*You didn't really need that anyway,
DIALOGEVENT:Taunts_Toxin032Subtitle,1,"*Your troops appear intoxicated, General!",
DIALOGEVENT:Taunts_Toxin033Subtitle,1,"*Ohh general, looks like your troops can't hold their toxin",
DIALOGEVENT:Taunts_Toxin034Subtitle,1,"*Your Air Field is destroyed, General. Now you'll have to walk through my clouds of death",
DIALOGEVENT:Taunts_Toxin035Subtitle,1,*Notice how the toxins tear everything apart?,
DIALOGEVENT:Taunts_Toxin036Subtitle,1,*Argh! I had my wine collection in there!,
DIALOGEVENT:Taunts_Toxin037Subtitle,1,*My toxins and your troops certainly have chemistry!,
DIALOGEVENT:Taunts_Toxin038Subtitle,1,*I didn't need that anyway!,
DIALOGEVENT:Taunts_Toxin039Subtitle,1,*Now where will my chemical soldiers come from?,
DIALOGEVENT:Taunts_Toxin040Subtitle,1,*My toxin trucks will roll again!,
DIALOGEVENT:Taunts_Toxin041Subtitle,1,"*See, people don't belong in the air",
DIALOGEVENT:Taunts_Toxin042Subtitle,1,"*You inconvenience me, General!",
DIALOGEVENT:Taunts_Toxin043Subtitle,1,"*Stop destroying my buildings, General, or I will make thingsunpleasant for you",
DIALOGEVENT:Taunts_Toxin044Subtitle,1,"*You've destroyed my Command Center! Ah well, I always hated my commanders anywaynow it's just you and me, General",
DIALOGEVENT:Taunts_Toxin045Subtitle,1,"*General, if you keep destroying my vehicles, how can I bring you your medicine?",
DIALOGEVENT:Taunts_Toxin046Subtitle,1,"*My brave warriors! How can you do this to them? What did they ever do to-- oh wait, never mind",
DIALOGEVENT:Taunts_Toxin047Subtitle,1,*Give that Oil Derrick back! Don't you know petroleum is a key ingredient in my toxins?!,
DIALOGEVENT:Taunts_Toxin048Subtitle,1,"*That Artillery Platform will not stop me, General",
DIALOGEVENT:Taunts_Toxin049Subtitle,1,"*General, I need that Refinery to purify my toxins. What could you possibly need it for?",
DIALOGEVENT:Taunts_Toxin050Subtitle,1,*Did I give you permission to come in?,
DIALOGEVENT:Taunts_Toxin051Subtitle,1,*What are you doing in here? The recipes are mine!,
DIALOGEVENT:Taunts_Toxin052Subtitle,1,"*You are a fool to come into my base, General!",
DIALOGEVENT:Taunts_Toxin053Subtitle,1,"*You are too close to my precious toxins, General. Now you must die",
DIALOGEVENT:Taunts_Toxin054Subtitle,1,*Stay away from my scud missiles! I'll give them to you when I'm ready!,
DIALOGEVENT:Taunts_Toxin055Subtitle,1,"*I don't think you want those supplies, they aren't  ready yet",
DIALOGEVENT:Taunts_Toxin056Subtitle,1,*I see you're building another base. Soon it will be abandoned,
DIALOGEVENT:Taunts_Toxin057Subtitle,1,"*Get out of my village, General. There's not much left of it, but it is mine!",
DIALOGEVENT:Taunts_Toxin058Subtitle,1,"*Be careful as you cross that bridge, General--the water below isn't safe for swimming",
DIALOGEVENT:Taunts_Toxin059Subtitle,1,"*Watch out, General, that bridge might not be safebut then, what is around here?",
DIALOGEVENT:Taunts_Toxin060Subtitle,1,"*Do you think you're being clever, sneaking in my backdoor?",
DIALOGEVENT:Taunts_Toxin061Subtitle,1,"*So, you've made it across the river. Now the battle gets interesting",
DIALOGEVENT:Taunts_Toxin062Subtitle,1,"*It looks like you're out of power, General. Perhaps I should attack now",
DIALOGEVENT:Taunts_Toxin063Subtitle,1,"*You're out of power, General. It's time for me to come and play",
DIALOGEVENT:Taunts_Toxin064Subtitle,1,"*Your resource pile has grown small,General. I don't think you have enough left to stop my next attackexcellent",
DIALOGEVENT:Taunts_Toxin065Subtitle,1,*Budget?! I don't want to hear about the budget!,
DIALOGEVENT:Taunts_Toxin066Subtitle,1,"*You dare to build a Scud Storm in my presence! You know, of course, that we are all immune to its toxins, right, General?",
DIALOGEVENT:Taunts_Toxin067Subtitle,1,*A Nuke Silo? I would not have expected you to use toxic radiationperhaps we could work together sometime,
DIALOGEVENT:Taunts_Toxin068Subtitle,1,"*So, a Particle Cannon to counter my toxins, eh? Your technology is no match for my toxins, General",
DIALOGEVENT:Taunts_Toxin069Subtitle,1,"*So many defenses, General. ALL USELESS!!!",
DIALOGEVENT:Taunts_Toxin070Subtitle,1,*Metal is only a temporary barrier to my toxins!,
DIALOGEVENT:Taunts_Toxin071Subtitle,1,*Ah -- coward! Your pilots still need to breathe!,
DIALOGEVENT:Taunts_Toxin072Subtitle,1,"*Do you enjoy seeing your men glow in the dark? Build more, then!",
DIALOGEVENT:Taunts_Toxin073Subtitle,1,"*Your base has grown large, Generala perfect target for my Scud Storm",
DIALOGEVENT:Taunts_Toxin074Subtitle,1,"*Yes, fire your Scud Stormvisit your useless toxins upon my base",
DIALOGEVENT:Taunts_Toxin075Subtitle,1,"*Your nuclear missile will only mutate us and make us stronger, General",
DIALOGEVENT:Taunts_Toxin076Subtitle,1,"*You cannot hope to clear my toxins with that particle beam, General",
DIALOGEVENT:Taunts_Toxin077Subtitle,1,"*Yes, garrison that building--I'm sure my Toxin Tractors will love that",
DIALOGEVENT:Taunts_Toxin078Subtitle,1,*If you bring Colonel Burton into this I'll have to release Jarmen Kell,
DIALOGEVENT:Taunts_Toxin079Subtitle,1,"*Black Lotus? You know, of course, that the black lotus is a poisonous flowerI think that's in one of my toxinsbut I digress",
DIALOGEVENT:Taunts_Toxin080Subtitle,1,*I see Jarmen Kell has joined our little war. Perhaps mine would enjoy a sniper duel,
DIALOGEVENT:Taunts_Toxin081Subtitle,1,"*Now what do you want with that Air Field, General?",
DIALOGEVENT:Taunts_Toxin082Subtitle,1,*So our General builds a War Factory. How predictable of you,
DIALOGEVENT:Taunts_Toxin083Subtitle,1,"*Yeeesss, build a Barracks--send you men to me",
DIALOGEVENT:Taunts_Toxin084Subtitle,1,"*Sell off allyour buildings, Generaland send your men to me",
DIALOGEVENT:Taunts_Toxin085Subtitle,1,"*Give up now, and I guarantee you'll breathe easy",
DIALOGEVENT:Taunts_Toxin086Subtitle,1,"*Your troops are short of breath, General. Give up!",
DIALOGEVENT:Taunts_Toxin087Subtitle,1,"*My second wind spells your doom, General!",
DIALOGEVENT:Taunts_Toxin088Subtitle,1,*Let me drown your sorrows with a nice toxin!,
DIALOGEVENT:Taunts_Toxin089Subtitle,1,*Toxic Fatality,
DIALOGEVENT:Taunts_Toxin090Subtitle,1,"*You are defeated, General. Perhaps this will teach you to defy Dr. Thrax",
DIALOGEVENT:Taunts_Toxin091Subtitle,1,"*Would you consider a peace offering? An antidote, perhaps?",
DIALOGEVENT:Taunts_Toxin092Subtitle,1,*Perhaps I've inhaled too many of my own toxins--You can't possibly be defeating me,
DIALOGEVENT:Taunts_Toxin093Subtitle,1,"*Get away from me! You will not defeat me, General. Do you hear me!",
DIALOGEVENT:Taunts_Toxin094Subtitle,1,*What do you have against toxins? Have you seen what they put in food these days?,
DIALOGEVENT:Taunts_Toxin095Subtitle,1,"*Even if you defeat me, my toxins will get to you -- eventually!",
DIALOGEVENT:Taunts_Toxin096Subtitle,1,*No! No. I am defeated. Now where is that cyanide capsule,
DIALOGEVENT:Taunts_Toxin097Subtitle,1,*That button was covered with poisonyou're already dead,
DIALOGEVENT:Taunts_Toxin098Subtitle,1,"*You dare select Dr. Thrax? You should reconsider, General",
DIALOGEVENT:Taunts_Toxin099Subtitle,1,"*You cannot defeat my toxins, General",
DIALOGEVENT:Taunts_Toxin100Subtitle,1,*Perhaps I shouldn't have gotten my degree from a mail-order college,
DIALOGEVENT:Taunts_Toxin101Subtitle,1,"*You thought my toxins were ineffective and now look what has happened to you, General",
DIALOGEVENT:Taunts_Toxin102Subtitle,1,"*Hello, General. Do not think I cannot see your spies flying over my base. Please, look all you wish, because this may be the last time you ever see my stronghold",
DIALOGEVENT:Taunts_Toxin103Subtitle,1,"*As you can see, my defenses are impenetrable...and my toxic weapon systems will poison your troops long before they can reach me",
DIALOGEVENT:Taunts_Toxin104Subtitle,1,"*And do not worry about hurting the civilian population, General; they have long since fled this valley of toxic death. Our little war will play-out uninterruptedand your delicate sensibilities will not be taxed",
DIALOGEVENT:Taunts_Toxin105Subtitle,1,"*Ah yes, and here is where you've placed your pathetic base. Now make your stand against me--Dr. Thrax--and once your forces have breathed their last breath of my toxic air, I can return to my experiments",
DIALOGEVENT:Taunts_Toxin106Subtitle,1,"*Do you trust your senses, General? By engaging me, you have doomed yourself to a long and painful death, for I am Dr. Thrax, and my weapons strike unseen!",
DIALOGEVENT:Taunts_Toxin107Subtitle,1,"*Breathe easy, General, for I am Dr. Thrax, and with every breath you take, you are on your way to defeat!",
DIALOGEVENT:Taunts_Toxin108Subtitle,1,*The first sample is free!,
DIALOGEVENT:Taunts_Toxin109Subtitle,1,*Would you like the green or the blue? Both are equally satisfying!,
DIALOGEVENT:Taunts_Toxin110Subtitle,1,*Prepare to tell your 3-eyed grandchildren of your defeat this day!,
DIALOGEVENT:Taunts_Toxin111Subtitle,1,*My precious chemicals! Do you know how long it takes to mix those?,
DIALOGEVENT:Taunts_Toxin112Subtitle,1,*More victi- ah- volunteers for my experiments!,
DIALOGEVENT:Taunts_Toxin113Subtitle,1,*Now I have more vehicles to ferry my toxins! So generous of you!,
DIALOGEVENT:Taunts_Toxin114Subtitle,1,"*Oh, did I forget to tell you about those? Watch the mines, General!",
DIALOGEVENT:Taunts_Toxin115Subtitle,1,*Now where did I put those chemical troops?,
DIALOGEVENT:Taunts_Toxin117Subtitle,1,*Bah! You!,
DIALOGEVENT:Taunts_Toxin118Subtitle,1,"*Ah yes, and here is where you've placed your pathetic base",
DIALOGEVENT:Taunts_Turtle001Subtitle,1,"*Oh, you're still here, General. I'm impressed by your determination. Let's dance",
DIALOGEVENT:Taunts_Turtle002Subtitle,1,"*That didn't hurt too much, did it?",
DIALOGEVENT:Taunts_Turtle003Subtitle,1,"*The battlefield is a rough place, General",
DIALOGEVENT:Taunts_Turtle004Subtitle,1,*Another perfectly executed strike,
DIALOGEVENT:Taunts_Turtle005Subtitle,1,*It's all going according to plan,
DIALOGEVENT:Taunts_Turtle006Subtitle,1,*Everything seems to be going my way,
DIALOGEVENT:Taunts_Turtle007Subtitle,1,"*How does that feel, General?",
DIALOGEVENT:Taunts_Turtle008Subtitle,1,"*Tactical superiority is key, General. Here, let me show you",
DIALOGEVENT:Taunts_Turtle009Subtitle,1,*I really don't think you're going to be able to stop this next attackdo you?,
DIALOGEVENT:Taunts_Turtle010Subtitle,1,"*Here comes another attackoh, and almost all of my Generals Powers are ready to gowhich one do you want to see first?",
DIALOGEVENT:Taunts_Turtle011Subtitle,1,"*Is that my Superweapon ready to go? Oh no, my attacks just feel like that",
DIALOGEVENT:Taunts_Turtle012Subtitle,1,"*All units: Attack pattern alpha! Just kiddingwho would call something ""alpha""?",
DIALOGEVENT:Taunts_Turtle013Subtitle,1,"*Here comes some of my units, General. Would you mind helping them gain some veterancy?",
DIALOGEVENT:Taunts_Turtle014Subtitle,1,"*I rarely send in the troops, but you deserve special attention, General",
DIALOGEVENT:Taunts_Turtle015Subtitle,1,*I warn you not to underestimate me,
DIALOGEVENT:Taunts_Turtle016Subtitle,1,"*You may think I'm hiding, but I'm really just planning",
DIALOGEVENT:Taunts_Turtle017Subtitle,1,"*Fools rush in, General. I take my time",
DIALOGEVENT:Taunts_Turtle018Subtitle,1,"*You don't know what to expect from me, do you?",
DIALOGEVENT:Taunts_Turtle019Subtitle,1,"*If you fail to plan, you plan to fail, General. Think about it",
DIALOGEVENT:Taunts_Turtle020Subtitle,1,"*My greatest ""super weapon"" is my brainwouldn't you agree, General?",
DIALOGEVENT:Taunts_Turtle021Subtitle,1,"*Come on, General, take your best shot",
DIALOGEVENT:Taunts_Turtle022Subtitle,1,"*We're waiting for you, General. What's keeping you?",
DIALOGEVENT:Taunts_Turtle023Subtitle,1,"*I've been analyzing you tactics and I'm just amazeddo you even have any tactics, General?",
DIALOGEVENT:Taunts_Turtle024Subtitle,1,"*I'd attack if I were you, General. If you wait then I'll just have one more Superweapon to fire at you",
DIALOGEVENT:Taunts_Turtle025Subtitle,1,"*So, your over-all strategy is to bore me off the battlefield?",
DIALOGEVENT:Taunts_Turtle026Subtitle,1,"*Are you rethinking the wisdom of attacking me, General?",
DIALOGEVENT:Taunts_Turtle027Subtitle,1,"*I've been trying to go easy on you, General, but you're starting to annoy me",
DIALOGEVENT:Taunts_Turtle028Subtitle,1,"*This has been fun, General, but I think it's time to end this",
DIALOGEVENT:Taunts_Turtle029Subtitle,1,"*Maybe we should do this some other timewhen you're not so distractedat least, I hope that's what's wrong. You did say you were a ""general"", right?",
DIALOGEVENT:Taunts_Turtle030Subtitle,1,"*You weren't using that, were you?",
DIALOGEVENT:Taunts_Turtle031Subtitle,1,"*I didn't like the look of that Barracks, at all",
DIALOGEVENT:Taunts_Turtle032Subtitle,1,*Your vehicles are getting on my nerves,
DIALOGEVENT:Taunts_Turtle033Subtitle,1,"*Stay out of the air, General--you'll be safer on the ground",
DIALOGEVENT:Taunts_Turtle034Subtitle,1,"*Was that supposed to keep me out of your base, General?",
DIALOGEVENT:Taunts_Turtle035Subtitle,1,"*Wow, you just lost your Command Center. That's not very good, is it",
DIALOGEVENT:Taunts_Turtle036Subtitle,1,*Your base was much too cluttered before,
DIALOGEVENT:Taunts_Turtle037Subtitle,1,*You have no respect for other people's property!,
DIALOGEVENT:Taunts_Turtle038Subtitle,1,"*People, who was supposed to be guarding the Barracks!",
DIALOGEVENT:Taunts_Turtle039Subtitle,1,*I was using that War Factory!,
DIALOGEVENT:Taunts_Turtle040Subtitle,1,*Is keeping my air field too much to ask,
DIALOGEVENT:Taunts_Turtle041Subtitle,1,*I put that there for a reason!,
DIALOGEVENT:Taunts_Turtle042Subtitle,1,*I had just gotten all of those buildings where I wanted them,
DIALOGEVENT:Taunts_Turtle043Subtitle,1,*I don't appreciate that kind of disrespect!,
DIALOGEVENT:Taunts_Turtle044Subtitle,1,*I built all of those planes for a reason!,
DIALOGEVENT:Taunts_Turtle045Subtitle,1,*Destroy as many vehicles as you like. See if I care,
DIALOGEVENT:Taunts_Turtle046Subtitle,1,*How dare you hurt my soldiers!,
DIALOGEVENT:Taunts_Turtle047Subtitle,1,*I let you have that one,
DIALOGEVENT:Taunts_Turtle048Subtitle,1,*I didn't need that anyway,
DIALOGEVENT:Taunts_Turtle049Subtitle,1,"*Capturing the Refinery? Why, General, I didn't know you were so efficiency conscious",
DIALOGEVENT:Taunts_Turtle050Subtitle,1,*Who invited you here?,
DIALOGEVENT:Taunts_Turtle051Subtitle,1,*I don't think you have the right security clearance to be here,
DIALOGEVENT:Taunts_Turtle052Subtitle,1,*What gives you the right to be in my base?,
DIALOGEVENT:Taunts_Turtle053Subtitle,1,"*This is my base, get out now!",
DIALOGEVENT:Taunts_Turtle054Subtitle,1,*Don't expect me to be a good hostess,
DIALOGEVENT:Taunts_Turtle055Subtitle,1,"*I don't like unexpected visitors, General",
DIALOGEVENT:Taunts_Turtle056Subtitle,1,*What do you think you're doing here?,
DIALOGEVENT:Taunts_Turtle057Subtitle,1,*Intruders!,
DIALOGEVENT:Taunts_Turtle058Subtitle,1,"*Your presence is starting to bother me, General",
DIALOGEVENT:Taunts_Turtle059Subtitle,1,*Who was supposed to be guarding that area?!?,
DIALOGEVENT:Taunts_Turtle060Subtitle,1,*So you've managed to crack my defensesthat won't happen again,
DIALOGEVENT:Taunts_Turtle061Subtitle,1,"*Get out of my base, General. Don't think I'm above dropping the Particle Cannon right here",
DIALOGEVENT:Taunts_Turtle062Subtitle,1,"*It's looking a little dark in your base, General",
DIALOGEVENT:Taunts_Turtle063Subtitle,1,*Did someone forget to pay the electric bill?,
DIALOGEVENT:Taunts_Turtle064Subtitle,1,"*You didn't manage your resources very wisely, did you?",
DIALOGEVENT:Taunts_Turtle065Subtitle,1,"*You are pushing me over-budget, General",
DIALOGEVENT:Taunts_Turtle066Subtitle,1,*How could this have happened! I had everything planned so perfectly!,
DIALOGEVENT:Taunts_Turtle067Subtitle,1,*Do you think I'm scared of your little Scud Storm?,
DIALOGEVENT:Taunts_Turtle068Subtitle,1,*That Nuke Silo doesn't frighten me,
DIALOGEVENT:Taunts_Turtle069Subtitle,1,"*I appreciate your choice in weaponry, but I'm the only one allowed to have a Particle Cannon on this battlefield",
DIALOGEVENT:Taunts_Turtle070Subtitle,1,*Is that as secure as your base can be? Is it?,
DIALOGEVENT:Taunts_Turtle071Subtitle,1,"*That's a lot of tanks, General. Have you seen what a Particle Cannon can do to a lot of tanks?",
DIALOGEVENT:Taunts_Turtle072Subtitle,1,*All these planes are just air pollution to me,
DIALOGEVENT:Taunts_Turtle073Subtitle,1,"*So many troops, General. You weren't actually planning to rush me with them were you?",
DIALOGEVENT:Taunts_Turtle074Subtitle,1,"*That's quite a base you have going there, General. You did remember to space out your buildings to avoid weapon strikes, right?",
DIALOGEVENT:Taunts_Turtle075Subtitle,1,*Do you know how long it's going to take to clean that up?!?,
DIALOGEVENT:Taunts_Turtle076Subtitle,1,*Get that disgusting radiation out of my base!,
DIALOGEVENT:Taunts_Turtle077Subtitle,1,"*Hey, that's my Particle Cannon! You're not authorized to use it!",
DIALOGEVENT:Taunts_Turtle078Subtitle,1,"*Is that a tactical move, or are you just hiding?",
DIALOGEVENT:Taunts_Turtle079Subtitle,1,*Colonel Burton? Really? Do you think he's going to help you?,
DIALOGEVENT:Taunts_Turtle080Subtitle,1,"*Black Lotus? I guess it's just a girl-power showdown, isn't it?",
DIALOGEVENT:Taunts_Turtle081Subtitle,1,*Jarmen Kell! He better stay away from my tanks!,
DIALOGEVENT:Taunts_Turtle082Subtitle,1,"*Nice Air Field, General--just keep those planes away from my Particle Cannon",
DIALOGEVENT:Taunts_Turtle083Subtitle,1,"*A War Factory? You're seriously going to attack me, aren't you? It's about time",
DIALOGEVENT:Taunts_Turtle084Subtitle,1,*Good for you - you can build a barracks,
DIALOGEVENT:Taunts_Turtle085Subtitle,1,*Selling your buildings? Is that part of your going out of business sale?,
DIALOGEVENT:Taunts_Turtle086Subtitle,1,*Why don't you just give up? I have better things I could be doing today,
DIALOGEVENT:Taunts_Turtle087Subtitle,1,*Why can't I ever find one that lasts more than 5 minutes,
DIALOGEVENT:Taunts_Turtle088Subtitle,1,"*Looks like you're losing, General. Now what did I say about planning to fail?",
DIALOGEVENT:Taunts_Turtle089Subtitle,1,"*That's quite a beating you're taking, General. Are you ready for more?",
DIALOGEVENT:Taunts_Turtle090Subtitle,1,"*I'd like to say, ""good fight,"" but clearly your mind wasn't in it, General",
DIALOGEVENT:Taunts_Turtle091Subtitle,1,*I can't believe you would beat-up on a girl like this,
DIALOGEVENT:Taunts_Turtle092Subtitle,1,"*I need time to think. Go away, General!",
DIALOGEVENT:Taunts_Turtle093Subtitle,1,"*Your tactics are hardly sporting, General. Play nice!",
DIALOGEVENT:Taunts_Turtle094Subtitle,1,"*General, look over there! Someone is capturing your buildings! Didn't buy it, huh?",
DIALOGEVENT:Taunts_Turtle095Subtitle,1,"*You know, if you were a gentleman, you'd give me five minutes to rebuild my defenses",
DIALOGEVENT:Taunts_Turtle096Subtitle,1,"*What?! It's over? Well, it was nice dancing with you, General. Maybe next time I'll lead",
DIALOGEVENT:Taunts_Turtle097Subtitle,1,*My Super Weapons are ready... are you?,
DIALOGEVENT:Taunts_Turtle098Subtitle,1,"*You'll never crack my defenses, General",
DIALOGEVENT:Taunts_Turtle099Subtitle,1,*Your rush tactics won't work on me,
DIALOGEVENT:Taunts_Turtle100Subtitle,1,"*It's not fair! One more Super Weapon and I would have beaten you, General. Challenge me again, I dare you",
DIALOGEVENT:Taunts_Turtle101Subtitle,1,"*I told you you'd never beat my Super Weapons, General. Care to try again?",
DIALOGEVENT:Taunts_Turtle102Subtitle,1,"*Welcome, General. Are you ready to begin?",
DIALOGEVENT:Taunts_Turtle103Subtitle,1,"*Oh, what's that sound? Now I see a light in the sky... Hmm",
DIALOGEVENT:Taunts_Turtle104Subtitle,1,*Oh my!,
DIALOGEVENT:Taunts_Turtle106Subtitle,1,"*oh dearI'm sorry, General, but that's just how I like to say, ""hello."" Well, good luck, General",
DIALOGEVENT:Taunts_Turtle107Subtitle,1,"*Well, good luck, General",
DIALOGEVENT:UnitDescriptXChina001Subtitle,1,"*The Americans use the Sentry Drone as an early warning enemy detection system. The drone becomes invisible when it is not moving, and we've seen some of them upgraded with machine guns. Though no match for tanks, the drone can cause problems for foot soldiers",
DIALOGEVENT:UnitDescriptXChina002Subtitle,1,"*The American Microwave Tank is a big microwave gun that disables structures and vehicles. The radiation from the tank can also hurt infantry, so keep our men at a safe distance",
DIALOGEVENT:UnitDescriptXChina003Subtitle,1,"*The Avenger is an American laser based anti-air vehicle able to shoot down missiles and aircraft. It also helps other US units target our planes, so they should be considered high priority targets when encountered within a battle group",
DIALOGEVENT:UnitDescriptXChina004Subtitle,1,*The Specter Gunship is a large jet powered aircraft with multiple weapon systems fixed to its side enabling it to circle a target area and rain death from above. Typical American engineering--using a shotgun to swat a fly,
DIALOGEVENT:UnitDescriptXChina005Subtitle,1,"*The Chemical Suit upgrade, makes infantry more resistant to toxins and radiation",
DIALOGEVENT:UnitDescriptXChina006Subtitle,1,"*The US Countermeasures upgrade reduces the effectiveness of enemy fire against their air units. Missiles will often miss, and bullets do less damage",
DIALOGEVENT:UnitDescriptXChina007Subtitle,1,*The US Hellfire Drone upgrade creates an remote air drone that defends the parent vehicle with an automated hellfire missile system,
DIALOGEVENT:UnitDescriptXChina008Subtitle,1,*The Bunker Buster is an upgrade to the US Stealth Fighter and the Aurora designed to penetrate garrisoned buildings,
DIALOGEVENT:UnitDescriptXChina009Subtitle,1,"*The Supply Lines Upgrade increases the rate that the US gathers resources from supply docks, supply drops, and oil derricks",
DIALOGEVENT:UnitDescriptXChina010Subtitle,1,*The US Generals have seen the wisdom of propaganda. By using a Leaflet Drop they are able to temporarily disable units while they stop to read the propaganda,
DIALOGEVENT:UnitDescriptXChina011Subtitle,1,"*The MOAB is an upgrade to the US Fuel Air Bomb that includes a stun ability, temporarily shutting down surviving units and structures",
DIALOGEVENT:UnitDescriptXChina012Subtitle,1,*The US Fire Base structure is a defensive position surrounded by sandbags and includes a howitzer and 4 firing positions,
DIALOGEVENT:UnitDescriptXChina013Subtitle,1,"*The Napalm Bomb is an upgrade to our Helix airship, allowing it to drop a pair of bombs which create a large firestorm effect",
DIALOGEVENT:UnitDescriptXChina014Subtitle,1,"*Our Listening Outpost is a slow, stealthed vehicle with a large sight radius, that can be garrisoned with 2 infantry as guards. Besides uncovering stealthed objects, it can be used to determine enemy destinations by clicking on units in range",
DIALOGEVENT:UnitDescriptXChina015Subtitle,1,"*Our Helix 2 airship is a slow transport helicopter that can carry infantry or a single vehicle. Although armed with a light machine gun, it can be upgraded with the Gattling Cannon, Propaganda Tower, or Battle Bunker. It can also be upgraded to carry a large napalm bomb",
DIALOGEVENT:UnitDescriptXChina016Subtitle,1,"*The ECM Tank disrupts electronic tracking systems, diverting enemy missile fire. It's electro-magnetic pulse can be used to disable a single enemy vehicle. It also creates a radar jamming field that disables all drones within its range",
DIALOGEVENT:UnitDescriptXChina017Subtitle,1,"*The Neutron Shell is an upgrade to our Nuclear Cannon, allowing it to fire neutron shells. These shells kill all infantry, and vehicle pilots inside the blast radius",
DIALOGEVENT:UnitDescriptXChina018Subtitle,1,"*The Systems Hack allows your hackers to steal a random Generals power from our enemies. Level 1 allows theft of a 1-star or 3-star power, while level 2 allows theft of a 5-star power",
DIALOGEVENT:UnitDescriptXChina019Subtitle,1,"*Our new Carpet Bomber plane drops a series of bombs along a targeted path, decimating all enemy forces",
DIALOGEVENT:UnitDescriptXChina020Subtitle,1,*Our Neutron Mines are an alternative to standard explosive mines. Neutron Mines instantly disable vehicles and kill any nearby infantry,
DIALOGEVENT:UnitDescriptXChina021Subtitle,1,"*Our hackers, once vulnerable to attack, will find safety and increased hacking ability in our new Internet Center",
DIALOGEVENT:UnitDescriptXChina022Subtitle,1,*The Satellite Hack I is an internet Center upgrade that allows a reveal around every opponent's Command Center,
DIALOGEVENT:UnitDescriptXChina023Subtitle,1,"*The Satellite Hack II is an Internet Center upgrade that grants a temporarily reveals the entire map, including stealthed enemy forces",
DIALOGEVENT:UnitDescriptXChina024Subtitle,1,"*The GLA Saboteur is a stealth infantry unit that can climb cliffs and effect enemy buildings by entering them. Entering a power plant will temporarily cut power, while entering a superweapon will reset the timer. A saboteur who enters an enemy command center will reset the timers on all enemy General's Powers",
DIALOGEVENT:UnitDescriptXChina025Subtitle,1,"*The Combat Cycle initially comes with a GLA Rebel driver and a mounted machine gun. The Rebel can be replaced with any other GLA infantry, granting the cycle their unique powers",
DIALOGEVENT:UnitDescriptXChina026Subtitle,1,"*The GLA Battle Bus can hold up to 8 infantry, who fire out windows. If destroyed, the heavy steel cabin remains like a bunker",
DIALOGEVENT:UnitDescriptXChina027Subtitle,1,*The GLA have upgraded their Workers with Shoes to squeeze even more forced labor from their peasants,
DIALOGEVENT:UnitDescriptXChina028Subtitle,1,"*The Camo Netting is an upgrade to GLA base defense structures, making them invisible to normal detection",
DIALOGEVENT:UnitDescriptXChina029Subtitle,1,*The GLA have begun garrisoning Elite Guard troops equipped with RPGs in all their structures. Use caution when infiltrating any GLA bases,
DIALOGEVENT:UnitDescriptXChina030Subtitle,1,*The GLA Booby Trap upgrade enables the rebel to wire structures and civilian vehicles to explode when the enemy attempts to capture or garrison them. Watch for Rebels lurking around buildings in your area,
DIALOGEVENT:UnitDescriptXChina031Subtitle,1,"*The GLA tricks have reached a new level. They are now building Fake Structures that look like their real buildings, but are only booby-trapped facades. Destroy everything from range to avoid any GLA surprises",
DIALOGEVENT:UnitDescriptXChina032Subtitle,1,*The GPS Scrambler targets an area of units and makes them invisible to normal detection,
DIALOGEVENT:UnitDescriptXChina033Subtitle,1,"*The Sneak Attack power allows GLA Generals to place a defenseless tunnel network anywhere they have explored. Although slightly weaker than a normal tunnel, it is connected to the main network",
DIALOGEVENT:UnitDescriptXChina034Subtitle,1,*The Artillery Platform is a fixed-position cannon capable of single-handedly controlling an area from enemy assault. It should be a priority capture on any battlefield,
DIALOGEVENT:UnitDescriptXChina035Subtitle,1,*A Reinforcement Pad allows a free periodic armor airdrop. Free Battlemasters can turn the tide of any battle,
DIALOGEVENT:UnitDescriptXChina036Subtitle,1,"*The Repair Bay tech building, when captured, allows battlefield repairs for any ground vehicles. Repairs for damaged armor in a forward position can make the difference between victory and defeat",
DIALOGEVENT:UnitDescriptXGLA001Subtitle,1,"*Be careful of the American Sentry Drone, General; it can see stealthed units and often has a mounted gun",
DIALOGEVENT:UnitDescriptXGLA002Subtitle,1,*The US Microwave Tank has a beam that disables structures and units. It should be attacked by large groups only,
DIALOGEVENT:UnitDescriptXGLA003Subtitle,1,*The US Warlock Tank has a beam that disables structures and units. It should be attacked by large groups only,
DIALOGEVENT:UnitDescriptXGLA004Subtitle,1,"*The US Avenger is a powerful laser-base anti-air vehiclebut we have no planes, so the danger from it is minimal",
DIALOGEVENT:UnitDescriptXGLA005Subtitle,1,*The American Specter Gunship is a large plane with big guns. Do not engage it--seek refuge underground until it leaves the area,
DIALOGEVENT:UnitDescriptXGLA006Subtitle,1,"*With the Chemical Suit upgrade, enemy infantry become more resistant to our toxins. But that won't stop our bullets, will it?",
DIALOGEVENT:UnitDescriptXGLA007Subtitle,1,"*The Countermeasures upgrade reduces the effect of enemy fire against US air units. Missiles will often miss, and bullets do less damage",
DIALOGEVENT:UnitDescriptXGLA008Subtitle,1,*The US Hellfire Drone upgrade is a little toy plane with a missile attached. Another example of American's cowardly tactics,
DIALOGEVENT:UnitDescriptXGLA009Subtitle,1,*The Bunker Buster Bomb is an upgrade to the US Stealth Fighter and the Aurora. They use it to try to attack our bunkers,
DIALOGEVENT:UnitDescriptXGLA010Subtitle,1,"*The Supply Lines Upgrade increases the rate that the US gathers resources from supply docks, supply drops, and oil derricks",
DIALOGEVENT:UnitDescriptXGLA011Subtitle,1,*The US Leaflet Drop temporarily disables our units as they stop to read the propaganda,
DIALOGEVENT:UnitDescriptXGLA012Subtitle,1,"*The MOAB is an upgrade to the Fuel Air Bomb that includes a stun ability, temporarily shutting down surviving units and structures",
DIALOGEVENT:UnitDescriptXGLA013Subtitle,1,*The Fire Base is the American answer to our Stinger sites...but watch out for the big cannon in the middle,
DIALOGEVENT:UnitDescriptXGLA014Subtitle,1,"*China's Napalm Bomb is a Helix upgrade, allowing it to drop a pair of bombs which create a large firestorm",
DIALOGEVENT:UnitDescriptXGLA015Subtitle,1,"*The Listening Outpost is a slow, stealthed vehicle the China uses to find our stealthed units. Avoid them to remain hidden",
DIALOGEVENT:UnitDescriptXGLA016Subtitle,1,*China's Helix 2 is a slow transport helicopter that can carry infantry or a single vehicle,
DIALOGEVENT:UnitDescriptXGLA017Subtitle,1,"*The Chinese ECM Tank is a vehicle which disrupts electronic tracking systems, diverting enemy missile fire",
DIALOGEVENT:UnitDescriptXGLA018Subtitle,1,"*The Neutron Shell is an upgrade to the Chinese Nuke Cannon, allowing it to fire neutron shells. These shells kill all infantry, and vehicle pilots inside the blast radius",
DIALOGEVENT:UnitDescriptXGLA019Subtitle,1,*China's new Systems Hack technique allows hackers to steal a random power from their enemies. Such is the downfall of depending on power to fight wars,
DIALOGEVENT:UnitDescriptXGLA020Subtitle,1,"*The Carpet Bomber is a plane that drops a series of bombs along a targeted path, decimating the enemy",
DIALOGEVENT:UnitDescriptXGLA021Subtitle,1,*The Neutron Mines are an alternative to standard Chinese Mines which disable vehicles. The mines still kill infantry as well,
DIALOGEVENT:UnitDescriptXGLA022Subtitle,1,*The Internet Center allows China's hackers to increase their effectiveness,
DIALOGEVENT:UnitDescriptXGLA023Subtitle,1,*The Satellite Hack I is an internet Center upgrade that allows China to see every opponent's Command Center,
DIALOGEVENT:UnitDescriptXGLA024Subtitle,1,"*The Satellite Hack II is a Chinese Internet Center upgrade that grants a temporary reveal of the entire map, as well as revealing stealthed objects",
DIALOGEVENT:UnitDescriptXGLA025Subtitle,1,*The Saboteur is a stealth unit that can climb cliffs and effect enemy buildings by entering them,
DIALOGEVENT:UnitDescriptXGLA026Subtitle,1,*Our new Combat Cycle has mounted machine guns and is enhanced by the abilities of any infantry riding it,
DIALOGEVENT:UnitDescriptXGLA027Subtitle,1,"*The Battle Bus is a slow moving transport that can hold up to 8 infantry, who may fire out of the bus. If destroyed, the hull of the Battle Bus remains and functions like a bunker",
DIALOGEVENT:UnitDescriptXGLA028Subtitle,1,*The Worker Shoes upgrade increase speed and gathering efficiency for all our loyal workers,
DIALOGEVENT:UnitDescriptXGLA029Subtitle,1,"*The Camo Netting is an upgrade to our base defense structures, allowing them to be stealthed",
DIALOGEVENT:UnitDescriptXGLA030Subtitle,1,"*The Elite Guard Upgrade is a structure ability, garrisoning the structure with 4 RPG Troopers",
DIALOGEVENT:UnitDescriptXGLA031Subtitle,1,"*The Booby Trap is an upgrade to the rebel, allowing the unit to wire structures and civilian vehicles to explode when the enemy attempts to capture or garrison them. Captured structures are automatically booby trapped",
DIALOGEVENT:UnitDescriptXGLA032Subtitle,1,"*Fake Structures can be built for a greatly reduced cost. These buildings are initially a booby-trapped façade, but can be upgraded to fully functional versions of the structure",
DIALOGEVENT:UnitDescriptXGLA033Subtitle,1,*Our newly acquired GPS Scrambler targets an area of units and renders them invisible to enemies,
DIALOGEVENT:UnitDescriptXGLA034Subtitle,1,"*Our Sneak Attack allows placement of a defenseless tunnel network at any area that has been explored. Although slightly weaker than a normal tunnel, it is connected to the main network",
DIALOGEVENT:UnitDescriptXGLA035Subtitle,1,*The Artillery Platform fires a weapon similar to the US Strategy Center in terms of range and damage. Capture or avoid its deadly cannon,
DIALOGEVENT:UnitDescriptXGLA036Subtitle,1,*The Reinforcement Pad periodically delivers a group of Scorpion tanks for our cause,
DIALOGEVENT:UnitDescriptXGLA037Subtitle,1,*The Repair Bay is a front-line repair facility for vehicles. It repairs vehicles like an Arms Dealer,
DIALOGEVENT:UnitDescriptXUSA001Subtitle,1,"*The Sentry Drone is a mobile unit capable of tracking enemy movements, including those that are camouflaged. The Sentry Drone itself is also capable of stealth when not moving, and may be upgraded with an anti-personnel machine gun from the strategy center",
DIALOGEVENT:UnitDescriptXUSA002Subtitle,1,*The Microwave Tank is armed with a Direct-Energy microwave panel that disables targeted structures and vehicles. It also emits a continuous microwave field which damages infantry,
DIALOGEVENT:UnitDescriptXUSA003Subtitle,1,*The Warlock tank is armed with a Direct-Energy microwave panel that disables targeted structures and vehicles. It also emits a continuous microwave field which damages infantry,
DIALOGEVENT:UnitDescriptXUSA004Subtitle,1,"*The Avenger is a laser based anti-air vehicle able to shoot down missiles and aircraft. It can also award bonuses to units attacking it's ""painted"" target",
DIALOGEVENT:UnitDescriptXUSA005Subtitle,1,"*The Specter Gunship is a large jet powered aircraft with multiple weapon systems fixed to it's wings. While it circles the target, it auto-acquires enemies. Manual targeting is allowed, and it can upgrade to deploy countermeasures",
DIALOGEVENT:UnitDescriptXUSA006Subtitle,1,"*With the Chemical Suit upgrade, infantry become more resistant to toxins and radiation",
DIALOGEVENT:UnitDescriptXUSA007Subtitle,1,"*The Countermeasures upgrade reduces the effect of enemy fire against US air units. Missiles will often miss, and bullets do less damage",
DIALOGEVENT:UnitDescriptXUSA008Subtitle,1,*The Hellfire Drone upgrade equips the parent vehicle with a drone capable of firing a single missile. The drones auto-acquire and require time to reload,
DIALOGEVENT:UnitDescriptXUSA009Subtitle,1,"*The Bunker Buster is an upgrade to the Stealth Fighter and the Aurora. In addition to their normal effects, these upgraded missiles damage and even kill units garrisoned within structures, including the GLA Palace, Tunnel Network, and the Chinese Battle Bunker",
DIALOGEVENT:UnitDescriptXUSA010Subtitle,1,"*The Supply Lines Upgrade increases the amount of money gathered from supply docks, supply drops, and oil derricks",
DIALOGEVENT:UnitDescriptXUSA011Subtitle,1,*The Leaflet Drop temporarily disables units as they stop to read the propaganda. The plane dispenses leaflets over the targeted area and the effect only lasts a short time,
DIALOGEVENT:UnitDescriptXUSA012Subtitle,1,"*The MOAB is an upgrade to the Fuel Air Bomb that includes a stun ability, temporarily shutting down surviving units and structures",
DIALOGEVENT:UnitDescriptXUSA013Subtitle,1,*The Fire Base is surrounded by sandbags and includes a howitzer and 4 firing positions. Infantry entering the Fire Base will take firing positions behind the sandbags,
DIALOGEVENT:UnitDescriptXUSA014Subtitle,1,"*The Napalm Bomb is a Helix upgrade, allowing it to drop a pair of bombs which create a large firestorm",
DIALOGEVENT:UnitDescriptXUSA015Subtitle,1,"*The Listening Outpost is a slow, stealthed vehicle with a large sight radius, and can be garrisoned with 2 infantry as guards. Besides uncovering stealthed objects, it can be used to determine enemy destinations by clicking on units in range",
DIALOGEVENT:UnitDescriptXUSA016Subtitle,1,"*The Helix 2 is a slow transport helicopter that can carry infantry or a single vehicle. Although armed with a light machine gun, it can be upgraded with the Gattling Cannon, Propaganda Tower, or Battle Bunker. It can also be upgraded to carry a large napalm bomb",
DIALOGEVENT:UnitDescriptXUSA017Subtitle,1,"*The ECM Tank is a vehicle which disrupts electronic tracking systems, diverting enemy missile fire. It's ECM pulse can be used to disable single enemy vehicles. Finally, it creates a radar jamming field, disabling all drones within its range",
DIALOGEVENT:UnitDescriptXUSA018Subtitle,1,"*The Neutron Shell is an upgrade to the Chinese Nuke Cannon, allowing it to fire neutron shells. These shells kill all infantry, and vehicle pilots inside the blast radius",
DIALOGEVENT:UnitDescriptXUSA019Subtitle,1,"*The Systems Hack allows your hackers to steal a random power from your enemies. Level 1 allows theft of a tier 1 or 3 power, while level 2 allows theft of a 5-star power",
DIALOGEVENT:UnitDescriptXUSA020Subtitle,1,"*The Carpet Bomber is a plane that drops a series of bombs along a targeted path, decimating the enemy",
DIALOGEVENT:UnitDescriptXUSA021Subtitle,1,*The Neutron Mines are an alternative to standard Chinese Mines which disable vehicles. The mines still kill infantry as well,
DIALOGEVENT:UnitDescriptXUSA022Subtitle,1,"*The Internet Center allows hackers to increase their effectiveness at generating money, and allows the use of Satellite Hacks I & II",
DIALOGEVENT:UnitDescriptXUSA023Subtitle,1,*The Satellite Hack I is an internet Center upgrade that allows a reveal around every opponent's Command Center,
DIALOGEVENT:UnitDescriptXUSA024Subtitle,1,"*The Satellite Hack II is an internet Center upgrade that grants a temporary reveal of the entire map, as well as revealing stealthed objects",
DIALOGEVENT:UnitDescriptXUSA025Subtitle,1,"*The Saboteur is a stealth unit that can climb cliffs and effect enemy buildings by entering them. Entering a power plant will temporarily cut power, while entering a superweapon will reset the timer. A saboteur who enters an enemy command center will reset the timers on all enemy General's Powers",
DIALOGEVENT:UnitDescriptXUSA026Subtitle,1,"*The Combat Cycle initially comes with a Rebel driver and a mounted machine gun. Replacing him with a RPG Trooper will allow the bike to fire missiles. A Terrorist will create a suicide bike. Jarmen Kell, Hijackers, and Saboteurs can also ride, making the bike stealthed",
DIALOGEVENT:UnitDescriptXUSA027Subtitle,1,"*The Battle Van is a slow moving transport that can hold up to 8 infantry, who may fire out of the bus. If destroyed, the hull of the Battle Van remains and functions like a bunker. If it is destroyed, anyone inside is also killed",
DIALOGEVENT:UnitDescriptXUSA028Subtitle,1,*The Worker Shoes upgrade increase speed and gathering efficiency for all GLA workers,
DIALOGEVENT:UnitDescriptXUSA029Subtitle,1,"*The Camo Netting is an upgrade to GLA base defense structures, allowing them to be stealthed",
DIALOGEVENT:UnitDescriptXUSA030Subtitle,1,"*The Elite Guard Upgrade is an structure ability, garrisoning the structure with 4 RPG Troopers",
DIALOGEVENT:UnitDescriptXUSA031Subtitle,1,"*The Booby Trap is an upgrade to the rebel, allowing the unit to wire structures and civilian vehicles to explode when the enemy attempts to capture or garrison them. The explosion damages everything within a small radius. Structures captured by an upgraded rebel are automatically booby trapped",
DIALOGEVENT:UnitDescriptXUSA032Subtitle,1,"*Fake Structures can be built for a greatly reduced cost. These buildings are initially a booby-trapped façade, but can be upgraded to fully functional versions of the structure",
DIALOGEVENT:UnitDescriptXUSA033Subtitle,1,*The GPS Scrambler targets an area of units and renders them stealthed to enemies,
DIALOGEVENT:UnitDescriptXUSA034Subtitle,1,"*The Sneak Attack allows placement of a defenseless tunnel network at any area that has been explored. Although slightly weaker than a normal tunnel, it is connected to the main network",
DIALOGEVENT:UnitDescriptXUSA035Subtitle,1,*The artillery platform is armed with a large caliber howitzer. It is an excellent suppression weapon. It is also a good gathering point from which to launch an assault,
DIALOGEVENT:UnitDescriptXUSA036Subtitle,1,"*The Reinforcement Pad Periodically reinforces the player with one of his side's main battle tank (Scorpion, Battlemaster, Crusader)",
DIALOGEVENT:UnitDescriptXUSA037Subtitle,1,*The Repair Bay is a repair facility for vehicles. Vehicles must dock with the structure in the same way that they must dock with the war factory,
TOOLTIP:Community,1,Win percentages for each army based on all online games played,
CONTROLBAR:Nuke_ToolTipChinaBuildHelix,1,"Heavy lift transport 
 upgrades with base defense structures and Nuke Bomb 
 
 Strong vs. tanks, light vehicles 
 Weak vs. missile armed infantry, anti-air defenses",
MAP:CHI01xListeningPostHint01,1,"HINT: 
 Hidden Demo Traps will be revealed when in sight range of the Listening Post",
OBJECT:SupW_PatriotBattery,1,EMP Patriot System,
CONTROLBAR:SupW_ConstructAmericaPatriotBattery,1,E&MP Patriot System,
CONTROLBAR:SupW_ToolTipUSABuildPatriotBattery,1,"Ground and air defense. Can relay position of enemy to nearby Patriots 
 
 Power Required: 3",
MAP:USA03xBurtonSurvive,1,"INCOMING TRANSMISSION: 
 Col. Burton must survive",
MAP:MD_GLA04_GatherHint,1,"HINT: 
 Select the transport trucks and order them to gather resources from the Toxin Facility",
MAP:MD_GLA04_HospitalHint,1,"HINT: 
 The hospital will cause your units to auto heal",
MAP:MD_GLA04_TractorsHint,1,"HINT: 
 Toxin Tractors can kill units inside garrisoned buildings",
OBJECT:AssaultTroopTransport,1,Assault Troop Transport,
OBJECT:AssaultListeningOutpost,1,Attack Outpost,
UPGRADE:IsotopeStability,1,Isotope Stability,
CONTROLBAR:Infa_ToolTipChinaUpgradeRedGuardCaptureBuilding,1,Enables Mini-Gunners to capture enemy and tech buildings,
OBJECT:Lazr_PatriotBattery,1,Laser Defense Turret,
SCIENCE:Infa_ChinaRedGuardTraining,1,Mini-Gunner Training,
CONTROLBAR:Infa_ToolTipChinaScienceRedGuardTraining,1,All Mini-Gunners will be built as Elite,
CONTROLBAR:ToolTipChinaBuildNuclearMissileLauncherBoss,1,"Launches a nuclear missile. Builds important Chinese upgrades 
 
 Power Required: 10 
 Countdown Timer: 6:00",
CONTROLBAR:ToolTipUSABuildParticleCannonBoss,1,"Fires a particle beam anywhere on the map 
 
 Power Required: 10 
 Countdown Timer: 4:00",
CONTROLBAR:ToolTipGLABuildCombatBikeTerrorist,1,"Fast and versatile 
 Comes with a terrorist 
 Weak vs. aircraft",
CONTROLBAR:ToolTipChinaBuildSuperHacker,1,"Can disable enemy buildings and vehicles with a computer virus or can hack into the internet to steal money. Camouflaged 
 
 Strong vs. buildings 
 Weak vs. infantry, vehicles",
UPGRADE:Demo_SuicideBomb,1,Demolitions,
UPGRADE:AirF_StealthComanche,1,Stealth Comanche,
UPGRADE:HighExplosiveTrap,1,High-Explosive Demo Trap,
CAMPAIGN:CHALLENGE_0,1,Air Force General Challenge,
CAMPAIGN:CHALLENGE_1,1,Toxin General Challenge,
CAMPAIGN:CHALLENGE_2,1,Nuke General Challenge,
CAMPAIGN:CHALLENGE_3,1,Superweapon General Challenge,
CAMPAIGN:CHALLENGE_4,1,Tank General Challenge,
CAMPAIGN:CHALLENGE_5,1,Laser General Challenge,
CAMPAIGN:CHALLENGE_6,1,Stealth General Challenge,
CAMPAIGN:CHALLENGE_7,1,Infantry General Challenge,
CAMPAIGN:CHALLENGE_8,1,Demolitions General Challenge,
OBJECT:RocketDrop,1,Rocket,
OBJECT:RocketBomb,1,Rocket,
OBJECT:PTBoat,1,PT Boat,
OBJECT:ShiekLimo,1,Limo,
OBJECT:Dock,1,Dock,
OBJECT:RailroadBridgeH,1,Railroad Bridge,
OBJECT:RepairDrone,1,Repair Drone,
OBJECT:CINE_Carrier,1,Aircraft Carrier,
OBJECT:SpectreGunship,1,Spectre Gunship,
SCIENCE:LaserCannon,1,Laser Cannon,
OBJECT:LaserCannon,1,Laser Cannon,
UPGRADE:TacticalNukeMig,1,Tactical Nuke MiG,
OBJECT:FuelAirBomb,1,Fuel Air Bomb,
OBJECT:CruiseMissile,1,Cruise Missile,
OBJECT:Ox,1,Ox,
CONTROLBAR:TooltipUpgradeChinaTacticalNukeMig,1,Upgrades Mig to fire a small nuke,
CONTROLBAR:UpgradeChinaTacticalNukeMig,1,Tactical Nuke Mi&G,
CONTROLBAR:Boss_ToolTipChinaBuildBarracks,1,Trains soldiers,
CONTROLBAR:Boss_ToolTipChinaBuildAirField,1,"Builds aircraft 
 
 Power Required: 1",
CONTROLBAR:Boss_ToolTipChinaBuildBunker,1,Can hold 5 soldiers,
CONTROLBAR:Boss_ToolTipChinaBuildWarFactory,1,"Builds vehicles 
 
 Power Required: 1",
CONTROLBAR:Boss_ToolTipChinaBuildSupplyCenter,1,"Drop-off point for supply gatherers 
 
 Power Required: 1",
CONTROLBAR:Infa_TooltipParaDrop,1,"Drops Mini-Gunners by plane 
 
 Countdown Timer: 4:00",
CONTROLBAR:Infa_ConstructChinaInfantryHacker,1,Super H&acker,
CONTROLBAR:Infa_ToolTipChinaBuildHacker,1,"Stealthed. Can disable enemy buildings and vehicles with a computer virus or can hack into the internet to steal money 
 
 Strong vs. buildings 
 Weak vs. infantry, vehicles",
CONTROLBAR:Infa_ConstructChinaInfantryBlackLotus,1,&Super Lotus,
CONTROLBAR:Infa_ConstructChinaVehicleListeningOutpost,1,Attack &Outpost,
CONTROLBAR:Infa_ConstructChinaVehicleTroopCrawler,1,&Assault Troop Transport,
CONTROLBAR:Infa_ConstructChinaVehicleHelix,1,Assault Heli&x,
CONTROLBAR:Infa_ToolTipChinaBuildHelix,1,"Heavy lift assault transport 
 upgrades with base defense structures and Napalm Bomb 
 
 Strong vs. tanks, light vehicles 
 Weak vs. missile armed infantry, anti-air defenses",
OBJECT:Infa_Helix,1,Assault Helix,
CONTROLBAR:Infa_ToolTipChinaScienceInfantryParadrop,1,"Drop Mini-Gunners from the air 
 
 Rank 1: 5 Mini-Gunners 
 Rank 2: 10 Mini-Gunners 
 Rank 3: 15 Mini-Gunners 
 
 Deploy from: Command Center",
CONTROLBAR:UpgradeSuicideBomb,1,&Demolitions Ability,
CONTROLBAR:ToolTipGLAUpgradeSuicideBomb,1,"Allows all units 
 and base defenses to use 
 Demolitions ability",
OBJECT:MiniGunner,1,Mini-Gunner,
OBJECT:AirF_Chinook,1,Combat Chinook,
CONTROLBAR:AirF_ConstructAmericaVehicleChinook,1,Comba&t Chinook,
CONTROLBAR:AirF_ToolTipUSABUildChinook,1,Assault Transport helicopter. Collects supplies. Works with Rangers to perform Combat Drop attack,
CONTROLBAR:SuicideAttack,1,Su&icide,
CONTROLBAR:ToolTipGLASuicideAttack,1,Detonate,
CONTROLBAR:Tank_TooltipUpgradeChinaNuclearTanks,1,+25% Emperor and Battlemaster speed,
CONTROLBAR:Boss_ToolTipUSABuildPowerPlant,1,"Provides power for bases 
 
 Power Supplied: 5",
CONTROLBAR:Nuke_ToolTipChinaBuildListeningOutpost,1,"Assault Transport. Detects stealth units 
 
 Strong vs. infantry, buildings 
 Weak vs. tanks, aircraft",
CONTROLBAR:Nuke_ConstructChinaVehicleListeningOutpost,1,Assault Li&stening Outpost,
CONTROLBAR:Infa_ToolTipChinaBuildTroopCrawler,1,"Assault Transport. Comes with 8 Mini-Gunners. Detects stealth units 
 
 Strong vs. infantry, buildings 
 Weak vs. tanks, aircraft",
CONTROLBAR:Infa_ToolTipChinaBuildListeningOutpost,1,"Transport. Holds 8 infantry units. Detects stealth units 
 
 Strong vs. infantry, buildings 
 Weak vs. tanks, aircraft",
CONTROLBAR:Infa_ConstructChinaBunker,1,Fortified Bun&ker,
CONTROLBAR:Infa_ToolTipChinaBuildBunker,1,"Can hold 10 Chinese soldiers 
 Comes with minefield upgrade",
OBJECT:Infa_Bunker,1,Fortified Bunker,
CONTROLBAR:ToolTipGLAScienceSneakAttack,1,"Troops can create a tunnel anywhere on the map 
 
 Deploy from: Command Center",
CONTROLBAR:Chem_ConstructGLAInfantryRebel,1,Toxin Re&bel,
CONTROLBAR:Chem_ToolTipGLABuildRebel,1,"Fires a stream of toxin 
 Strong vs. infantry 
 Weak vs. tanks, light vehicles",
OBJECT:Chem_Rebel,1,Toxin Rebel,
OBJECT:Chem_Terrorist,1,Toxin Terrorist,
CONTROLBAR:Chem_ConstructGLAInfantryTerrorist,1,&Toxin Terrorist,
CONTROLBAR:Chem_ToolTipGLABuildTerrorist,1,Suicide soldier explodes in a cloud of toxin,
CONTROLBAR:Chem_ConstructGLATunnelNetwork,1,Toxin &Network,
OBJECT:Chem_TunnelNetwork,1,Toxin Network,
CONTROLBAR:Chem_ToolTipGLABuildTunnelNetwork,1,Base defense and underground tunnel. Fires a stream of toxin. Units can enter the Tunnel Network and exit at any other Tunnel Network,
CONTROLBAR:UpgradeStealthComanche,1,&Stealth Upgrade,
CONTROLBAR:ToolTipAirFUpgradeComancheStealth,1,Comanches become stealth,
OBJECT:Entrance,1,Entrance,
CONTROLBAR:Boss_TooltipChinaUpgradeNationalism,1,+25% to Horde bonus for Tank Hunter,
CONTROLBAR:Lazr_ToolTipUSABuildPowerPlant,1,"Provides power for USA bases 
 
 Power Supplied: 8",
GUI:DoubleClickAttackMove,1,Double Click Guard,
TOOLTIP:DoubleClickAttackMove,1,Player units will move and then guard their destination area when action button is double clicked,
DIALOGEVENT:01_AllCheerSoundSubtitle,1,<Cheering>,
CONTROLBAR:Lazr_ToolTipUSABuildPatriotBattery,1,"Ground and air defense. Can relay position of enemy to nearby Turrets 
 
 Power Required: 5",
CONTROLBAR:Lazr_ConstructAmericaPatriotBattery,1,Laser Defense &Turret,
CONTROLBAR:Lazr_ConstructAmericaTankCrusader,1,Laser &Tank,
OBJECT:Lazr_Tank,1,Laser Tank,
CONTROLBAR:Lazr_ToolTipUSABuildCrusader,1,"Strong vs. vehicles, buildings 
 Weak vs. aircraft, missile armed infantry",
CONTROLBAR:ToolTipChinaBuildEmperor,1,"Strong vs. vehicles, buildings 
 Weak vs. rockets, aircraft",
CONTROLBAR:AirF_ToolTipUSAScienceSpectreGunship,1,"Spectre Gunships circle the battlefield and pummel enemy forces with Howitzers and Gattling Cannons 
 
Level 1: 10 seconds 
 Level 2: 15 seconds 
 Level 3: 30 seconds 
 
 Deploy from: Command Center",
OBJECT:ValveStation,1,Valve Station,
HELP:Hijacker-01,1,"HINT: 
 Move a Hijacker into an enemy vehicle to steal it",
MAP:MD-USA04_Hint08,1,"HINT: 
 Build Fire Bases to help protect your base",
MAP:MD-USA04_Hint09,1,"INCOMING TRANSMISSION: 
 CIA Operative found",
MAP:MD-USA04_Hint10,1,"HINT: 
 Build defenses in the oil field to protect wells",
MAP:MD-USA04_Hint11,1,"INCOMING TRANSMISSION: 
 The GLA Radio Station has been destroyed",
MAP:MD-USA06Warning17,1,"WARNING: 
 Dr. Thrax has been known to use a Sneak Attack 
 Tunnel Network to surprise enemies",
MD_GLA05-MilitaryBriefing:String_1,1,"
 The attack on the Chinese base begins now 
 Their base will soon be ours",
MAP:MD_CHI03-Title-01,1,"Coburg, Germany 
 'Liberation'",
MAP:MD_CHI03-Info-MissionObjective-01,1,"MISSION OBJECTIVE: 
 Destroy the GLA statues to liberate the city 
 Our International Opinion will fall until we succeed",
MAP:MD_CHI03-Info-MissionObjective-02,1,"INCOMING TRANSMISSION: 
 If our International Opinion reaches 0, we will be defeated",
MAP:MD_CHI03-Info-MissionObjective-03,1,"INCOMING TRANSMISSION: 
 Destroy GLA statues to increase our International Opinion",
MAP:MD_CHI03-Info-MissionObjective-10,1,"INCOMING TRANSMISSION: 
 We have liberated the city 
 Now exterminate the GLA base on the North side of the river",
MAP:MD_CHI03-Event-Built-SpeakerTower-01,1,"INCOMING TRANSMISSION: 
 This Speaker Tower increases our International Opinion",
CONTROLBAR:Tank_TooltipUpgradeChinaUraniumShells,1,+25% shot damage on Battlemaster and Emperor,
CONTROLBAR:ToolTipGLAUpgradeBuggyAmmo,1,+100% Rocket Buggy ammo,
CONTROLBAR:Chem_ToolTipGLAUpgradeAPBullets,1,+25% damage bullet firing units,
GUI:BioFeatures_USA,1,"MOAB 
 Countermeasures 
 Bunker Buster 
 Hellfire Drone 
 Spectre Gunship 
 Sentry Drone 
 Microwave Tank 
 Avenger 
 Fire Base",
GUI:BioFeatures_GLA,1,"Sneak Attack 
 GPS Scrambler 
 Saboteur 
 Booby Trap 
 Camo-Netting 
 Fake Buildings 
 Fortified Buildings 
 Combat Cycles 
 Battle Bus",
GUI:BioFeatures_China,1,"Helix 
 Listening Outpost 
 Neutron Mines 
 Frenzy 
 Internet Center 
 Carpet Bomber 
 ECM Tank 
",
GUI:BioFeatures_Pos0,1,"King Raptors 
 Combat Chinooks 
 Laser Point Defenses 
 Stealth Comanche upgrade 
 Cost reduction to aircraft 
 Spectre Gunship at a lower rank 
 Starts with Stealth Fighter 
 No tanks",
GUI:BioFeatures_Pos1,1,"Toxin Rebels 
 Toxin Networks 
 Toxin Terrorists 
 Anthrax Gamma 
 Tanks start with Toxin Shells 
 Toxins begin as Anthrax Beta",
GUI:BioFeatures_Pos2,1,"Tanks start with Uranium Shells 
 Tactical Nuke MiG 
 Isotope Stability upgrade 
 Advanced Nuclear Reactor 
 Nuke Bomber 
 Starts with Nuke Cannons",
GUI:BioFeatures_Pos3,1,"Aurora Alpha 
 EMP Patriot System 
 Advanced Rods 
 Particle Cannons cost less 
 Vehicles cost more 
 No tanks",
GUI:BioFeatures_Pos4,1,"Emperor Tank 
 Tank Drop 
 All tanks start as veterans 
 Tanks cost less 
 Aircraft cost more 
 No Nuke or Inferno Cannons",
GUI:BioFeatures_Pos5,1,"Laser Tank 
 Laser Defense Turret 
 Avengers cost less 
 Advanced Cold Fusion Reactors 
 No Tomahawk Missile Launchers",
GUI:BioFeatures_Pos6,1,"All Structures can be Camo-Netted 
 Camouflaged Rebels 
 Defenses start with Camo-Netting 
 Starts with Hijacker 
 Hijacker is always cloaked 
 Gains GPS Scrambler Sooner 
 Can GPS Scramble More Often",
GUI:BioFeatures_Pos7,1,"Assault Troop Transport 
 Assault Helix 
 Attack Outpost 
 Fortified Bunkers 
 Mini-Gunner 
 Black Lotus hacks faster 
 Hackers hack faster 
 Mini-Gunner Paradrop 
 All Infantry start as veterans",
GUI:BioFeatures_Pos8,1,"Advanced Demo Trap 
 Suicide Bomb upgrade 
 Terrorists do more damage 
 Starts with Booby Trap 
 Combat Cycles begin with Terrorist 
 No camouflaged units 
 Bomb Trucks cost less",
GUI:BioFeatures_Pos9,1,"Uses the best of the best 
 All heroes 
 All superweapons 
 Diverse generals powers 
 Units drawn from all factions 
 Advanced defenses 
",
GUI:BioFeatures_Pos10,1,unimplemented,
GUI:BioFeatures_Pos11,1,unimplemented,
DIALOGEVENT:Taunts_AirTrafficControl01Subtitle,1,***,
DIALOGEVENT:Taunts_Stealth107Subtitle,1,***,
DIALOGEVENT:Taunts_Stealth105Subtitle,1,***,
DIALOGEVENT:Taunts_Stealth106Subtitle,1,***,
GUI:GroupRoom14,1,Original Armies Only,
OBJECT:MissileSilo,1,Missile Silo,
OBJECT:ScudLauncherHiDef,1,Scud Launcher,
OBJECT:CINE_SnowyMountainParticleBones,1,.,
OBJECT:CINE_SnowyMountainScrollingSnow,1,Snow,
OBJECT:CINE_SnowyMountainStatic,1,Mountain,
OBJECT:CINE_TreeBirds,1,Birds,
TOOLTIP:NoUserMaps,1,Unofficial maps are not allowed in Record Stats games,
GUI:FireWallPort,1,Firewall Port Override:,
TOOLTIP:FireWallPort,1,Open Firewall Port Number,
CONTROLBAR:Tank_TooltipUpgradeChinaOverlordGattlingCannon,1,Build a Gattling Cannon on this Emperor,
OBJECT:Tank_Overlord,1,Emperor,
GUI:USAAllies,1,USA Allies,
GUI:USAEnemies,1,USA Enemies,
OBJECT:BigNuclearReactor,1,Nuclear Reactor,
CONTROLBAR:SabotageBuilding,1,Sabotage &Building,
CONTROLBAR:ToolTipGLASabotageBuilding,1,"Can temporarily disable enemy buildings 
 
 Strong vs. Enemy Structures 
 Weak vs. infantry, scouts",
SCIENCE:Nuke_ChinaCarpetBomb,1,Nuke Bomber,
CONTROLBAR:Demo_ConstructGLADemoTrap,1,Advanced &Demo Trap,
CONTROLBAR:Nuke_ConstructChinaPowerPlant,1,Advanced Nuclear &Reactor,
CONTROLBAR:SupW_UpgradeAmericaAdvancedControlRods,1,Advanced &Control Rods,
CONTROLBAR:Nuke_CarpetBomb,1,Nu&ke Bomber,
OBJECT:Nuke_NuclearReactor,1,Advanced Nuclear Reactor,
OBJECT:Demo_DemoTrap,1,Advanced Demo Trap,
CONTROLBAR:Nuke_ToolTipChinaBuildPowerPlant,1,"Advanced Nuclear Reactor. Can be overloaded to provide more power 
 
 Power Supplied: 18",
CONTROLBAR:Nuke_ToolTipChinaScienceCarpetBomb,1,"Allows you to call in a heavy bomber to carpet bomb an area with tactical nukes 
 
 Deploy from: Command Center",
CONTROLBAR:Nuke_TooltipCarpetBomb,1,"Nuke a target area 
 
 Countdown Timer: 3:00",
GUI:FastForwardInstructions,1,Press F to toggle Fast Forward,
GUI:FF_ON,1,Fast Forward is on,
GUI:FF_OFF,1,Fast Forward is off,
CONTROLBAR:LeafletDropShort,1,Leaflet Drop,
CONTROLBAR:SneakAttackShort,1,Sneak Attack,
CONTROLBAR:TankParadropShort,1,Tank Drop,
OBJECT:Nuke_CarpetBomb,1,Nuke Bomber,
CONTROLBAR:Slth_ConstructGLAInfantryRebel,1,Stealth Re&bel,
GUI:AdjustGameSpeed,1,Adjust Game Speed,
GUI:SkirmishLower,1,Skirmish,
GUI:Refresh,1,Refresh,
CONTROLBAR:MOAB,1,Mother Of All &Bombs,
MAP:TournamentPlains,1,Tournament Plains,
MAP:DarkNight,1,Dark Night,
MAP:TournamentUrban,1,Tournament Urban,
MAP:TwoRoads,1,Two Roads,
CONTROLBAR:Chem_TooltipFireRebelAmbush,1,"Creates toxin rebels 
 
 Countdown Timer: 4:00",
CONTROLBAR:AirF_ToolTipUSABuildAurora,1,"Super-sonic attack makes Aurora immune to enemy fire. After super-sonic attack, Aurora speed is reduced to 50% 
 
 Strong vs. buildings 
 Weak vs. fighters, anti-air units",
CONTROLBAR:Chem_ToolTipGLAScienceRebelAmbush,1,"Allows you to create a surprise ambush of Toxin Rebels anywhere 
 
 Rank 1: 4 Toxin Rebels 
 Rank 2: 8 Toxin Rebels 
 Rank 3: 16 Toxin Rebels 
 
 Deploy from: Command Center",
CREDITS:PackagingProjectManager,1,Packaging Project Manager,
CREDITS:PackagingDesign,1,Packaging Design,
CREDITS:DocumentationLayout,1,Documentation Layout,
CREDITS:DocumentationEditor,1,Documentation Editor,
CREDITS:Writer,1,Writer,
CREDITS:Studio,1,Studio,
CREDITS:ChineseLanguageTester,1,Chinese Language Tester,
CREDITS:Marketing,1,Marketing,
CREDITS:QuotedTraducoes,1,Quoted Traduções,
CREDITS:ClementDuval,1,Clément Duval,
CREDITS:JoseLuisRovira,1,José Luis Rovira,
CREDITS:ExecutiveProducer,1,Executive Producer,
CREDITS:TechnicalDirection,1,Technical Direction,
CREDITS:LeadArtists,1,Lead Artists,
CREDITS:QualityAssurance,1,Quality Assurance,
CREDITS:TestAnalysts,1,Test Analysts,
CREDITS:TiburonAdditionalQualityAssurance,1,Tiburon Additional Quality Assurance,
CREDITS:LocalizationBrazil,1,Localization Brazil,
CREDITS:TranslationServices,1,Translation Services,
CREDITS:TranslationCoordinator,1,Translation Coordinator,
CREDITS:LTCoordinator,1,LT Coordinator,
CREDITS:RecordingStudio,1,Recording Studio,
CREDITS:EAWorldwideDevelopmentExecutives,1,EA Worldwide Development Executives,
CREDITS:SpecialThanks,1,Special Thanks,
CREDITS:EAPacificDevTeam3,1,Development Team,
CREDITS:NACustomerQualityControl,1,NA Customer Quality Control,
CONTROLBAR:SupW_TooltipUSAUpgradeAdvancedControlRods,1,Reactor provides 300% more power,
CONTROLBAR:AirF_ToolTipUSABuildStealthFighter,1,"Stealthed while moving 
 Equipped with a Point Defense Laser 
 
 Strong vs. enemy base defenses 
 Weak vs. enemy fighters",
GUI:RetaliationTitle,1,Retaliation,
GUI:Retaliation,1,Toggle this button off to disable your units from retaliating against attacking enemies automatically,
CREDITS:LocalizationChinese,1,Localization Chinese,
MAP:Breakdown,1,Breakdown,
MAP:BulletMassacre,1,Bullet Massacre,
MAP:CarnageCityLimits,1,Carnage City Limits,
MAP:Cityscape,1,Cityscape,
MAP:CivilUnrest,1,Civil Unrest,
MAP:CottageCheese,1,Cottage Cheese,
MAP:DeathValley,1,Death Valley,
MAP:DogsOfWar,1,Dogs of War,
MAP:DoorToDoor,1,Door to Door,
MAP:FarmersFrenzy,1,Farmers Frenzy,
MAP:Firestorm,1,Firestorm,
MAP:FlakAttack,1,Flak Attack,
MAP:FlankTown,1,Flank Town,
MAP:Flashbang,1,Flash Bang,
MAP:FoxHunt,1,Fox Hunt,
MAP:GhostTown,1,Ghost Town,
MAP:HighRoad,1,High Road,
MAP:HighlandHunt,1,Highland Hunt,
MAP:HostileDawn,1,Hostile Dawn,
MAP:IslandInTheZone,1,Island in the Zone,
MAP:JungleRebellion,1,Jungle Rebellion,
MAP:LARiot,1,L.A. Riot,
MAP:Liberation,1,Liberation,
MAP:LongNight,1,Long Night,
MAP:ManicAggression,1,Manic Aggression,
MAP:Marshland,1,Marshland,
MAP:Mirage,1,Mirage,
MAP:PanicDemise,1,Panic Demise,
MAP:PowerPlay,1,Power Play,
MAP:RedRock,1,Red Rock,
MAP:RubbleTown,1,Rubble Town,
MAP:SeasideMutiny,1,Seaside Mutiny,
MAP:ShellShocker,1,Shell Shocker,
MAP:Shellshock,1,Shellshock,
MAP:ShockAndAwe,1,Shock and Awe,
MAP:Shockwave,1,Shockwave,
MAP:SniperDuel,1,Sniper Duel,
MAP:TheFrontline,1,The Frontline,
MAP:TournamentBeach,1,Tournament Beach,
MAP:TournamentCanyon,1,Tournament canyon,
MAP:TournamentDesolate,1,Tournament Desolate,
MAP:TournamentForest,1,Tournament Forest,
MAP:TournamentIceStorm,1,Tournament Ice Storm,
MAP:TournamentTactics,1,Tournament Tactics,
MAP:TournamentTown,1,Tournament Town,
MAP:TournamentValley,1,Tournament Valley,
MAP:UnholyWar,1,Unholy War,
MAP:Unstable,1,Unstable,
MAP:UrbanUprising,1,Urban Uprising,
MAP:VictoryOutlook,1,Victory Outlook,
MAP:VictoryRoad,1,Victory Road,
MAP:NorthAmerica,1,North America,
MAP:Floodplains,1,Floodplains,
MAP:TournamentA,1,Tournament A,
MAP:TournamentB,1,Tournament B,
MAP:Defcon6,1,Defcon 6,
CONTROLBAR:AirF_TooltipUSAUpgradeLaserMissiles,1,Raptor and Stealth Fighter missiles do +12% more damage,
CONTROLBAR:AirF_ToolTipUSAScienceCarpetBomb,1,"Allows you to call in a B2 Stealth Bomber to carpet bomb an area 
 
 Deploy from: Strategy Center",
